paper_number,gen_info,env_info,good,no_of_designs,cs1,cs1_mw,cs_conc1,CS_C1,CS_H1,CS_O1,cs2,cs2_mw,cs_conc2,CS_C2,CS_H2,CS_O2,cs3,cs3_mw,cs_conc3,CS_C3,CS_H3,CS_O3,reactor_type,rxt_volume,media,temp,oxygen,strain_background,strain_background_genotype,strain_background_genotype_modification,genes_modified,gene_deletion,gene_overexpression,heterologous_gene,replication_origin,codon_optimization,sensor_regulator,enzyme_redesign_evolution,protein_scaffold,dir_evo,Mod_path_opt,product_name,no_C,no_H,no_O,no_N,mw,precursor,enzyme_steps,atp_cost,nadh_nadph_cost,yield,yield_o,yield2,titer,rate,fermentation_time,bio_titre,bio_growth_rate
1,1,1,1,1,9,92.09,2714.7355847540448,3,8,3,0,0,0,0,0,0,0,0,0,0,0,0,3,6,LB,30,1,BL21  (DE3) (-fadD),"ompT, gal, dcm, lon, hsdSb, lacI, T7 RNApolymerase, malB, fadD","0,0,0,0,0,1,1,1,0","accB, accC, accD, accA, tesA","0,0,0,0,0","1,1,1,1,1","0,0,0,0,1","0,0,0,0,1","0,0,0,0,0","0,0,0,0,0","0,0,0,0,0","0,0,0,0,0",0,0,fatty acid,14,28,3,0,244,acetyl-CoA,7,7,14,0.06,,0.04,0.93600000000000005,0.1875,NA,NA,NA
2,0,1,1,1,1,180.16,83.259325044404974,6,12,6,0,0,0,0,0,0,0,0,0,0,0,0,1,0.05,LB,30,1,ML103 (-fadD),"ilvG, rfb, rph, fadD","0,0,0,0",NA,NA,NA,NA,NA,NA,NA,NA,NA,NA,NA,fatty acid,12,24,2,0,200,acetyl-CoA,7,5,10,1.2010666666666666E-2,,NA,1,4.1666666666666664E-2,24,NA,NA
2,1,1,1,2,1,180.16,83.259325044404974,6,12,6,0,0,0,0,0,0,0,0,0,0,0,0,1,0.05,LB,30,1,ML103 (-fadD),"ilvG, rfb, rph, fadD","0,0,0,0","prpE, tesAuc","0,0","1,1","1,1","1,4","0,0","0,0 ","0,0 ","0,0 ",0,0,fatty acid,12,24,2,0,200,acetyl-CoA,7,5,10,1.6334506666666668E-2,,NA,1.36,2.8333333333333335E-2,48,NA,NA
2,1,1,1,3,1,180.16,83.259325044404974,6,12,6,0,0,0,0,0,0,0,0,0,0,0,0,1,0.05,LB,30,1,ML103 (-fadD),"ilvG, rfb, rph, fadD","0,0,0,0","prpE, tesAuc","0,0","1,1","1,1","1,4","0,0","0,0 ","0,0 ","0,0 ",0,0,fatty acid,12,24,2,0,200,acetyl-CoA,7,5,10,1.6947050666666668E-2,,NA,1.411,2.9395833333333333E-2,48,NA,NA
2,1,1,1,4,1,180.16,83.259325044404974,6,12,6,0,0,0,0,0,0,0,0,0,0,0,0,1,0.05,LB,30,1,ML103 (-fadD),"ilvG, rfb, rph, fadD","0,0,0,0","prpE, tesArc","0,0","1,1","1,1","1,4","0,1","0,0","0,0","0,0",0,0,fatty acid,16,32,2,0,256,acetyl-CoA,7,7,14,1.9817599999999998E-2,,NA,1.65,6.8749999999999992E-2,24,NA,NA
2,1,1,1,5,1,180.16,83.259325044404974,6,12,6,0,0,0,0,0,0,0,0,0,0,0,0,1,0.05,LB,30,1,ML103 (-fadD),"ilvG, rfb, rph, fadD","0,0,0,0","prpE, tesArc","0,0","1,1","1,1","1,4","0,1","0,0","0,0","0,0",0,0,fatty acid,14,28,2,0,228,acetyl-CoA,7,6,12,2.4141439999999997E-2,,NA,2.0099999999999998,4.1874999999999996E-2,48,NA,NA
2,1,1,1,6,1,180.16,83.259325044404974,6,12,6,0,0,0,0,0,0,0,0,0,0,0,0,1,0.05,LB,30,1,ML103 (-fadD),"ilvG, rfb, rph, fadD","0,0,0,0","prpE, tesArc","0,0","1,1","1,1","1,4","0,1","0,0","0,0","0,0",0,0,fatty acid,14,28,2,0,228,acetyl-CoA,7,6,12,2.3901226666666667E-2,,NA,1.99,4.1458333333333333E-2,48,NA,NA
2,1,1,1,7,1,180.16,83.259325044404974,6,12,6,0,0,0,0,0,0,0,0,0,0,0,0,1,0.05,LB,30,1,ML103 (-fadD),"ilvG, rfb, rph, fadD","0,0,0,0","prpE, tesAuc","0,0","1,1","1,1","1,4","0,0","0,0 ","0,0 ","0,0 ",0,0,fatty acid,12,24,2,0,200,acetyl-CoA,7,5,10,0.10044326241134753,,NA,0.99,4.1250000000000002E-2,24,NA,NA
2,1,1,1,8,1,180.16,83.259325044404974,6,12,6,0,0,0,0,0,0,0,0,0,0,0,0,1,0.05,LB,30,1,ML103 (-fadD),"ilvG, rfb, rph, fadD","0,0,0,0","prpE, tesAuc","0,0","1,1","1,1","1,4","0,0","0,0 ","0,0 ","0,0 ",0,0,fatty acid,12,24,2,0,200,acetyl-CoA,7,5,10,0.10366344605475038,,NA,1,4.1666666666666664E-2,24,NA,NA
2,1,1,1,9,1,180.16,83.259325044404974,6,12,6,0,0,0,0,0,0,0,0,0,0,0,0,1,0.05,LB,30,1,ML103 (-fadD),"ilvG, rfb, rph, fadD","0,0,0,0","prpE, tesAuc","0,0","1,1","1,1","1,4","0,0","0,0 ","0,0 ","0,0 ",0,0,fatty acid,12,24,2,0,200,acetyl-CoA,7,5,10,0.10742869306087698,,NA,0.98,4.0833333333333333E-2,24,NA,NA
2,1,1,1,10,1,180.16,83.259325044404974,6,12,6,0,0,0,0,0,0,0,0,0,0,0,0,1,0.05,LB,30,1,ML103 (-fadD),"ilvG, rfb, rph, fadD","0,0,0,0","prpE, tesAuc","0,0","1,1","1,1","1,4","0,0","0,0 ","0,0 ","0,0 ",0,0,fatty acid,12,24,2,0,200,acetyl-CoA,7,5,10,7.86019536019536E-2,,NA,0.75,3.125E-2,24,NA,NA
2,1,1,1,11,1,180.16,83.259325044404974,6,12,6,0,0,0,0,0,0,0,0,0,0,0,0,1,0.05,LB,30,1,ML103 (-fadD),"ilvG, rfb, rph, fadD","0,0,0,0","prpE, tesAuc","0,0","1,1","1,1","1,4","0,0","0,0 ","0,0 ","0,0 ",0,0,fatty acid,12,24,2,0,200,acetyl-CoA,7,5,10,8.3312047679863777E-2,,NA,0.76,3.1666666666666669E-2,24,NA,NA
2,1,1,1,12,1,180.16,83.259325044404974,6,12,6,0,0,0,0,0,0,0,0,0,0,0,0,1,0.05,LB,30,1,ML103 (-fadD),"ilvG, rfb, rph, fadD","0,0,0,0","prpE, tesAuc","0,0","1,1","1,1","1,4","0,0","0,0 ","0,0 ","0,0 ",0,0,fatty acid,12,24,2,0,200,acetyl-CoA,7,5,10,7.6296296296296293E-2,,NA,0.6,2.4999999999999998E-2,24,NA,NA
2,1,1,1,13,1,180.16,83.259325044404974,6,12,6,0,0,0,0,0,0,0,0,0,0,0,0,1,0.05,LB,30,1,ML103 (-fadD),"ilvG, rfb, rph, fadD","0,0,0,0","prpE, tesArc","0,0","1,1","1,1","1,4","0,1","0,0","0,0","0,0",0,0,fatty acid,14,28,2,0,228,acetyl-CoA,7,6,12,0.16768416768416769,,NA,1.6,6.6666666666666666E-2,24,NA,NA
2,1,1,1,14,1,180.16,83.259325044404974,6,12,6,0,0,0,0,0,0,0,0,0,0,0,0,1,0.05,LB,30,1,ML103 (-fadD),"ilvG, rfb, rph, fadD","0,0,0,0","prpE, tesArc","0,0","1,1","1,1","1,4","0,1","0,0","0,0","0,0",0,0,fatty acid,14,28,2,0,228,acetyl-CoA,7,6,12,0.15895061728395063,,NA,1.5,6.25E-2,24,NA,NA
2,1,1,1,15,1,180.16,83.259325044404974,6,12,6,0,0,0,0,0,0,0,0,0,0,0,0,1,0.05,LB,30,1,ML103 (-fadD),"ilvG, rfb, rph, fadD","0,0,0,0","prpE, tesArc","0,0","1,1","1,1","1,4","0,1","0,0","0,0","0,0",0,0,fatty acid,14,28,2,0,228,acetyl-CoA,7,6,12,0.166343669250646,,NA,1.5,6.25E-2,24,NA,NA
2,1,1,1,16,1,180.16,83.259325044404974,6,12,6,0,0,0,0,0,0,0,0,0,0,0,0,1,0.05,LB,30,1,ML103 (-fadD),"ilvG, rfb, rph, fadD","0,0,0,0","prpE, tesArc","0,0","1,1","1,1","1,4","0,1","0,0","0,0","0,0",0,0,fatty acid,14,28,2,0,228,acetyl-CoA,7,6,12,0.161014911014911,,NA,1.3,5.4166666666666669E-2,24,NA,NA
2,1,1,1,17,1,180.16,83.259325044404974,6,12,6,0,0,0,0,0,0,0,0,0,0,0,0,1,0.05,LB,30,1,ML103 (-fadD),"ilvG, rfb, rph, fadD","0,0,0,0","prpE, tesArc","0,0","1,1","1,1","1,4","0,1","0,0","0,0","0,0",0,0,fatty acid,14,28,2,0,228,acetyl-CoA,7,6,12,0.14807504873294344,,NA,1.18,4.9166666666666664E-2,24,NA,NA
2,1,1,1,18,1,180.16,83.259325044404974,6,12,6,0,0,0,0,0,0,0,0,0,0,0,0,1,0.05,LB,30,1,ML103 (-fadD),"ilvG, rfb, rph, fadD","0,0,0,0","prpE, tesArc","0,0","1,1","1,1","1,4","0,1","0,0","0,0","0,0",0,0,fatty acid,14,28,2,0,228,acetyl-CoA,7,6,12,0.166175645342312,,NA,1.1499999999999999,4.7916666666666663E-2,24,NA,NA
3,1,1,1,1,9,92.09,162.88413508524269,3,8,3,0,0,0,0,0,0,0,0,0,0,0,0,1,NA,LB,30,1,ML103  ,"ilvG, rfb, rph, fadD","0,0,0,0",tesArc,0,1,1,4,1,0,0,0,0,0,fatty acid,14,28,2,0,228,acetyl-CoA,7,6,12,0.16229712858926343,,NA,2.6,3.6111111111111115E-2,72,NA,NA
3,1,1,1,2,9,92.09,162.88413508524269,3,8,3,0,0,0,0,0,0,0,0,0,0,0,0,1,NA,LB,30,1,ML103,"ilvG, rfb, rph, fadD","0,0,0,0","tesArc, fabZ","0,0","1,1","1,0","4,4","1,0","0,0","0,0","0,0",0,0,fatty acid,16,32,2,0,256,acetyl-CoA,7,7,14,0.17609254498714655,,NA,2.74,3.8055555555555558E-2,72,NA,NA
3,1,1,1,3,9,92.09,162.88413508524269,3,8,3,0,0,0,0,0,0,0,0,0,0,0,0,1,NA,LB,30,1,ML163,"ilvG, rfb, rph, fadD, sucC","0,0,0,0,0","tesArc, fabZ","0,0","1,1","1,0","4,4","1,0","0,0","0,0","0,0",0,0,fatty acid,16,32,2,0,256,acetyl-CoA,7,7,14,0.13364779874213836,,NA,0.85,1.1805555555555555E-2,72,NA,NA
3,1,1,1,4,9,92.09,162.88413508524269,3,8,3,0,0,0,0,0,0,0,0,0,0,0,0,1,NA,LB,30,1,ML190,"ilvG, rfb, rph, fadD, ptsG","0,0,0,0,0","tesArc, fabZ","0,0","1,1","1,0","4,4","1,0","0,0","0,0","0,0",0,0,fatty acid,14,28,2,0,228,acetyl-CoA,7,6,12,0.17227378190255224,,NA,2.97,4.1250000000000002E-2,72,NA,NA
3,1,1,1,5,9,92.09,162.88413508524269,3,8,3,0,0,0,0,0,0,0,0,0,0,0,0,1,NA,LB,30,1,MLK211,"ilvG, rfb, rph, fadD, fabR","0,0,0,0,0","tesArc, fabZ","0,0","1,1","1,0","4,4","1,0","0,0","0,0","0,0",0,0,fatty acid,16,32,2,0,256,acetyl-CoA,7,7,14,0.19272495213784302,,NA,3.02,4.1944444444444444E-2,72,NA,NA
3,1,1,1,6,9,92.09,162.88413508524269,3,8,3,0,0,0,0,0,0,0,0,0,0,0,0,1,NA,LB,30,1,MLK212,"ilvG, rfb, rph, fadD, sucC, fabR","0,0,0,0,0,0","tesArc, fabZ","0,0","1,1","1,0","4,4","1,0","0,0","0,0","0,0",0,0,fatty acid,16,32,2,0,256,acetyl-CoA,7,7,14,0.15842839036755388,,NA,1.25,1.7361111111111112E-2,72,NA,NA
3,1,1,1,7,9,92.09,162.88413508524269,3,8,3,0,0,0,0,0,0,0,0,0,0,0,0,1,NA,LB,30,1,MLK221,"ilvG, rfb, rph, fadD, ptsG, fabR","0,0,0,0,0,0","tesArc, fabZ","0,0","1,1","1,0","4,4","1,0","0,0","0,0","0,0",0,0,fatty acid,16,32,2,0,256,acetyl-CoA,7,7,14,0.18181818181818182,,NA,3.1,4.3055555555555555E-2,72,NA,NA
3,1,1,1,8,9,92.09,162.88413508524269,3,8,3,0,0,0,0,0,0,0,0,0,0,0,0,1,NA,LB,30,1,ML103,"ilvG, rfb, rph, fadD","0,0,0,0","tesArc, fabZ","0,0","1,1","1,0","4,4","1,0","0,0","0,0","0,0",0,0,fatty acid,16,32,2,0,256,acetyl-CoA,7,7,14,0.18564845292955892,,NA,2.82,3.9166666666666662E-2,72,NA,NA
3,1,1,1,9,9,92.09,162.88413508524269,3,8,3,0,0,0,0,0,0,0,0,0,0,0,0,1,NA,LB,30,1,MLK211,"ilvG, rfb, rph, fadD, fabR","0,0,0,0,0","tesArc, fabZ","0,0","1,1","1,0","4,4","1,0","0,0","0,0","0,0",0,0,fatty acid,16,32,2,0,256,acetyl-CoA,7,7,14,0.2406716417910448,,NA,3.87,5.3749999999999999E-2,72,NA,NA
3,1,1,1,10,9,92.09,162.88413508524269,3,8,3,0,0,0,0,0,0,0,0,0,0,0,0,1,NA,LB,30,1,MLK211,"ilvG, rfb, rph, fadD, fabR","0,0,0,0,0","tesArc, fabZ, nadK","0,0,0 ","1,1,1","1,0,0","4,4,1","1,0,0","0,0,0 ","0,0,0 ","0,0,0 ",0,0,fatty acid,16,32,2,0,256,acetyl-CoA,7,7,14,0.27784653465346537,,NA,4.49,6.2361111111111117E-2,72,NA,NA
3,1,1,1,11,9,92.09,162.88413508524269,3,8,3,0,0,0,0,0,0,0,0,0,0,0,0,1,NA,LB,30,1,MLK211,"ilvG, rfb, rph, fadD, fabR","0,0,0,0,0","tesArc, fabZ, udhA","0,0,0","1,1,1","1,0,0","4,4,1","1,0,0","0,0,0 ","0,0,0 ","0,0,0 ",0,0,fatty acid,16,32,2,0,256,acetyl-CoA,7,7,14,0.26305970149253738,,NA,4.2300000000000004,5.8750000000000004E-2,72,NA,NA
3,1,1,1,12,9,92.09,162.88413508524269,3,8,3,0,0,0,0,0,0,0,0,0,0,0,0,1,NA,LB,30,1,MLK211,"ilvG, rfb, rph, fadD, fabR","0,0,0,0,0","tesArc, fabZ, pntAB","0,0,0","1,1,1","1,0,0","4,4,1","1,0,0","0,0,0 ","0,0,0 ","0,0,0 ",0,0,fatty acid,16,32,2,0,256,acetyl-CoA,7,7,14,0.25380401704199634,,NA,4.17,5.7916666666666665E-2,72,NA,NA
3,1,1,1,13,9,92.09,162.88413508524269,3,8,3,0,0,0,0,0,0,0,0,0,0,0,0,1,NA,LB,30,1,MLK211,"ilvG, rfb, rph, fadD, fabR","0,0,0,0,0","tesArc, fabZ, nadK, udhA","0,0,0,0","1,1,1,1","1,0,0,0","4,4,1,1","1,0,0,0","0,0,0,0","0,0,0,0","0,0,0,0",0,0,fatty acid,16,32,2,0,256,acetyl-CoA,7,7,14,0.27588306942752738,,NA,4.53,6.2916666666666676E-2,72,NA,NA
3,1,1,1,14,9,92.09,162.88413508524269,3,8,3,0,0,0,0,0,0,0,0,0,0,0,0,1,NA,LB,30,1,MLK211,"ilvG, rfb, rph, fadD, fabR","0,0,0,0,0","tesArc, fabZ, nadK, pntAB","0,0,0,0","1,1,1,1","1,0,0,0","4,4,1,1","1,0,0,0","0,0,0,0","0,0,0,0","0,0,0,0",0,0,fatty acid,16,32,2,0,256,acetyl-CoA,7,7,14,0.29570552147239265,,NA,4.82,6.6944444444444445E-2,72,NA,NA
3,1,1,1,15,9,92.09,162.88413508524269,3,8,3,0,0,0,0,0,0,0,0,0,0,0,0,1,NA,LB,30,1,ML103  ,"ilvG, rfb, rph, fadD","0,0,0,0",tesArc,0,1,1,4,1,0,0,0,0,0,fatty acid,14,28,2,0,228,acetyl-CoA,7,6,12,0.15355805243445694,,NA,2.46,5.1249999999999997E-2,48,NA,NA
3,1,1,1,16,9,92.09,162.88413508524269,3,8,3,0,0,0,0,0,0,0,0,0,0,0,0,1,NA,LB,30,1,ML103,"ilvG, rfb, rph, fadD","0,0,0,0","tesArc, fabZ","0,0","1,1","1,0","4,4","1,0","0,0","0,0","0,0",0,0,fatty acid,16,32,2,0,256,acetyl-CoA,7,7,14,0.1979414093428345,,NA,2.5,5.2083333333333336E-2,48,NA,NA
3,1,1,1,17,9,92.09,162.88413508524269,3,8,3,0,0,0,0,0,0,0,0,0,0,0,0,1,NA,LB,30,1,ML163,"ilvG, rfb, rph, fadD, sucC","0,0,0,0,0","tesArc, fabZ","0,0","1,1","1,0","4,4","1,0","0,0","0,0","0,0",0,0,fatty acid,16,32,2,0,256,acetyl-CoA,7,7,14,0.15296052631578949,,NA,0.93,1.9375E-2,48,NA,NA
3,1,1,1,18,9,92.09,162.88413508524269,3,8,3,0,0,0,0,0,0,0,0,0,0,0,0,1,NA,LB,30,1,ML190,"ilvG, rfb, rph, fadD, ptsG","0,0,0,0,0","tesArc, fabZ","0,0","1,1","1,0","4,4","1,0","0,0","0,0","0,0",0,0,fatty acid,14,28,2,0,228,acetyl-CoA,7,6,12,0.18335901386748843,,NA,2.38,4.9583333333333333E-2,48,NA,NA
3,1,1,1,19,9,92.09,162.88413508524269,3,8,3,0,0,0,0,0,0,0,0,0,0,0,0,1,NA,LB,30,1,MLK211,"ilvG, rfb, rph, fadD, fabR","0,0,0,0,0","tesArc, fabZ","0,0","1,1","1,0","4,4","1,0","0,0","0,0","0,0",0,0,fatty acid,16,32,2,0,256,acetyl-CoA,7,7,14,0.20569105691056908,,NA,2.5299999999999998,5.2708333333333329E-2,48,NA,NA
3,1,1,1,20,9,92.09,162.88413508524269,3,8,3,0,0,0,0,0,0,0,0,0,0,0,0,1,NA,LB,30,1,MLK212,"ilvG, rfb, rph, fadD, sucC, fabR","0,0,0,0,0,0","tesArc, fabZ","0,0","1,1","1,0","4,4","1,0","0,0","0,0","0,0",0,0,fatty acid,16,32,2,0,256,acetyl-CoA,7,7,14,0.18356164383561646,,NA,1.34,2.7916666666666669E-2,48,NA,NA
3,1,1,1,21,9,92.09,162.88413508524269,3,8,3,0,0,0,0,0,0,0,0,0,0,0,0,1,NA,LB,30,1,MLK221,"ilvG, rfb, rph, fadD, ptsG, fabR","0,0,0,0,0,0","tesArc, fabZ","0,0","1,1","1,0","4,4","1,0","0,0","0,0","0,0",0,0,fatty acid,16,32,2,0,256,acetyl-CoA,7,7,14,0.18969380134428679,,NA,2.54,5.2916666666666667E-2,48,NA,NA
3,1,1,1,22,9,92.09,162.88413508524269,3,8,3,0,0,0,0,0,0,0,0,0,0,0,0,1,NA,LB,30,1,ML103,"ilvG, rfb, rph, fadD","0,0,0,0","tesArc, fabZ","0,0","1,1","1,0","4,4","1,0","0,0","0,0","0,0",0,0,fatty acid,16,32,2,0,256,acetyl-CoA,7,7,14,0.18585441404233352,,NA,1.9384615384615385,4.0384615384615387E-2,48,NA,NA
3,1,1,1,23,9,92.09,162.88413508524269,3,8,3,0,0,0,0,0,0,0,0,0,0,0,0,1,NA,LB,30,1,MLK211,"ilvG, rfb, rph, fadD, fabR","0,0,0,0,0","tesArc, fabZ","0,0","1,1","1,0","4,4","1,0","0,0","0,0","0,0",0,0,fatty acid,16,32,2,0,256,acetyl-CoA,7,7,14,0.25098358431691764,,NA,2.8461538461538463,5.9294871794871799E-2,48,NA,NA
3,1,1,1,24,9,92.09,162.88413508524269,3,8,3,0,0,0,0,0,0,0,0,0,0,0,0,1,NA,LB,30,1,MLK211,"ilvG, rfb, rph, fadD, fabR","0,0,0,0,0","tesArc, fabZ, nadK","0,0,0 ","1,1,1","1,0,0","4,4,1","1,0,0","0,0,0 ","0,0,0 ","0,0,0 ",0,0,fatty acid,16,32,2,0,256,acetyl-CoA,7,7,14,0.28597908115980408,,NA,3.3230769230769233,6.9230769230769235E-2,48,NA,NA
3,1,1,1,25,9,92.09,162.88413508524269,3,8,3,0,0,0,0,0,0,0,0,0,0,0,0,1,NA,LB,30,1,MLK211,"ilvG, rfb, rph, fadD, fabR","0,0,0,0,0","tesArc, fabZ, udhA","0,0,0","1,1,1","1,0,0","4,4,1","1,0,0","0,0,0 ","0,0,0 ","0,0,0 ",0,0,fatty acid,16,32,2,0,256,acetyl-CoA,7,7,14,0.28134220819323402,,NA,3.1538461538461537,6.5705128205128208E-2,48,NA,NA
3,1,1,1,26,9,92.09,162.88413508524269,3,8,3,0,0,0,0,0,0,0,0,0,0,0,0,1,NA,LB,30,1,MLK211,"ilvG, rfb, rph, fadD, fabR","0,0,0,0,0","tesArc, fabZ, pntAB","0,0,0","1,1,1","1,0,0","4,4,1","1,0,0","0,0,0 ","0,0,0 ","0,0,0 ",0,0,fatty acid,16,32,2,0,256,acetyl-CoA,7,7,14,0.26827717736808648,,NA,3.2461538461538462,6.7628205128205124E-2,48,NA,NA
3,1,1,1,27,9,92.09,162.88413508524269,3,8,3,0,0,0,0,0,0,0,0,0,0,0,0,1,NA,LB,30,1,MLK211,"ilvG, rfb, rph, fadD, fabR","0,0,0,0,0","tesArc, fabZ, nadK, udhA","0,0,0,0","1,1,1,1","1,0,0,0","4,4,1,1","1,0,0,0","0,0,0,0","0,0,0,0","0,0,0,0",0,0,fatty acid,16,32,2,0,256,acetyl-CoA,7,7,14,0.27803521779425394,,NA,3.2307692307692308,6.7307692307692304E-2,48,NA,NA
3,1,1,1,28,9,92.09,162.88413508524269,3,8,3,0,0,0,0,0,0,0,0,0,0,0,0,1,NA,LB,30,1,MLK211,"ilvG, rfb, rph, fadD, fabR","0,0,0,0,0","tesArc, fabZ, nadK, pntAB","0,0,0,0","1,1,1,1","1,0,0,0","4,4,1,1","1,0,0,0","0,0,0,0","0,0,0,0","0,0,0,0",0,0,fatty acid,16,32,2,0,256,acetyl-CoA,7,7,14,0.28957528957528961,,NA,3,6.25E-2,48,NA,NA
3,1,1,1,29,9,92.09,162.88413508524269,3,8,3,0,0,0,0,0,0,0,0,0,0,0,0,1,NA,LB,30,1,ML103  ,"ilvG, rfb, rph, fadD","0,0,0,0",tesArc,0,1,1,4,1,0,0,0,0,0,fatty acid,14,28,2,0,228,acetyl-CoA,7,6,12,0.1609657947686117,,NA,1.6,6.6666666666666666E-2,24,NA,NA
3,1,1,1,30,9,92.09,162.88413508524269,3,8,3,0,0,0,0,0,0,0,0,0,0,0,0,1,NA,LB,30,1,ML103,"ilvG, rfb, rph, fadD","0,0,0,0","tesArc, fabZ","0,0","1,1","1,0","4,4","1,0","0,0","0,0","0,0",0,0,fatty acid,16,32,2,0,256,acetyl-CoA,7,7,14,0.18511263467189029,,NA,1.89,7.8750000000000001E-2,24,NA,NA
3,1,1,1,31,9,92.09,162.88413508524269,3,8,3,0,0,0,0,0,0,0,0,0,0,0,0,1,NA,LB,30,1,ML163,"ilvG, rfb, rph, fadD, sucC","0,0,0,0,0","tesArc, fabZ","0,0","1,1","1,0","4,4","1,0","0,0","0,0","0,0",0,0,fatty acid,16,32,2,0,256,acetyl-CoA,7,7,14,0.17574692442882248,,NA,1,4.1666666666666664E-2,24,NA,NA
3,1,1,1,32,9,92.09,162.88413508524269,3,8,3,0,0,0,0,0,0,0,0,0,0,0,0,1,NA,LB,30,1,ML190,"ilvG, rfb, rph, fadD, ptsG","0,0,0,0,0","tesArc, fabZ","0,0","1,1","1,0","4,4","1,0","0,0","0,0","0,0",0,0,fatty acid,14,28,2,0,228,acetyl-CoA,7,6,12,0.16100443131462336,,NA,1.0900000000000001,4.5416666666666668E-2,24,NA,NA
3,1,1,1,33,9,92.09,162.88413508524269,3,8,3,0,0,0,0,0,0,0,0,0,0,0,0,1,NA,LB,30,1,MLK211,"ilvG, rfb, rph, fadD, fabR","0,0,0,0,0","tesArc, fabZ","0,0","1,1","1,0","4,4","1,0","0,0","0,0","0,0",0,0,fatty acid,16,32,2,0,256,acetyl-CoA,7,7,14,0.17054986020503263,,NA,1.83,7.6249999999999998E-2,24,NA,NA
3,1,1,1,34,9,92.09,162.88413508524269,3,8,3,0,0,0,0,0,0,0,0,0,0,0,0,1,NA,LB,30,1,MLK212,"ilvG, rfb, rph, fadD, sucC, fabR","0,0,0,0,0,0","tesArc, fabZ","0,0","1,1","1,0","4,4","1,0","0,0","0,0","0,0",0,0,fatty acid,16,32,2,0,256,acetyl-CoA,7,7,14,0.17771084337349397,,NA,1.18,4.9166666666666664E-2,24,NA,NA
3,1,1,1,35,9,92.09,162.88413508524269,3,8,3,0,0,0,0,0,0,0,0,0,0,0,0,1,NA,LB,30,1,MLK221,"ilvG, rfb, rph, fadD, ptsG, fabR","0,0,0,0,0,0","tesArc, fabZ","0,0","1,1","1,0","4,4","1,0","0,0","0,0","0,0",0,0,fatty acid,16,32,2,0,256,acetyl-CoA,7,7,14,0.16466552315608918,,NA,1.92,0.08,24,NA,NA
3,1,1,1,36,9,92.09,162.88413508524269,3,8,3,0,0,0,0,0,0,0,0,0,0,0,0,1,NA,LB,30,1,ML103,"ilvG, rfb, rph, fadD","0,0,0,0","tesArc, fabZ","0,0","1,1","1,0","4,4","1,0","0,0","0,0","0,0",0,0,fatty acid,16,32,2,0,256,acetyl-CoA,7,7,14,0.15548281505728315,,NA,1.1692307692307693,4.8717948717948718E-2,24,NA,NA
3,1,1,1,37,9,92.09,162.88413508524269,3,8,3,0,0,0,0,0,0,0,0,0,0,0,0,1,NA,LB,30,1,MLK211,"ilvG, rfb, rph, fadD, fabR","0,0,0,0,0","tesArc, fabZ","0,0","1,1","1,0","4,4","1,0","0,0","0,0","0,0",0,0,fatty acid,16,32,2,0,256,acetyl-CoA,7,7,14,0.26445587155000522,,NA,1.9384615384615385,8.0769230769230774E-2,24,NA,NA
3,1,1,1,38,9,92.09,162.88413508524269,3,8,3,0,0,0,0,0,0,0,0,0,0,0,0,1,NA,LB,30,1,MLK211,"ilvG, rfb, rph, fadD, fabR","0,0,0,0,0","tesArc, fabZ, nadK","0,0,0 ","1,1,1","1,0,0","4,4,1","1,0,0","0,0,0 ","0,0,0 ","0,0,0 ",0,0,fatty acid,16,32,2,0,256,acetyl-CoA,7,7,14,0.31970548343344307,,NA,2.5384615384615383,0.10576923076923077,24,NA,NA
3,1,1,1,39,9,92.09,162.88413508524269,3,8,3,0,0,0,0,0,0,0,0,0,0,0,0,1,NA,LB,30,1,MLK211,"ilvG, rfb, rph, fadD, fabR","0,0,0,0,0","tesArc, fabZ, udhA","0,0,0","1,1,1","1,0,0","4,4,1","1,0,0","0,0,0 ","0,0,0 ","0,0,0 ",0,0,fatty acid,16,32,2,0,256,acetyl-CoA,7,7,14,0.28597285067873307,,NA,2.430769230769231,0.1012820512820513,24,NA,NA
3,1,1,1,40,9,92.09,162.88413508524269,3,8,3,0,0,0,0,0,0,0,0,0,0,0,0,1,NA,LB,30,1,MLK211,"ilvG, rfb, rph, fadD, fabR","0,0,0,0,0","tesArc, fabZ, pntAB","0,0,0","1,1,1","1,0,0","4,4,1","1,0,0","0,0,0 ","0,0,0 ","0,0,0 ",0,0,fatty acid,16,32,2,0,256,acetyl-CoA,7,7,14,0.27334851936218679,,NA,2.4,9.9999999999999992E-2,24,NA,NA
3,1,1,1,41,9,92.09,162.88413508524269,3,8,3,0,0,0,0,0,0,0,0,0,0,0,0,1,NA,LB,30,1,MLK211,"ilvG, rfb, rph, fadD, fabR","0,0,0,0,0","tesArc, fabZ, nadK, udhA","0,0,0,0","1,1,1,1","1,0,0,0","4,4,1,1","1,0,0,0","0,0,0,0","0,0,0,0","0,0,0,0",0,0,fatty acid,16,32,2,0,256,acetyl-CoA,7,7,14,0.29035184998487751,,NA,2.2153846153846155,9.2307692307692313E-2,24,NA,NA
3,1,1,1,42,9,92.09,162.88413508524269,3,8,3,0,0,0,0,0,0,0,0,0,0,0,0,1,NA,LB,30,1,MLK211,"ilvG, rfb, rph, fadD, fabR","0,0,0,0,0","tesArc, fabZ, nadK, pntAB","0,0,0,0","1,1,1,1","1,0,0,0","4,4,1,1","1,0,0,0","0,0,0,0","0,0,0,0","0,0,0,0",0,0,fatty acid,16,32,2,0,256,acetyl-CoA,7,7,14,0.27827469687934803,,NA,2.1538461538461537,8.9743589743589744E-2,24,NA,NA
4,1,1,1,1,9,92.09,2171.788467803236,3,8,3,0,0,0,0,0,0,0,0,0,0,0,0,3,2.5,M9,30,1,RL101 (BL21 -fadE higher FA-OH tolerance),"ompT, gal, dcm, lon, hsdSb, lacI, fadE, malB","0,0,0,0,0,0,0,0","accB, accC, accD, accA, far","0,0,0,0","1,1,1,1","0,0,0,0,1","0,0,0,0,4","0,0,0,0,1","0,0,0,0,0","0,0,0,0,0","0,0,0,0,0",0,0,fatty alcohol,18,38,1,0,270,acetyl-CoA,8,1,4,7.0000000000000001E-3,,NA,0.4,1.6E-2,25,NA,NA
4,1,1,1,2,9,92.09,2171.788467803236,3,8,3,0,0,0,0,0,0,0,0,0,0,0,0,3,2.5,M9,30,1,RL101 (BL21 -fadE higher FA-OH tolerance),"ompT, gal, dcm, lon, hsdSb, lacI, fadE, malB","0,0,0,0,0,0,0,0",aar,0,1,1,4,1,0,0,0,0,0,fatty alcohol,18,38,1,0,270,acetyl-CoA,8,1,4,0.02,,NA,0.75,0.06,12.5,NA,NA
5,1,1,1,1,9,92.09,452.45593079234084,3,8,3,0,0,0,0,0,0,0,0,0,0,0,0,3,6,M9,30,1,XL100,"ompT, gal, dcm, lon, hsdSb, lacI, T7 RNApolymerase, malB, fadD","0,0,0,0,0,0,1,0,0","accB, accC, accD, folC, accA, 'tesA, tesAcc","0,0,0,0,0,0,0","1,1,1,1,1,1,1","0,0,0,0,0,0,1","0,0,0,0,0,1,4","0,0,0,0,0,0,0","0,0,0,0,0,0,0","0,0,0,0,0,0,0","0,0,0,0,0,0,0",0,0,fatty acid,14,28,2,0,228,acetyl-CoA,7,6,12,4.8000000000000001E-2,,0.3529411764705882,2.5,0.17,14.705882352941176,7.0833333333333339,NA
6,1,1,0,1,1,180.16,NA,6,12,6,0,0,0,0,0,0,0,0,0,0,0,0,1,NA,RICH,30,1,MG1655 -fadE,"ilvG, rfb, rph, fadE","0,0,0,0","tesA, fadR","0,0","1,1","0,0","2,2","0,0","0,0","0,0","0,0",0,0,fatty acid,14,28,2,0,228,acetyl-CoA,7,6,12,NA,,NA,1.9219999999999999,4.0041666666666663E-2,48,NA,NA
6,1,1,1,2,1,180.16,NA,6,12,6,0,0,0,0,0,0,0,0,0,0,0,0,1,NA,RICH,30,1,MG1655 -fadE,"ilvG, rfb, rph, fadE","0,0,0,0","tesA, bfabH2, ipdV, bkdAA, bkdAB, bkdB, fadR","0,0,0,0,0,0,0","1,1,1,1,1,1,1","0,1,1,1,1,1,0","2,2,2,2,2,2,2","0,0,0,0,0,0,0","0,0,0,0,0,0,0","0,0,0,0,0,0,0","0,0,0,0,0,0,0",0,0,fatty acid,14,28,2,0,228,acetyl-CoA,7,6,12,NA,,NA,1.5489999999999999,3.2270833333333332E-2,48,NA,NA
6,1,1,1,3,1,180.16,NA,6,12,6,0,0,0,0,0,0,0,0,0,0,0,0,1,NA,RICH,30,1,MG1655 -fadE,"ilvG, rfb, rph, fadE","0,0,0,0","tesA, bfabH2, ipdV, bkdAA, bkdAB, bkdB, fadR","0,0,0,0,0,0,0","1,1,1,1,1,1,1","0,1,1,1,1,1,0","2,2,2,2,2,2,2","0,0,0,0,0,0,0","0,0,0,0,0,0,0","0,0,0,0,0,0,0","0,0,0,0,0,0,0",0,0,fatty acid,14,28,2,0,228,acetyl-CoA,7,6,12,NA,,NA,1.0880000000000001,2.2666666666666668E-2,48,NA,NA
6,1,1,1,4,1,180.16,NA,6,12,6,0,0,0,0,0,0,0,0,0,0,0,0,1,NA,RICH,30,1,MG1655 -fadE,"ilvG, rfb, rph, fadE","0,0,0,0","tesA, bfabH2, ipdV, bkdAA, bkdAB, bkdB, fadR","0,0,0,0,0,0,0","1,1,1,1,1,1,1","0,1,1,1,1,1,0","2,2,2,2,2,2,2","0,0,0,0,0,0,0","0,0,0,0,0,0,0","0,0,0,0,0,0,0","0,0,0,0,0,0,0",0,0,fatty acid,14,28,2,0,228,acetyl-CoA,7,6,12,NA,,NA,0.90600000000000003,1.8874999999999999E-2,48,NA,NA
6,1,1,1,5,1,180.16,NA,6,12,6,0,0,0,0,0,0,0,0,0,0,0,0,1,NA,RICH,30,1,CRS24 -fadE,"rph, hsdR, metA, tdh, ilvB, ilvI, fadE","0,0,0,0,0,0,0","tesA, bfabH2, ipdV, bkdAA, bkdAB, bkdB, fadR, ilvGM, ilvCD, ilvA, thrABC","0,0,0,0,0,0,0,0,0,0,0","1,1,1,1,1,1,1,1,1,1,1","0,1,1,1,1,1,0,1,1,1,0","2,2,2,2,2,2,2,3,3,3,0","0,0,0,0,0,0,0,0,0,0,0","0,0,0,0,0,0,0,0,0,0,0","0,0,0,0,0,0,0,0,0,0,0","0,0,0,0,0,0,0,0,0,0,0",0,0,fatty acid,14,28,2,0,228,acetyl-CoA,7,6,12,NA,,NA,0.69399999999999995,1.4458333333333332E-2,48,NA,NA
6,1,1,1,6,1,180.16,NA,6,12,6,0,0,0,0,0,0,0,0,0,0,0,0,1,NA,RICH,30,1,CRS24 -fadE,"rph, hsdR, metA, tdh, ilvB, ilvI, fadE","0,0,0,0,0,0,0","tesA, ipdV, bkdAA, bkdAB, bkdB, fadR, ilvGM, ilvCD, ilvA, bfabH2, ilvY","0,0,0,0,0,0,0,0,0,0,0","1,1,1,1,1,1,1,1,1,1,1","0,1,1,1,1,0,1,0,1,1,0","2,2,2,2,2,2,3,3,3,1,1","0,0,0,0,0,0,0,0,0,0,0","0,0,0,0,0,0,0,0,0,0,0","0,0,0,0,0,0,0,0,0,0,0","0,0,0,0,0,0,0,0,0,0,0",0,0,fatty acid,14,28,2,0,228,acetyl-CoA,7,6,12,NA,,NA,1.532,3.191666666666667E-2,48,NA,NA
6,1,1,1,7,1,180.16,NA,6,12,6,0,0,0,0,0,0,0,0,0,0,0,0,1,NA,RICH,30,1,CRS24 -fadE,"rph, hsdR, metA, tdh, ilvB, ilvI, fadE","0,0,0,0,0,0,0","tesA, ipdV, bkdAA, bkdAB, bkdB, fadR, ilvGM, ilvCD, ilvA, rfp","0,0,0,0,0,0,0,0,0,0","1,1,1,1,1,1,1,1,1,1","0,1,1,1,1,0,1,0,1,1","2,2,2,2,2,2,3,3,3,1","0,0,0,0,0,0,0,0,0,0","0,0,0,0,0,0,0,0,0,0","0,0,0,0,0,0,0,0,0,0","0,0,0,0,0,0,0,0,0,0",0,0,fatty acid,14,28,2,0,228,acetyl-CoA,7,6,12,NA,,NA,1.6339999999999999,3.4041666666666665E-2,48,NA,NA
6,1,1,1,8,1,180.16,NA,6,12,6,0,0,0,0,0,0,0,0,0,0,0,0,1,NA,RICH,30,1,MG1655 -fadE,"ilvG, rfb, rph, fadE","0,0,0,0","tesA, fadR","0,0","1,1","0,0","2,2","0,0","0,0","0,0","0,0",0,0,fatty acid (anteiso),15,28,2,0,240,acetyl-CoA,7,6,12,NA,,NA,0,0,48,NA,NA
6,1,1,1,9,1,180.16,NA,6,12,6,0,0,0,0,0,0,0,0,0,0,0,0,1,NA,RICH,30,1,MG1655 -fadE,"ilvG, rfb, rph, fadE","0,0,0,0","tesA, bfabH2, ipdV, bkdAA, bkdAB, bkdB, fadR","0,0,0,0,0,0,0","1,1,1,1,1,1,1","0,1,1,1,1,1,0","2,2,2,2,2,2,2","0,0,0,0,0,0,0","0,0,0,0,0,0,0","0,0,0,0,0,0,0","0,0,0,0,0,0,0",0,0,fatty acid (anteiso),15,28,2,0,240,acetyl-CoA,7,6,12,NA,,NA,3.2529000000000002E-2,6.7768750000000001E-4,48,NA,NA
6,1,1,1,10,1,180.16,NA,6,12,6,0,0,0,0,0,0,0,0,0,0,0,0,1,NA,RICH,30,1,MG1655 -fadE,"ilvG, rfb, rph, fadE","0,0,0,0","tesA, bfabH2, ipdV, bkdAA, bkdAB, bkdB, fadR","0,0,0,0,0,0,0","1,1,1,1,1,1,1","0,1,1,1,1,1,0","2,2,2,2,2,2,2","0,0,0,0,0,0,0","0,0,0,0,0,0,0","0,0,0,0,0,0,0","0,0,0,0,0,0,0",0,0,fatty acid (anteiso),15,28,2,0,240,acetyl-CoA,7,6,12,NA,,NA,9.5743999999999996E-2,1.9946666666666667E-3,48,NA,NA
6,1,1,1,11,1,180.16,NA,6,12,6,0,0,0,0,0,0,0,0,0,0,0,0,1,NA,RICH,30,1,MG1655 -fadE,"ilvG, rfb, rph, fadE","0,0,0,0","tesA, bfabH2, ipdV, bkdAA, bkdAB, bkdB, fadR","0,0,0,0,0,0,0","1,1,1,1,1,1,1","0,1,1,1,1,1,0","2,2,2,2,2,2,2","0,0,0,0,0,0,0","0,0,0,0,0,0,0","0,0,0,0,0,0,0","0,0,0,0,0,0,0",0,0,fatty acid (anteiso),15,28,2,0,240,acetyl-CoA,7,6,12,NA,,NA,2.8288000000000001E-2,5.8933333333333331E-4,48,NA,NA
6,1,1,1,12,1,180.16,NA,6,12,6,0,0,0,0,0,0,0,0,0,0,0,0,1,NA,RICH,30,1,CRS24 -fadE,"rph, hsdR, metA, tdh, ilvB, ilvI, fadE","0,0,0,0,0,0,0","tesA, bfabH2, ipdV, bkdAA, bkdAB, bkdB, fadR, ilvGM, ilvCD, ilvA, thrABC","0,0,0,0,0,0,0,0,0,0,0","1,1,1,1,1,1,1,1,1,1,1","0,1,1,1,1,1,0,1,1,1,0","2,2,2,2,2,2,2,3,3,3,0","0,0,0,0,0,0,0,0,0,0,0","0,0,0,0,0,0,0,0,0,0,0","0,0,0,0,0,0,0,0,0,0,0","0,0,0,0,0,0,0,0,0,0,0",0,0,fatty acid (anteiso),15,28,2,0,240,acetyl-CoA,7,6,12,NA,,NA,0.14157599999999998,2.9494999999999994E-3,48,NA,NA
6,1,1,1,13,1,180.16,NA,6,12,6,0,0,0,0,0,0,0,0,0,0,0,0,1,NA,RICH,30,1,CRS24 -fadE,"rph, hsdR, metA, tdh, ilvB, ilvI, fadE","0,0,0,0,0,0,0","tesA, ipdV, bkdAA, bkdAB, bkdB, fadR, ilvGM, ilvCD, ilvA, bfabH2, ilvY","0,0,0,0,0,0,0,0,0,0,0","1,1,1,1,1,1,1,1,1,1,1","0,1,1,1,1,0,1,0,1,1,0","2,2,2,2,2,2,3,3,3,1,1","0,0,0,0,0,0,0,0,0,0,0","0,0,0,0,0,0,0,0,0,0,0","0,0,0,0,0,0,0,0,0,0,0","0,0,0,0,0,0,0,0,0,0,0",0,0,fatty acid (anteiso),15,28,2,0,240,acetyl-CoA,7,6,12,NA,,NA,0.151668,3.1597499999999998E-3,48,NA,NA
6,1,1,1,14,1,180.16,NA,6,12,6,0,0,0,0,0,0,0,0,0,0,0,0,1,NA,RICH,30,1,CRS24 -fadE,"rph, hsdR, metA, tdh, ilvB, ilvI, fadE","0,0,0,0,0,0,0","tesA, ipdV, bkdAA, bkdAB, bkdB, fadR, ilvGM, ilvCD, ilvA, rfp","0,0,0,0,0,0,0,0,0,0","1,1,1,1,1,1,1,1,1,1","0,1,1,1,1,0,1,0,1,1","2,2,2,2,2,2,3,3,3,1","0,0,0,0,0,0,0,0,0,0","0,0,0,0,0,0,0,0,0,0","0,0,0,0,0,0,0,0,0,0","0,0,0,0,0,0,0,0,0,0",0,0,fatty acid (anteiso),15,28,2,0,240,acetyl-CoA,7,6,12,NA,,NA,0,0,48,NA,NA
7,1,1,1,1,NA,NA,NA,NA,NA,NA,0,0,0,0,0,0,0,0,0,0,0,0,1,0.2,LB,37,1,MG1655 ,"ilvG, rfb, rph","0,0,0","accA, fabD","0,0","1,1","0,0","4,4","0,0","0,0","0,0","0,0",0,0,lipid,16,32,2,0,256,acetyl-CoA,7,7,14,NA,,0.23536312849162011,0.42130000000000001,1.7554166666666666E-2,24,1.79,NA
7,1,1,1,2,NA,NA,NA,NA,NA,NA,0,0,0,0,0,0,0,0,0,0,0,0,1,0.2,LB,37,1,MG1655,"ilvG, rfb, rph","0,0,0","accA, accB, accC","0,0,0 ","1,1,1","0,0,0","4,4,4","0,0,0 ","0,0,0 ","0,0,0 ","0,0,0 ",0,0,lipid,16,32,2,0,256,acetyl-CoA,7,7,14,NA,,0.26500000000000001,0.49819999999999998,2.0758333333333333E-2,24,1.88,NA
7,1,1,1,3,NA,NA,NA,NA,NA,NA,0,0,0,0,0,0,0,0,0,0,0,0,1,0.2,LB,37,1,MG1655,"ilvG, rfb, rph","0,0,0","accB, accC, fabD","0,0,0","1,1,1","0,0,0","4,4,4","0,0,0","0,0,0","0,0,0","0,0,0",0,0,lipid,16,32,2,0,256,acetyl-CoA,7,7,14,NA,,0.2929714285714286,0.51270000000000004,2.1362500000000003E-2,24,1.75,NA
7,1,1,1,4,NA,NA,NA,NA,NA,NA,0,0,0,0,0,0,0,0,0,0,0,0,1,0.2,LB,37,1,MG1655,"ilvG, rfb, rph","0,0,0","accA, accB, accC, fabD","0,0,0,0","1,1,1,1","0,0,0,0","4,4,4,4","0,0,0,0","0,0,0,0","0,0,0,0","0,0,0,0",0,0,lipid,16,32,2,0,256,acetyl-CoA,7,7,14,NA,,0.31818681318681313,0.57909999999999995,2.4129166666666663E-2,24,1.82,NA
7,1,1,1,5,NA,NA,NA,NA,NA,NA,0,0,0,0,0,0,0,0,0,0,0,0,1,0.2,LB,37,1,MG1655,"ilvG, rfb, rph","0,0,0","accA, accB, accC, fabD, sptesA","0,0,0,0,0","1,1,1,1,1","0,0,0,0,1","4,4,4,4,4","0,0,0,0,0","0,0,0,0,0","0,0,0,0,0","0,0,0,0,0",0,0,lipid,16,32,2,0,256,acetyl-CoA,7,7,14,NA,,0.39577464788732403,0.56200000000000006,2.3416666666666669E-2,24,1.42,NA
7,1,1,1,6,NA,NA,NA,NA,NA,NA,0,0,0,0,0,0,0,0,0,0,0,0,1,0.2,LB,37,1,MG1655,"ilvG, rfb, rph","0,0,0","accA, sptesA","0,0","1,1","0,1","4,4","0,0","0,0","0,0","0,0",0,0,lipid,16,32,2,0,256,acetyl-CoA,7,7,14,NA,,0.38167785234899326,0.56869999999999998,2.3695833333333333E-2,24,1.49,NA
7,1,1,1,7,NA,NA,NA,NA,NA,NA,0,0,0,0,0,0,0,0,0,0,0,0,1,0.2,LB,37,1,MG1655,"ilvG, rfb, rph","0,0,0",sptesA,0,1,1,4,0,0,0,0,0,0,lipid,16,32,2,0,256,acetyl-CoA,7,7,14,NA,,0.37885714285714289,0.53039999999999998,2.2099999999999998E-2,24,1.4,NA
8,0,1,1,1,1,180.16,111.01243339253996,6,12,6,0,0,0,0,0,0,0,0,0,0,0,0,1,5.0000000000000001E-3,M9,37,1,DH1 -fadE,"endA1, recA1, gyrA96, thi-1, glnV44, relA1, hsdR17, fadE","0,0,0,0,0,0,0,0",NA,NA,NA,NA,NA,NA,NA,NA,NA,NA,NA,fatty acid,14,28,2,0,228,acetyl-CoA,7,6,12,5.6049777777777776E-3,,NA,0.62222222222222223,8.6419753086419762E-3,72,NA,NA
8,0,1,1,2,1,180.16,111.01243339253996,6,12,6,0,0,0,0,0,0,0,0,0,0,0,0,1,5.0000000000000001E-3,M9,37,1,DH1 -fadE,"endA1, recA1, gyrA96, thi-1, glnV44, relA1, hsdR17, fadE","0,0,0,0,0,0,0,0",NA,NA,NA,NA,NA,NA,NA,NA,NA,NA,NA,fatty acid,14,28,2,0,228,acetyl-CoA,7,6,12,5.7384296296296303E-3,,NA,0.63703703703703707,8.8477366255144043E-3,72,NA,NA
8,0,1,1,3,1,180.16,111.01243339253996,6,12,6,0,0,0,0,0,0,0,0,0,0,0,0,1,5.0000000000000001E-3,M9,37,1,DH1 -fadE,"endA1, recA1, gyrA96, thi-1, glnV44, relA1, hsdR17, fadE","0,0,0,0,0,0,0,0",NA,NA,NA,NA,NA,NA,NA,NA,NA,NA,NA,fatty acid,14,28,2,0,228,acetyl-CoA,7,6,12,5.7384296296296303E-3,,NA,0.63703703703703707,8.8477366255144043E-3,72,NA,NA
8,0,1,1,4,1,180.16,111.01243339253996,6,12,6,0,0,0,0,0,0,0,0,0,0,0,0,1,5.0000000000000001E-3,M9,37,1,DH1 -fadE,"endA1, recA1, gyrA96, thi-1, glnV44, relA1, hsdR17, fadE","0,0,0,0,0,0,0,0",NA,NA,NA,NA,NA,NA,NA,NA,NA,NA,NA,fatty acid,14,28,2,0,228,acetyl-CoA,7,6,12,4.5373629629629625E-3,,NA,0.50370370370370365,6.9958847736625506E-3,72,NA,NA
8,0,1,1,5,1,180.16,111.01243339253996,6,12,6,0,0,0,0,0,0,0,0,0,0,0,0,1,5.0000000000000001E-3,M9,37,1,DH1 -fadE,"endA1, recA1, gyrA96, thi-1, glnV44, relA1, hsdR17, fadE","0,0,0,0,0,0,0,0",NA,NA,NA,NA,NA,NA,NA,NA,NA,NA,NA,fatty acid,14,28,2,0,228,acetyl-CoA,7,6,12,4.6708148148148143E-3,,NA,0.51851851851851849,7.2016460905349787E-3,72,NA,NA
8,0,1,1,6,1,180.16,111.01243339253996,6,12,6,0,0,0,0,0,0,0,0,0,0,0,0,1,5.0000000000000001E-3,M9,37,1,DH1 -fadE,"endA1, recA1, gyrA96, thi-1, glnV44, relA1, hsdR17, fadE","0,0,0,0,0,0,0,0",NA,NA,NA,NA,NA,NA,NA,NA,NA,NA,NA,fatty acid,14,28,2,0,228,acetyl-CoA,7,6,12,4.5373629629629625E-3,,NA,0.50370370370370365,6.9958847736625506E-3,72,NA,NA
8,0,1,1,7,1,180.16,111.01243339253996,6,12,6,0,0,0,0,0,0,0,0,0,0,0,0,1,5.0000000000000001E-3,M9,37,1,DH1 -fadE,"endA1, recA1, gyrA96, thi-1, glnV44, relA1, hsdR17, fadE","0,0,0,0,0,0,0,0",fabA,0,1,0,3,0,0,0,0,0,0,fatty acid,14,28,2,0,228,acetyl-CoA,7,6,12,6.9394962962962964E-3,,NA,0.77037037037037037,1.0699588477366255E-2,72,NA,NA
8,0,1,1,8,1,180.16,111.01243339253996,6,12,6,0,0,0,0,0,0,0,0,0,0,0,0,1,5.0000000000000001E-3,M9,37,1,DH1 -fadE,"endA1, recA1, gyrA96, thi-1, glnV44, relA1, hsdR17, fadE","0,0,0,0,0,0,0,0",fabA,0,1,0,3,0,0,0,0,0,0,fatty acid,14,28,2,0,228,acetyl-CoA,7,6,12,6.8060444444444446E-3,,NA,0.75555555555555554,1.0493827160493827E-2,72,NA,NA
8,0,1,1,9,1,180.16,111.01243339253996,6,12,6,0,0,0,0,0,0,0,0,0,0,0,0,1,5.0000000000000001E-3,M9,37,1,DH1 -fadE,"endA1, recA1, gyrA96, thi-1, glnV44, relA1, hsdR17, fadE","0,0,0,0,0,0,0,0",fabA,0,1,0,3,0,0,0,0,0,0,fatty acid,14,28,2,0,228,acetyl-CoA,7,6,12,5.4715259259259259E-3,,NA,0.6074074074074074,8.4362139917695464E-3,72,NA,NA
8,0,1,1,10,1,180.16,111.01243339253996,6,12,6,0,0,0,0,0,0,0,0,0,0,0,0,1,5.0000000000000001E-3,M9,37,1,DH1 -fadE,"endA1, recA1, gyrA96, thi-1, glnV44, relA1, hsdR17, fadE","0,0,0,0,0,0,0,0",fabB,0,1,0,3,0,0,0,0,0,0,fatty acid,14,28,2,0,228,acetyl-CoA,7,6,12,2.201955555555556E-2,,NA,2.4444444444444446,3.3950617283950622E-2,72,NA,NA
8,0,1,1,11,1,180.16,111.01243339253996,6,12,6,0,0,0,0,0,0,0,0,0,0,0,0,1,5.0000000000000001E-3,M9,37,1,DH1 -fadE,"endA1, recA1, gyrA96, thi-1, glnV44, relA1, hsdR17, fadE","0,0,0,0,0,0,0,0",fabB,0,1,0,3,0,0,0,0,0,0,fatty acid,14,28,2,0,228,acetyl-CoA,7,6,12,1.4946607407407407E-2,,NA,1.6592592592592592,2.3045267489711932E-2,72,NA,NA
8,0,1,1,12,1,180.16,111.01243339253996,6,12,6,0,0,0,0,0,0,0,0,0,0,0,0,1,5.0000000000000001E-3,M9,37,1,DH1 -fadE,"endA1, recA1, gyrA96, thi-1, glnV44, relA1, hsdR17, fadE","0,0,0,0,0,0,0,0",fabB,0,1,0,3,0,0,0,0,0,0,fatty acid,14,28,2,0,228,acetyl-CoA,7,6,12,1.4546251851851853E-2,,NA,1.6148148148148149,2.2427983539094653E-2,72,NA,NA
8,0,1,1,13,1,180.16,111.01243339253996,6,12,6,0,0,0,0,0,0,0,0,0,0,0,0,1,5.0000000000000001E-3,M9,37,1,DH1 -fadE,"endA1, recA1, gyrA96, thi-1, glnV44, relA1, hsdR17, fadE","0,0,0,0,0,0,0,0",fabF,0,1,0,3,0,0,0,0,0,0,fatty acid,14,28,2,0,228,acetyl-CoA,7,6,12,2.0151229629629629E-2,,NA,2.2370370370370369,3.1069958847736626E-2,72,NA,NA
8,0,1,1,14,1,180.16,111.01243339253996,6,12,6,0,0,0,0,0,0,0,0,0,0,0,0,1,5.0000000000000001E-3,M9,37,1,DH1 -fadE,"endA1, recA1, gyrA96, thi-1, glnV44, relA1, hsdR17, fadE","0,0,0,0,0,0,0,0",fabF,0,1,0,3,0,0,0,0,0,0,fatty acid,14,28,2,0,228,acetyl-CoA,7,6,12,1.7348740740740741E-2,,NA,1.9259259259259258,2.6748971193415638E-2,72,NA,NA
8,0,1,1,15,1,180.16,111.01243339253996,6,12,6,0,0,0,0,0,0,0,0,0,0,0,0,1,5.0000000000000001E-3,M9,37,1,DH1 -fadE,"endA1, recA1, gyrA96, thi-1, glnV44, relA1, hsdR17, fadE","0,0,0,0,0,0,0,0",fabF,0,1,0,3,0,0,0,0,0,0,fatty acid,14,28,2,0,228,acetyl-CoA,7,6,12,1.7215288888888892E-2,,NA,1.9111111111111112,2.6543209876543211E-2,72,NA,NA
8,0,1,1,16,1,180.16,111.01243339253996,6,12,6,0,0,0,0,0,0,0,0,0,0,0,0,1,5.0000000000000001E-3,M9,37,1,DH1 -fadE,"endA1, recA1, gyrA96, thi-1, glnV44, relA1, hsdR17, fadE","0,0,0,0,0,0,0,0","fabB, fabA","0,0","1,1","0,0","3,3","0,0","0,0","0,0","0,0",0,0,fatty acid,14,28,2,0,228,acetyl-CoA,7,6,12,1.2411022222222222E-2,,NA,1.3777777777777778,1.9135802469135803E-2,72,NA,NA
8,0,1,1,17,1,180.16,111.01243339253996,6,12,6,0,0,0,0,0,0,0,0,0,0,0,0,1,5.0000000000000001E-3,M9,37,1,DH1 -fadE,"endA1, recA1, gyrA96, thi-1, glnV44, relA1, hsdR17, fadE","0,0,0,0,0,0,0,0","fabB, fabA","0,0","1,1","0,0","3,3","0,0","0,0","0,0","0,0",0,0,fatty acid,14,28,2,0,228,acetyl-CoA,7,6,12,1.1476859259259261E-2,,NA,1.2740740740740741,1.7695473251028809E-2,72,NA,NA
8,0,1,1,18,1,180.16,111.01243339253996,6,12,6,0,0,0,0,0,0,0,0,0,0,0,0,1,5.0000000000000001E-3,M9,37,1,DH1 -fadE,"endA1, recA1, gyrA96, thi-1, glnV44, relA1, hsdR17, fadE","0,0,0,0,0,0,0,0","fabB, fabA","0,0","1,1","0,0","3,3","0,0","0,0","0,0","0,0",0,0,fatty acid,14,28,2,0,228,acetyl-CoA,7,6,12,1.1610311111111112E-2,,NA,1.288888888888889,1.7901234567901235E-2,72,NA,NA
8,0,1,1,19,1,180.16,111.01243339253996,6,12,6,0,0,0,0,0,0,0,0,0,0,0,0,1,5.0000000000000001E-3,M9,37,1,DH1 -fadE,"endA1, recA1, gyrA96, thi-1, glnV44, relA1, hsdR17, fadE","0,0,0,0,0,0,0,0",fadR,0,1,0,3,0,0,0,0,0,0,fatty acid,14,28,2,0,228,acetyl-CoA,7,6,12,36,,NA,3.6148148148148147,5.0205761316872426E-2,72,NA,NA
8,0,1,1,20,1,180.16,111.01243339253996,6,12,6,0,0,0,0,0,0,0,0,0,0,0,0,1,5.0000000000000001E-3,M9,37,1,DH1 -fadE,"endA1, recA1, gyrA96, thi-1, glnV44, relA1, hsdR17, fadE","0,0,0,0,0,0,0,0",fadR,0,1,0,3,0,0,0,0,0,0,fatty acid,14,28,2,0,228,acetyl-CoA,7,6,12,36,,NA,3.8666666666666667,5.3703703703703705E-2,72,NA,NA
8,0,1,1,21,1,180.16,111.01243339253996,6,12,6,0,0,0,0,0,0,0,0,0,0,0,0,1,5.0000000000000001E-3,M9,37,1,DH1 -fadE,"endA1, recA1, gyrA96, thi-1, glnV44, relA1, hsdR17, fadE","0,0,0,0,0,0,0,0",fadR,0,1,0,3,0,0,0,0,0,0,fatty acid,14,28,2,0,228,acetyl-CoA,7,6,12,36,,NA,5.2,7.2222222222222229E-2,72,NA,NA
8,0,1,1,22,1,180.16,111.01243339253996,6,12,6,0,0,0,0,0,0,0,0,0,0,0,0,1,5.0000000000000001E-3,M9,37,1,DH1 -fadE,"endA1, recA1, gyrA96, thi-1, glnV44, relA1, hsdR17, fadE","0,0,0,0,0,0,0,0",vcfadR,0,1,0,3,0,0,0,0,0,0,fatty acid,14,28,2,0,228,acetyl-CoA,7,6,12,36,,NA,2.162962962962963,3.0041152263374487E-2,72,NA,NA
8,0,1,1,23,1,180.16,111.01243339253996,6,12,6,0,0,0,0,0,0,0,0,0,0,0,0,1,5.0000000000000001E-3,M9,37,1,DH1 -fadE,"endA1, recA1, gyrA96, thi-1, glnV44, relA1, hsdR17, fadE","0,0,0,0,0,0,0,0",vcfadR,0,1,0,3,0,0,0,0,0,0,fatty acid,14,28,2,0,228,acetyl-CoA,7,6,12,1.9884325925925924E-2,,NA,2.2074074074074073,3.0658436213991766E-2,72,NA,NA
8,0,1,1,24,1,180.16,111.01243339253996,6,12,6,0,0,0,0,0,0,0,0,0,0,0,0,1,5.0000000000000001E-3,M9,37,1,DH1 -fadE,"endA1, recA1, gyrA96, thi-1, glnV44, relA1, hsdR17, fadE","0,0,0,0,0,0,0,0",vcfadR,0,1,0,3,0,0,0,0,0,0,fatty acid,14,28,2,0,228,acetyl-CoA,7,6,12,3.376331851851852E-2,,NA,3.748148148148148,5.205761316872428E-2,72,NA,NA
9,1,1,1,1,9,92.09,5.4729069388641545,3,8,3,0,0,0,0,0,0,0,0,0,0,0,0,1,0.05,LB,37,1,RL08,"ilvG, rfb, rph, fadD, araBAD","0,0,0,0,0",uctesA,0,1,1,6,1,0,0,0,0,0,fatty acid,12,24,2,0,200,acetyl-CoA,6,5,10,NA,,NA,0.25,1.0869565217391304E-2,23,NA,NA
9,1,1,1,2,9,92.09,5.4729069388641545,3,8,3,0,0,0,0,0,0,0,0,0,0,0,0,1,0.05,LB,37,1,RL08,"ilvG, rfb, rph, fadD, araBAD","0,0,0,0,0",uctesA,0,1,1,4,1,0,0,0,0,0,fatty acid,12,24,2,0,200,acetyl-CoA,6,5,10,NA,,NA,0.4,1.7391304347826087E-2,23,NA,NA
9,1,1,1,3,9,92.09,5.4729069388641545,3,8,3,0,0,0,0,0,0,0,0,0,0,0,0,1,0.05,LB,37,1,RL08,"ilvG, rfb, rph, fadD, araBAD","0,0,0,0,0",uctesA,0,1,1,7,1,0,0,0,0,0,fatty acid,12,24,2,0,200,acetyl-CoA,6,5,10,NA,,NA,0.54,2.3478260869565219E-2,23,NA,NA
9,1,0,1,4,9,92.09,5.4729069388641545,3,8,3,0,0,0,0,0,0,0,0,0,0,0,0,1,0.05,LB,37,1,RL08,"ilvG, rfb, rph, fadD, araBAD","0,0,0,0,0",uctesA,0,1,1,2,1,0,0,0,0,0,fatty acid,12,24,2,0,200,acetyl-CoA,6,5,10,NA,,NA,0.48,2.0869565217391303E-2,23,NA,NA
9,1,0,1,5,9,92.09,5.4729069388641545,3,8,3,0,0,0,0,0,0,0,0,0,0,0,0,1,0.5,LB,37,1,RL08,"ilvG, rfb, rph, fadD, araBAD","0,0,0,0,0",uctesA,0,1,1,2,1,0,0,0,0,0,fatty acid,12,24,2,0,200,acetyl-CoA,6,5,10,NA,,NA,0.7,2.4137931034482758E-2,29,NA,NA
9,1,1,1,6,9,92.09,5.4729069388641545,3,8,3,0,0,0,0,0,0,0,0,0,0,0,0,1,0.5,LB,37,1,RL08,"ilvG, rfb, rph, fadD, araBAD","0,0,0,0,0","uctesA, accA, accB, accC, accD","0,0,0,0,0","1,1,1,1,1","1,0,0,0,0","2,7,7,7,7","1,0,0,0,0",0,0,0,0,0,fatty acid,12,24,2,0,200,acetyl-CoA,6,5,10,NA,,NA,0.81,2.7931034482758622E-2,29,NA,NA
10,1,1,1,1,1,180.16,83.259325044404974,6,12,6,0,0,0,0,0,0,0,0,0,0,0,0,1,0.04,LB,30,1,ML103,"ilvG, rfb, rph, fadD","0,0,0,0",dbtesA,0,1,1,4,1,0,0,0,0,0,fatty acid,18,36,2,0,284,acetyl-CoA,9,8,16,1.0253937640630024,,NA,0.36065573770491804,NA,16,NA,NA
10,1,1,1,2,1,180.16,83.259325044404974,6,12,6,0,0,0,0,0,0,0,0,0,0,0,0,1,0.04,LB,30,1,ML103,"ilvG, rfb, rph, fadD","0,0,0,0",dbtesA,0,1,1,4,1,0,0,0,0,0,fatty acid,16,32,2,0,256,acetyl-CoA,8,7,14,0.601598866626189,,NA,0.67213114754098358,NA,24,NA,NA
10,1,1,1,3,1,180.16,83.259325044404974,6,12,6,0,0,0,0,0,0,0,0,0,0,0,0,1,0.04,LB,30,1,ML103,"ilvG, rfb, rph, fadD","0,0,0,0",dbtesA,0,1,1,4,1,0,0,0,0,0,fatty acid,NA,NA,NA,NA,NA,acetyl-CoA,NA,NA,NA,0.14210620099786173,,NA,0.27049180327868855,NA,36,NA,NA
10,1,1,1,4,1,180.16,83.259325044404974,6,12,6,0,0,0,0,0,0,0,0,0,0,0,0,1,0.04,LB,30,1,ML103,"ilvG, rfb, rph, fadD","0,0,0,0",dbtesA,0,1,1,4,1,0,0,0,0,0,fatty acid,16,32,2,0,256,acetyl-CoA,NA,NA,NA,4.8314007730241235E-2,,NA,0.12295081967213115,NA,48,NA,NA
10,1,1,1,5,1,180.16,83.259325044404974,6,12,6,0,0,0,0,0,0,0,0,0,0,0,0,1,0.04,LB,30,1,ML103,"ilvG, rfb, rph, fadD","0,0,0,0",ghtesA,0,1,1,4,1,0,0,0,0,0,fatty acid,16,32,2,0,256,acetyl-CoA,NA,NA,NA,0.20566318926974661,,NA,0.18852459016393441,NA,16,NA,NA
10,1,1,1,6,1,180.16,83.259325044404974,6,12,6,0,0,0,0,0,0,0,0,0,0,0,0,1,0.04,LB,30,1,ML103,"ilvG, rfb, rph, fadD","0,0,0,0",ghtesA,0,1,1,4,1,0,0,0,0,0,fatty acid,16,30,2,0,254,acetyl-CoA,NA,NA,NA,0.24590163934426232,,NA,0.36885245901639346,NA,24,NA,NA
10,1,1,1,7,1,180.16,83.259325044404974,6,12,6,0,0,0,0,0,0,0,0,0,0,0,0,1,0.04,LB,30,1,ML103,"ilvG, rfb, rph, fadD","0,0,0,0",ghtesA,0,1,1,4,1,0,0,0,0,0,fatty acid,NA,NA,NA,NA,NA,acetyl-CoA,NA,NA,NA,0.15349274303017646,,NA,0.40163934426229508,NA,36,NA,NA
10,1,1,1,8,1,180.16,83.259325044404974,6,12,6,0,0,0,0,0,0,0,0,0,0,0,0,1,0.04,LB,30,1,ML103,"ilvG, rfb, rph, fadD","0,0,0,0",ghtesA,0,1,1,4,1,0,0,0,0,0,fatty acid,16,30,2,0,254,acetyl-CoA,NA,NA,NA,0.25400828679517207,,NA,0.77049180327868849,NA,48,NA,NA
10,1,1,1,9,1,180.16,83.259325044404974,6,12,6,0,0,0,0,0,0,0,0,0,0,0,0,1,0.04,LB,30,1,ML103,"ilvG, rfb, rph, fadD","0,0,0,0",rctesA,0,1,1,4,1,0,0,0,0,0,fatty acid,16,32,2,0,256,acetyl-CoA,NA,NA,NA,0.25405499175990981,,NA,0.95081967213114749,0.10199999999999999,16,NA,NA
10,1,1,1,10,1,180.16,83.259325044404974,6,12,6,0,0,0,0,0,0,0,0,0,0,0,0,1,0.04,LB,30,1,ML103,"ilvG, rfb, rph, fadD","0,0,0,0",rctesA,0,1,1,4,1,0,0,0,0,0,fatty acid,16,32,2,0,256,acetyl-CoA,NA,NA,NA,0.17176870748299322,,NA,1.5,0.14299999999999999,24,NA,NA
10,1,1,1,11,1,180.16,83.259325044404974,6,12,6,0,0,0,0,0,0,0,0,0,0,0,0,1,0.04,LB,30,1,ML103,"ilvG, rfb, rph, fadD","0,0,0,0",rctesA,0,1,1,4,1,0,0,0,0,0,fatty acid,NA,NA,NA,NA,NA,acetyl-CoA,NA,NA,NA,0.1574022494562046,,NA,2.3114754098360657,0.219,36,NA,NA
10,1,1,1,12,1,180.16,83.259325044404974,6,12,6,0,0,0,0,0,0,0,0,0,0,0,0,1,0.04,LB,30,1,ML103,"ilvG, rfb, rph, fadD","0,0,0,0",rctesA,0,1,1,4,1,0,0,0,0,0,fatty acid,18,36,2,0,284,acetyl-CoA,NA,NA,NA,0.14931283937188686,,NA,2.2459016393442623,NA,48,NA,NA
10,1,1,1,13,1,180.16,83.259325044404974,6,12,6,0,0,0,0,0,0,0,0,0,0,0,0,1,0.04,LB,30,1,ML103,"ilvG, rfb, rph, fadD","0,0,0,0",jctesA,0,1,1,4,1,0,0,0,0,0,fatty acid,16,32,2,0,256,acetyl-CoA,NA,NA,NA,0.21368296339281395,,NA,0.86065573770491799,8.8999999999999996E-2,16,NA,NA
10,1,1,1,14,1,180.16,83.259325044404974,6,12,6,0,0,0,0,0,0,0,0,0,0,0,0,1,0.04,LB,30,1,ML103,"ilvG, rfb, rph, fadD","0,0,0,0",jctesA,0,1,1,4,1,0,0,0,0,0,fatty acid,16,30,2,0,254,acetyl-CoA,NA,NA,NA,0.16195877896139427,,NA,1.4836065573770492,0.13700000000000001,24,NA,NA
10,1,1,1,15,1,180.16,83.259325044404974,6,12,6,0,0,0,0,0,0,0,0,0,0,0,0,1,0.04,LB,30,1,ML103,"ilvG, rfb, rph, fadD","0,0,0,0",jctesA,0,1,1,4,1,0,0,0,0,0,fatty acid,NA,NA,NA,NA,NA,acetyl-CoA,NA,NA,NA,0.15199066428574626,,NA,2.2049180327868854,0.2,36,NA,NA
10,1,1,1,16,1,180.16,83.259325044404974,6,12,6,0,0,0,0,0,0,0,0,0,0,0,0,1,0.04,LB,30,1,ML103,"ilvG, rfb, rph, fadD","0,0,0,0",jctesA,0,1,1,4,1,0,0,0,0,0,fatty acid,18,36,2,0,284,acetyl-CoA,NA,NA,NA,0.14421444228335031,,NA,2.122950819672131,NA,48,NA,NA
11,1,1,1,no.1,1,180.16,111.01243339253996,6,12,6,0,0,0,0,0,0,0,0,0,0,0,0,1,2,YE,37,2,BFA7.001(DE3) PCT03,"lacI, rrnB, lacZ, hsdR514, araBAD, rhaBAD, zwf, mdh, frdA, ndh, pta, poxB, ldhA,T7 RNA polymerase","0,0,0,0,0,0,0,0,0,0,0,0,0,1","alsS, ilvC, ilvD, kivd, ahd2","0,0,0,0,0","1,1,1,1,1","1,0,0,1,1","5,5,5,5,5","0,0,0,0,0","0,0,0,0,0","0,0,0,0,0","0,0,0,0,0",0,0,Isobutanol,4,10,1,0,74,6,5,0,2,5.5500000000000008E-2,NA,1.1100000000000001,1.1100000000000001,3.0833333333333338E-2,36,1,0.37
11,1,1,1,no.2,1,180.16,111.01243339253996,6,12,6,0,0,0,0,0,0,0,0,0,0,0,0,1,2,YE,37,2,BFA7.001(DE3) PCT01,"lacI, rrnB, lacZ, hsdR514, araBAD, rhaBAD, zwf, mdh, frdA, ndh, pta, poxB, ldhA,T7 RNA polymerase","0,0,0,0,0,0,0,0,0,0,0,0,0,1","alsS, ilvC, ilvD","0,0,0","1,1,1","1,0,0","5,5,5","0,0,0","0,0,0","0,0,0","0,0,0",0,0,Isobutanol,4,10,1,0,74,6,5,0,2,4.0500000000000001E-2,NA,0.62307692307692308,0.81,2.2500000000000003E-2,36,1.3,0.45
11,1,1,1,no.3,1,180.16,111.01243339253996,6,12,6,0,0,0,0,0,0,0,0,0,0,0,0,1,2,YE,37,2,BFA7.001(DE3) PCT02,"lacI, rrnB, lacZ, hsdR514, araBAD, rhaBAD, zwf, mdh, frdA, ndh, pta, poxB, ldhA,T7 RNA polymerase","0,0,0,0,0,0,0,0,0,0,0,0,0,1","kivd, adh2","0,0","1,1","1,1,","5,5","0,0","0,0","0,0","0,0",0,0,Isobutanol,4,10,1,0,74,6,5,0,0,0,NA,0,0,0,36,1.7,0.49
11,1,1,1,no.4,1,180.16,111.01243339253996,6,12,6,0,0,0,0,0,0,0,0,0,0,0,0,1,2,YE,37,2,BFA7.001(DE3) PCT13 (PH=7),"lacI, rrnB, lacZ, hsdR514, araBAD, rhaBAD, zwf, mdh, frdA, ndh, pta, poxB, ldhA,T7 RNA polymerase","0,0,0,0,0,0,0,0,0,0,0,0,0,1","alsS, ilvC, ilvD, kivd, ahdE","0,0,0,0,0","1,1,1,1,1","1,0,0,1,0","5,5,5,5,5","0,0,0,0,0","0,0,0,0,0","0,0,0,0,0","0,0,0,0,0",0,0,Isobutanol,4,10,1,0,74,6,5,0,2,6.7000000000000004E-2,NA,1.34,1.34,5.5833333333333339E-2,24,1,0.42
11,1,1,1,no.5,1,180.16,111.01243339253996,6,12,6,0,0,0,0,0,0,0,0,0,0,0,0,1,2,YE,37,2,BFA7.001(DE3) PCT13 (PH=6),"lacI, rrnB, lacZ, hsdR514, araBAD, rhaBAD, zwf, mdh, frdA, ndh, pta, poxB, ldhA,T7 RNA polymerase","0,0,0,0,0,0,0,0,0,0,0,0,0,1","alsS, ilvC, ilvD, kivd, ahdE","0,0,0,0,0","1,1,1,1,1","1,0,0,1,0","5,5,5,5,5","0,0,0,0,0","0,0,0,0,0","0,0,0,0,0","0,0,0,0,0",0,0,Isobutanol,4,10,1,0,74,6,5,0,2,8.5999999999999993E-2,NA,1.3759999999999999,1.72,7.166666666666667E-2,24,1.25,0.35
11,1,1,1,no.6,1,180.16,222.02486678507992,6,12,6,0,0,0,0,0,0,0,0,0,0,0,0,1,2,YE,37,2,BFA8.001(DE3) PCT06,"lacI, rrnB, lacZ, hsdR514, araBAD, rhaBAD, zwf, mdh, frdA, ndh, pta, poxB, ldhA, adhE, T7 RNA polymerase","0,0,0,0,0,0,0,0,0,0,0,0,0,0,1","alsS, ilvC, ilvD, adhE","0,0,0,0","1,1,1,1","1,0,0,0","5,5,5,5","0,0,0,0","0,0,0,0","0,0,0,0","0,0,0,0",0,0,Isobutanol,4,10,1,0,74,6,5,0,2,NA,NA,NA,NA,NA,60,1.4,NA
12,1,1,1,no.1,1,180.16,166.51865008880995,6,12,6,0,0,0,0,0,0,0,0,0,0,0,0,NA,0.3,YE,30,1,ldhA lacIq ,"ldhA, lacIq, lacZ, rph, rhaD, rhaA, rhaB, hsdR, araD, araA, araB","0,1,0,0,0,0,0,0,0,0,0","phaA, bld, phaB, ter, phaJ","0,0,0,0,0","1,1,1,1,1","0,0,0,0,0","1,1,1,3,3","0,0,0,0,1","0,0,0,0,0","0,0,0,0,0","0,0,0,0,0",0,0,butanol,4,10,1,0,74,7,6,0,8,0.13566666666666669,NA,NA,4.07,0.20350000000000001,20,NA,NA
12,1,1,1,no.2,1,180.16,222.02486678507992,6,12,6,0,0,0,0,0,0,0,0,0,0,0,0,3,1,YE,30,1,ldhA lacIq ,"ldhA, lacIq, lacZ, rph, rhaD, rhaA, rhaB, hsdR, araD, araA, araB","0,1,0,0,0,0,0,0,0,0,0","phaA, bld, phaB, ter, phaJ","0,0,0,0,0","1,1,1,1,1","0,0,0,0,0","1,1,1,3,3","0,0,0,0,1","0,0,0,0,0","0,0,0,0,0","0,0,0,0,0",0,0,butanol,4,10,1,0,74,7,6,0,8,0.14699999999999999,NA,NA,6.03,0.25125000000000003,24,NA,NA
12,1,1,1,no.3,1,180.16,222.02486678507992,6,12,6,0,0,0,0,0,0,0,0,0,0,0,0,3,1,YE,30,2,ldhA lacIq ,"ldhA, lacIq, lacZ, rph, rhaD, rhaA, rhaB, hsdR, araD, araA, araB","0,1,0,0,0,0,0,0,0,0,0","phaA, bld, phaB, ter, phaJ","0,0,0,0,0","1,1,1,1,1","0,0,0,0,0","1,1,1,3,3","0,0,0,0,1","0,0,0,0,0","0,0,0,0,0","0,0,0,0,0",0,0,butanol,4,10,1,0,74,7,6,0,8,0.13,NA,NA,8.6,0.18695652173913044,46,NA,NA
13,1,1,1,no.1,1,180.16,199.82238010657193,6,12,6,0,0,0,0,0,0,0,0,0,0,0,0,NA,0.25,YE,30,2,JCL260,"lacZ, hsdR, araB, araA, araD, rhaD, rhaB, rhaA, lacIq, adhE, frdBC, fnr, ldhA, pta, pflB","0,0,0,0,0,0,0,0,1,0,0,0,0,0,0","alsS, ilvC, ilvD, kivd","0,0,0,0","1,1,1,1","1,0,0,1","1,1,1,3","0,0,0,0","0,0,0,0","0,0,0,0","0,0,0,0",0,0,Isobutanol,4,10,1,0,74,6,5,NA,NA,0.20555555555555557,NA,NA,7.4,0.30833333333333335,24,NA,NA
13,1,1,1,no.2,1,180.16,199.82238010657193,6,12,6,0,0,0,0,0,0,0,0,0,0,0,0,NA,0.25,YE,30,2,SA542,"lacZ, hsdR, araB, araA, araD, rhaD, rhaB, rhaA, lacIq, adhE, frdBC, fnr,ldhA, pta, pflB, yqhD","0,0,0,0,0,0,0,0,1,0,0,0,0,0,0,0","alsS, ilvC, ilvD, kivd","0,0,0,0","1,1,1,1","1,0,0,1","1,1,1,3","0,0,0,0","0,0,0,0","0,0,0,0","0,0,0,0",0,0,Isobutanol,4,10,1,0,74,6,5,NA,NA,3.888888888888889E-2,NA,NA,1.4,5.8333333333333327E-2,24,NA,NA
13,1,1,1,no.3,1,180.16,199.82238010657193,6,12,6,0,0,0,0,0,0,0,0,0,0,0,0,NA,0.25,YE,30,2,JCL260,"lacZ, hsdR, araB, araA, araD, rhaD, rhaB, rhaA, lacIq, adhE, frdBC, fnr, ldhA, pta, pflB","0,0,0,0,0,0,0,0,1,0,0,0,0,0,0","alsS, ilvC, ilvD, kivd, ADH2","0,0,0,0,0","1,1,1,1,1","1,0,0,1,1","1,1,1,3,3","0,0,0,0,0","0,0,0,0,0","0,0,0,0,0","0,0,0,0,0",0,0,Isobutanol,4,10,1,0,74,6,5,NA,NA,0.18888888888888888,NA,NA,6.8,0.28333333333333333,24,NA,NA
13,1,1,1,no.4,1,180.16,199.82238010657193,6,12,6,0,0,0,0,0,0,0,0,0,0,0,0,NA,0.25,YE,30,2,SA542,"lacZ, hsdR, araB, araA, araD, rhaD, rhaB, rhaA, lacIq, adhE, frdBC, fnr,ldhA, pta, pflB, yqhD","0,0,0,0,0,0,0,0,1,0,0,0,0,0,0,0","alsS, ilvC, ilvD, kivd, ADH2","0,0,0,0,0","1,1,1,1,1","1,0,0,1,1","1,1,1,3,3","0,0,0,0,0","0,0,0,0,0","0,0,0,0,0","0,0,0,0,0",0,0,Isobutanol,4,10,1,0,74,6,5,NA,NA,0.10555555555555556,NA,NA,3.8,0.15833333333333333,24,NA,NA
13,1,1,1,no.5,1,180.16,199.82238010657193,6,12,6,0,0,0,0,0,0,0,0,0,0,0,0,NA,0.25,YE,30,2,JCL260,"lacZ, hsdR, araB, araA, araD, rhaD, rhaB, rhaA, lacIq, adhE, frdBC, fnr, ldhA, pta, pflB","0,0,0,0,0,0,0,0,1,0,0,0,0,0,0","alsS, ilvC, ilvD, kivd","0,0,0,0","1,1,1,1","1,0,0,1","1,1,1,3","0,0,0,0","0,0,0,0","0,0,0,0","0,0,0,0",0,0,Isobutanol,4,10,1,0,74,6,5,NA,NA,0.19444444444444445,NA,NA,7,0.29166666666666669,24,NA,NA
13,1,1,1,no.6,1,180.16,199.82238010657193,6,12,6,0,0,0,0,0,0,0,0,0,0,0,0,NA,0.25,YE,30,2,JCL260,"lacZ, hsdR, araB, araA, araD, rhaD, rhaB, rhaA, lacIq, adhE, frdBC, fnr, ldhA, pta, pflB","0,0,0,0,0,0,0,0,1,0,0,0,0,0,0","alsS, ilvC, ilvD, kivd, adhA","0,0,0,0,0","1,1,1,1,1","1,0,0,1,1","1,1,1,3,3","0,0,0,0,0","0,0,0,0,0","0,0,0,0,0","0,0,0,0,0",0,0,Isobutanol,4,10,1,0,74,6,5,NA,NA,0.22777777777777775,NA,NA,8.1999999999999993,0.34166666666666662,24,NA,NA
13,1,1,1,no.7,1,180.16,199.82238010657193,6,12,6,0,0,0,0,0,0,0,0,0,0,0,0,NA,0.25,YE,30,2,SA542,"lacZ, hsdR, araB, araA, araD, rhaD, rhaB, rhaA, lacIq, adhE, frdBC, fnr,ldhA, pta, pflB, yqhD","0,0,0,0,0,0,0,0,1,0,0,0,0,0,0,0","alsS, ilvC, ilvD, kivd, adhA","0,0,0,0,0","1,1,1,1,1","1,0,0,1,1","1,1,1,3,3","0,0,0,0,0","0,0,0,0,0","0,0,0,0,0","0,0,0,0,0",0,0,Isobutanol,4,10,1,0,74,6,5,NA,NA,0.21666666666666667,NA,NA,7.8,0.32500000000000001,24,NA,NA
13,1,1,1,no.8,1,180.16,199.82238010657193,6,12,6,0,0,0,0,0,0,0,0,0,0,0,0,NA,0.25,YE,30,2,SA542,"lacZ, hsdR, araB, araA, araD, rhaD, rhaB, rhaA, lacIq, adhE, frdBC, fnr,ldhA, pta, pflB, yqhD","0,0,0,0,0,0,0,0,1,0,0,0,0,0,0,0","alsS, ilvC, ilvD, kivd","0,0,0,0","1,1,1,1","1,0,0,1","1,1,1,3","0,0,0,0","0,0,0,0","0,0,0,0","0,0,0,0",0,0,Isobutanol,4,10,1,0,74,6,5,NA,NA,3.3333333333333333E-2,NA,NA,1.2,4.9999999999999996E-2,24,NA,NA
13,1,1,1,no.9,1,180.16,199.82238010657193,6,12,6,0,0,0,0,0,0,0,0,0,0,0,0,NA,0.25,YE,30,2,JCL260,"lacZ, hsdR, araB, araA, araD, rhaD, rhaB, rhaA, lacIq, adhE, frdBC, fnr, ldhA, pta, pflB","0,0,0,0,0,0,0,0,1,0,0,0,0,0,0","alsS, ilvC, ilvD, kivd","0,0,0,0","1,1,1,1","1,0,0,1","1,1,1,3","0,0,0,0","0,0,0,0","0,0,0,0","0,0,0,0",0,0,Isobutanol,4,10,1,0,74,6,5,NA,NA,0.19444444444444445,NA,NA,7,0.29166666666666669,24,NA,NA
13,1,1,1,no.10,1,180.16,199.82238010657193,6,12,6,0,0,0,0,0,0,0,0,0,0,0,0,NA,0.25,YE,30,2,JCL260,"lacZ, hsdR, araB, araA, araD, rhaD, rhaB, rhaA, lacIq, adhE, frdBC, fnr, ldhA, pta, pflB","0,0,0,0,0,0,0,0,1,0,0,0,0,0,0","alsS, ilvC, ilvD, kivd, yqhD","0,0,0,0,0","1,1,1,1,1","1,0,0,1,0","1,1,1,3,3","0,0,0,0","0,0,0,0","0,0,0,0","0,0,0,0",0,0,Isobutanol,4,10,1,0,74,6,5,NA,NA,0.18333333333333332,NA,NA,6.6,0.27499999999999997,24,NA,NA
13,1,1,1,no.11,1,180.16,199.82238010657193,6,12,6,0,0,0,0,0,0,0,0,0,0,0,0,NA,0.25,YE,30,2,SA542,"lacZ, hsdR, araB, araA, araD, rhaD, rhaB, rhaA, lacIq, adhE, frdBC, fnr,ldhA, pta, pflB, yqhD","0,0,0,0,0,0,0,0,1,0,0,0,0,0,0,0","alsS, ilvC, ilvD, kivd, yqhD","0,0,0,0,0","1,1,1,1,1","1,0,0,1,0","1,1,1,3,3","0,0,0,0","0,0,0,0","0,0,0,0","0,0,0,0",0,0,Isobutanol,4,10,1,0,74,6,5,NA,NA,0.18888888888888888,NA,NA,6.8,0.28333333333333333,24,NA,NA
15,1,1,1,no.1,13,342.29700000000003,116.85758274247218,12,22,11,0,0,0,0,0,0,0,0,0,0,0,0,NA,NA,YE,30,2,AL17,"lacZ, hsdR, araB, araA, araD, rhaD, rhaB, rhaA, lacIq, adhE, frdBC, fnr, ldhA, pta, pflB","0,0,0,0,0,0,0,0,1,0,0,0,0,0,0","kivd, adhA, alsS, ilvC, ilvD, omsY, bglC","0,0,0,0,0,0,0","1,1,1,1,1,1,1","1,1,1,0,0,0,1","3,3,3,3,3,1,1","0,0,0,0,0,0,1","0,0,0,0,0,0,0","0,0,0,0,0,0,0","0,0,0,0,0,0,0",0,0,Isobutanol,4,10,1,0,74,6,5,NA,1,0.191,NA,NA,7.64,0.1061111111111111,72,NA,NA
15,1,1,1,no.2,13,342.29700000000003,116.85758274247218,12,22,11,0,0,0,0,0,0,0,0,0,0,0,0,NA,NA,YE,30,2,AL17,"lacZ, hsdR, araB, araA, araD, rhaD, rhaB, rhaA, lacIq, adhE, frdBC, fnr, ldhA, pta, pflB","0,0,0,0,0,0,0,0,1,0,0,0,0,0,0","bglC, alsS, ilvC, ilvD, kivd, adhA","0,0,0,0,0,0","1,1,1,1,1,1","1,1,0,0,1,1","1,1,1,1,3,3","1,0,0,0,0,0","0,0,0,0,0,0","0,0,0,0,0,0","0,0,0,0,0,0",0,0,Isobutanol,4,10,1,0,74,6,5,NA,1,0.16899999999999998,NA,NA,6.76,9.3888888888888883E-2,72,NA,NA
15,1,1,1,no.3,13,342.29700000000003,116.85758274247218,12,22,11,0,0,0,0,0,0,0,0,0,0,0,0,NA,NA,YE,30,2,AL17,"lacZ, hsdR, araB, araA, araD, rhaD, rhaB, rhaA, lacIq, adhE, frdBC, fnr, ldhA, pta, pflB","0,0,0,0,0,0,0,0,1,0,0,0,0,0,0","kivd, adhA, bglC, alsS, ilvC, ilvD","0,0,0,0,0,0","1,1,1,1,1,1","1,1,1,1,0,0","3,3,1,1,1,1","0,0,1,0,0,0","0,0,0,0,0,0","0,0,0,0,0,0","0,0,0,0,0,0",0,0,Isobutanol,4,10,1,0,74,6,5,NA,1,5.3249999999999999E-2,NA,NA,2.13,2.9583333333333333E-2,72,NA,NA
15,1,1,1,no.4,1,180.16,222.02486678507992,6,12,6,0,0,0,0,0,0,0,0,0,0,0,0,NA,NA,YE,30,2,AL17,"lacZ, hsdR, araB, araA, araD, rhaD, rhaB, rhaA, lacIq, adhE, frdBC, fnr, ldhA, pta, pflB","0,0,0,0,0,0,0,0,1,0,0,0,0,0,0","kivd, adhA, alsS, ilvC, ilvD","0,0,0,0,0","1,1,1,1,1","1,1,1,0,0","3,3,3,3,3","0,0,0,0,0","0,0,0,0,0","0,0,0,0,0","0,0,0,0,0",0,0,Isobutanol,4,10,1,0,74,6,5,NA,1,0.19724999999999998,NA,NA,7.89,0.10958333333333332,72,NA,NA
15,1,1,1,no.5,13,342.29700000000003,116.85758274247218,12,22,11,0,0,0,0,0,0,0,0,0,0,0,0,NA,NA,YE,30,2,AL17,"lacZ, hsdR, araB, araA, araD, rhaD, rhaB, rhaA, lacIq, adhE, frdBC, fnr, ldhA, pta, pflB","0,0,0,0,0,0,0,0,1,0,0,0,0,0,0","kivd, adhA, alsS, ilvC, ilvD, osmY, bglC","0,0,0,0,0,0,0","1,1,1,1,1,1,1","1,1,1,0,0,0,1","3,3,3,3,3,1,1","0,0,0,0,0,0,1","0,0,0,0,0,0,0","0,0,0,0,0,0,0","0,0,0,0,0,0,0",0,0,Isobutanol,4,10,1,0,74,6,5,NA,1,8.249999999999999E-2,NA,NA,3.3,0.13749999999999998,24,NA,NA
15,1,1,1,no.6,1,180.16,222.02486678507992,6,12,6,0,0,0,0,0,0,0,0,0,0,0,0,NA,NA,YE,30,2,AL17,"lacZ, hsdR, araB, araA, araD, rhaD, rhaB, rhaA, lacIq, adhE, frdBC, fnr, ldhA, pta, pflB","0,0,0,0,0,0,0,0,1,0,0,0,0,0,0","kivd, adhA, alsS, ilvC, ilvD, osmY, bglC","0,0,0,0,0,0,0","1,1,1,1,1,1,1","1,1,1,0,0,0,1","3,3,3,3,3,1,1","0,0,0,0,0,0,1","0,0,0,0,0,0,0","0,0,0,0,0,0,0","0,0,0,0,0,0,0",0,0,Isobutanol,4,10,1,0,74,6,5,NA,1,0.16725000000000001,NA,NA,6.69,0.27875,24,NA,NA
15,1,1,1,no.7,1,180.16,222.02486678507992,6,12,6,0,0,0,0,0,0,0,0,0,0,0,0,NA,NA,YE,30,2,AL17,"lacZ, hsdR, araB, araA, araD, rhaD, rhaB, rhaA, lacIq, adhE, frdBC, fnr, ldhA, pta, pflB","0,0,0,0,0,0,0,0,1,0,0,0,0,0,0","kivd, adhA, alsS, ilvC, ilvD","0,0,0,0,0","1,1,1,1,1","1,1,1,0,0","3,3,3,3,3","0,0,0,0,0","0,0,0,0,0","0,0,0,0,0","0,0,0,0,0",0,0,Isobutanol,4,10,1,0,74,6,5,NA,1,0.1308,NA,NA,5.2320000000000002,0.218,24,NA,NA
15,1,1,1,no.8,13,342.29700000000003,116.85758274247218,12,22,11,0,0,0,0,0,0,0,0,0,0,0,0,NA,NA,YE,30,2,AL17,"lacZ, hsdR, araB, araA, araD, rhaD, rhaB, rhaA, lacIq, adhE, frdBC, fnr, ldhA, pta, pflB","0,0,0,0,0,0,0,0,1,0,0,0,0,0,0","kivd, adhA, bglC, alsS, ilvC, ilvD","0,0,0,0,0,0","1,1,1,1,1,1","1,1,1,1,0,0","3,3,1,1,1,1","0,0,1,0,0,0","0,0,0,0,0,0","0,0,0,0,0,0","0,0,0,0,0,0",0,0,Isobutanol,4,10,1,0,74,6,5,NA,1,5.5800000000000002E-2,NA,NA,2.2320000000000002,9.2999999999999999E-2,24,NA,NA
15,1,1,1,no.9,1,180.16,222.02486678507992,6,12,6,0,0,0,0,0,0,0,0,0,0,0,0,NA,NA,YE,30,2,AL17,"lacZ, hsdR, araB, araA, araD, rhaD, rhaB, rhaA, lacIq, adhE, frdBC, fnr, ldhA, pta, pflB","0,0,0,0,0,0,0,0,1,0,0,0,0,0,0","kivd, adhA, bglC, alsS, ilvC, ilvD","0,0,0,0,0,0","1,1,1,1,1,1","1,1,1,1,0,0","3,3,1,1,1,1","0,0,1,0,0,0","0,0,0,0,0,0","0,0,0,0,0,0","0,0,0,0,0,0",0,0,Isobutanol,4,10,1,0,74,6,5,NA,1,0.17159999999999997,NA,NA,6.863999999999999,0.28599999999999998,24,NA,NA
15,1,1,1,no.10,1,180.16,222.02486678507992,6,12,6,0,0,0,0,0,0,0,0,0,0,0,0,NA,NA,YE,30,2,AL17,"lacZ, hsdR, araB, araA, araD, rhaD, rhaB, rhaA, lacIq, adhE, frdBC, fnr, ldhA, pta, pflB","0,0,0,0,0,0,0,0,1,0,0,0,0,0,0","kivd, adhA, aslS, ilvC, ilvD","0,0,0,0,0","1,1,1,1,1","1,1,1,0,0","3,3,1,1,1","0,0,0,0,0","0,0,0,0,0","0,0,0,0,0","0,0,0,0,0",0,0,Isobutanol,4,10,1,0,74,6,5,NA,1,0.24000000000000005,NA,NA,9.6000000000000014,0.4,24,NA,NA
16,0,1,1,no.1 ,1,180.16,111.01243339253996,6,12,6,0,0,0,0,0,0,0,0,0,0,0,0,NA,0.25,RICH,37,2,ZL004,"ackA, pta, frd, pck, adhA, kivD, ilvD, tdcD, tdcE, alsS, ldhA, alsS, mgsA, ilvC, cat, sacB","0,0,0,1,1,1,0,0,1,0,1,0,1,1,1",NA,NA,NA,NA,NA,NA,NA,NA,NA,NA,NA,Isobutanol,4,10,1,0,74,6,5,0,2,0.11520104798063902,NA,NA,1.704806,1.1838930555555556E-2,144,NA,NA
16,0,1,1,no.2,1,180.16,111.01243339253996,6,12,6,0,0,0,0,0,0,0,0,0,0,0,0,NA,0.25,RICH,37,2,ZL005,"ackA, pta, frd, pck, adhA, kivD, ilvD, tdcD, tdcE, alsS, ldhA, alsS, mgsA, ilvC, cat, sacB","0,0,0,1,1,1,0,0,1,0,1,0,1,1,1",zwf,0,1,0,NA,0,0,0,0,0,0,Isobutanol,4,10,1,0,74,6,5,0,2,0.15222995626013011,NA,NA,2.3719040000000002,1.6471555555555559E-2,144,NA,NA
16,0,1,1,no.3,1,180.16,111.01243339253996,6,12,6,0,0,0,0,0,0,0,0,0,0,0,0,NA,0.25,RICH,37,2,ZL006,"ackA, pta, frd, pck, adhA, kivD, ilvD, tdcD, tdcE, alsS, ldhA, alsS, mgsA, ilvC, cat, sacB","0,0,0,1,1,1,0,0,1,0,1,0,1,1,1",zwf,0,1,0,NA,0,0,0,0,0,0,Isobutanol,4,10,1,0,74,6,5,0,2,0.16868724882879282,NA,NA,2.4830870000000003,1.7243659722222224E-2,144,NA,NA
16,0,1,1,no.4,1,180.16,111.01243339253996,6,12,6,0,0,0,0,0,0,0,0,0,0,0,0,NA,0.25,RICH,37,2,ZL007,"ackA, pta, frd, pck, adhA, kivD, ilvD, tdcD, tdcE, alsS, ldhA, alsS, mgsA, ilvC, cat, sacB","0,0,0,1,1,1,0,0,1,0,1,0,1,1,1",zwf,0,1,0,NA,0,0,0,0,0,0,Isobutanol,4,10,1,0,74,6,5,0,2,0.16045860254446145,NA,NA,2.3570796000000001,1.6368608333333333E-2,144,NA,NA
16,0,1,1,no.5,1,180.16,111.01243339253996,6,12,6,0,0,0,0,0,0,0,0,0,0,0,0,NA,0.25,RICH,37,2,ZL008,"ackA, pta, frd, pck, adhA, kivD, ilvD, tdcD, tdcE, alsS, ldhA, alsS, mgsA, ilvC, cat, sacB","0,0,0,1,1,1,0,0,1,0,1,0,1,1,1",zwf,0,1,0,NA,0,0,0,0,0,0,Isobutanol,4,10,1,0,74,6,5,0,2,0.12342969426497036,NA,NA,2.2236599999999997,1.5442083333333332E-2,144,NA,NA
16,0,1,1,no.6,1,180.16,111.01243339253996,6,12,6,0,0,0,0,0,0,0,0,0,0,0,0,NA,0.25,RICH,37,2,ZL009,"ackA, pta, frd, pck, adhA, kivD, ilvD, tdcD, tdcE, alsS, ldhA, alsS, mgsA, ilvC, cat, sacB","0,0,0,1,1,1,0,0,1,0,1,0,1,1,1",adhE,NA,NA,0,NA,0,0,0,0,0,0,Isobutanol,4,10,1,0,74,6,5,0,2,0.23040209596127803,NA,NA,2.6535675999999997,1.8427552777777776E-2,144,NA,NA
16,0,1,1,no.7,1,180.16,111.01243339253996,6,12,6,0,0,0,0,0,0,0,0,0,0,0,0,NA,0.25,RICH,37,2,ZL010,"ackA, pta, frd, pck, adhA, kivD, ilvD, tdcD, tdcE, alsS, ldhA, alsS, mgsA, ilvC, cat, sacB","0,0,0,1,1,1,0,0,1,0,1,0,1,1,1",adhE,NA,NA,0,NA,0,0,0,0,0,0,Isobutanol,4,10,1,0,74,6,5,0,2,0.24685938852994072,NA,NA,2.7054529999999999,1.8787868055555556E-2,144,NA,NA
16,0,1,1,no.8,1,180.16,111.01243339253996,6,12,6,0,0,0,0,0,0,0,0,0,0,0,0,NA,0.25,RICH,37,2,ZL015,"ackA, pta, frd, pck, adhA, kivD, ilvD, tdcD, tdcE, alsS, ldhA, alsS, mgsA, ilvC, cat, sacB","0,0,0,1,1,1,0,0,1,0,1,0,1,1,1",adhE,NA,NA,0,NA,0,0,0,0,0,0,Isobutanol,4,10,1,0,74,6,5,0,2,0.19748751082395255,NA,NA,1.9271720000000001,1.3383138888888889E-2,144,NA,NA
16,0,1,1,no.9,1,180.16,111.01243339253996,6,12,6,0,0,0,0,0,0,0,0,0,0,0,0,NA,0.25,RICH,37,2,ZL018,"ackA, pta, frd, pck, adhA, kivD, ilvD, tdcD, tdcE, alsS, ldhA, alsS, mgsA, ilvC, cat, sacB","0,0,0,1,1,1,0,0,1,0,1,0,1,1,1",adhE,NA,NA,0,NA,NA,NA,NA,NA,NA,NA,Isobutanol,4,10,1,0,74,6,5,0,2,0.22217344967694663,NA,NA,2.6683920000000003,1.8530500000000002E-2,144,NA,NA
16,0,1,1,no.10,1,180.16,111.01243339253996,6,12,6,0,0,0,0,0,0,0,0,0,0,0,0,NA,0.25,RICH,37,2,ZL019,"ackA, pta, frd, pck, adhA, kivD, ilvD, tdcD, tdcE, alsS, ldhA, alsS, mgsA, ilvC, cat, sacB","0,0,0,1,1,1,0,0,1,0,1,0,1,1,1","zwf, adhE",NA,NA,"0,0",NA,NA,NA,NA,NA,NA,NA,Isobutanol,4,10,1,0,74,6,5,0,2,0.25508803481427206,NA,NA,2.2977819999999998,1.5956819444444444E-2,144,NA,NA
16,0,1,1,no.11,1,180.16,111.01243339253996,6,12,6,0,0,0,0,0,0,0,0,0,0,0,0,NA,0.25,RICH,37,2,ZL020,"ackA, pta, frd, pck, adhA, kivD, ilvD, tdcD, tdcE, alsS, ldhA, alsS, mgsA, ilvC, cat, sacB","0,0,0,1,1,1,0,0,1,0,1,0,1,1,1","zwf, adhE",NA,NA,"0,0",NA,NA,NA,NA,NA,NA,NA,Isobutanol,4,10,1,0,74,6,5,0,2,0.22628777281911236,NA,NA,2.7425139999999999,1.904523611111111E-2,144,NA,NA
16,0,1,1,no.12,1,180.16,111.01243339253996,6,12,6,0,0,0,0,0,0,0,0,0,0,0,0,NA,0.25,RICH,37,2,ZL021,"ackA, pta, frd, pck, adhA, kivD, ilvD, tdcD, tdcE, alsS, ldhA, alsS, mgsA, ilvC, cat, sacB","0,0,0,1,1,1,0,0,1,0,1,0,1,1,1","zwf, adhE",NA,NA,"0,0",NA,NA,NA,NA,NA,NA,NA,Isobutanol,4,10,1,0,74,6,5,0,2,0.30445991252026022,NA,NA,4.0025880000000003,2.7795750000000001E-2,144,NA,NA
16,0,1,1,no.13,1,180.16,111.01243339253996,6,12,6,0,0,0,0,0,0,0,0,0,0,0,0,NA,0.25,RICH,37,2,ZL022,"ackA, pta, frd, pck, adhA, kivD, ilvD, tdcD, tdcE, alsS, ldhA, alsS, mgsA, ilvC, cat, sacB","0,0,0,1,1,1,0,0,1,0,1,0,1,1,1","zwf, adhE",NA,NA,"0,0",NA,NA,NA,NA,NA,NA,NA,Isobutanol,4,10,1,0,74,6,5,0,2,0.21394480339261529,NA,NA,2.5942700000000003,1.801576388888889E-2,144,NA,NA
18,1,1,1,no.1,1,180.16,111.01243339253996,6,12,6,0,0,0,0,0,0,0,0,0,0,0,0,1,5.0000000000000001E-3,LB,37,3,JCL191,"lacZ, hsdR, araB, araA, araD, rhaB, rhaA, rhaD, proA, proB, lacIq","0,0,0,0,0,0,0,0,0,0,1","atoB, adhE2, crt, bcd, etfBA, hbd","0,0,0,0,0,0","1,1,1,1,1,1","0,1,1,1,1,1","3,3,1,1,1,1","0,0,0,0,0,0","0,0,0,0,0,0","0,0,0,0,0,0","0,0,0,0,0,0",0,0,butanol,4,10,1,0,74,7,6,0,4,7.2064000000000004E-4,NA,NA,0.08,2E-3,40,NA,NA
18,1,1,1,no.2,1,180.16,111.01243339253996,6,12,6,0,0,0,0,0,0,0,0,0,0,0,0,1,1.2E-2,LB,37,2,JCL191,"lacZ, hsdR, araB, araA, araD, rhaB, rhaA, rhaD, proA, proB, lacIq","0,0,0,0,0,0,0,0,0,0,1","atoB, adhE2, crt, bcd, etfBA, hbd","0,0,0,0,0,0","1,1,1,1,1,1","0,1,1,1,1,1","3,3,1,1,1,1","0,0,0,0,0,0","0,0,0,0,0,0","0,0,0,0,0,0","0,0,0,0,0,0",0,0,butanol,4,10,1,0,74,7,6,0,8,3.6032000000000002E-4,NA,NA,0.04,1E-3,40,NA,NA
18,1,1,1,no.3,1,180.16,111.01243339253996,6,12,6,0,0,0,0,0,0,0,0,0,0,0,0,1,5.0000000000000001E-3,LB,37,3,JCL198,"lacZ, hsdR, araB, araA, araD, rhaB, rhaA, rhaD, proA, proB, lacIq","0,0,0,0,0,0,0,0,0,0,1","thl, adhE2, crt, bcd, etfAB, hbd","0,0,0,0,0,0","1,1,1,1,1,1","1,1,1,1,1,1","3,3,1,1,1,1","0,0,0,0,0,0","0,0,0,0,0,0","0,0,0,0,0,0","0,0,0,0,0,0",0,0,butanol,4,10,1,0,74,7,6,0,8,1.8016000000000001E-4,NA,NA,0.02,5.0000000000000001E-4,40,NA,NA
18,1,1,1,no.4,1,180.16,111.01243339253996,6,12,6,0,0,0,0,0,0,0,0,0,0,0,0,1,1.2E-2,LB,37,2,JCL198,"lacZ, hsdR, araB, araA, araD, rhaB, rhaA, rhaD, proA, proB, lacIq","0,0,0,0,0,0,0,0,0,0,1","thl, adhE2, crt, bcd, etfAB, hbd","0,0,0,0,0,0","1,1,1,1,1,1","1,1,1,1,1,1","3,3,1,1,1,1","0,0,0,0,0,0","0,0,0,0,0,0","0,0,0,0,0,0","0,0,0,0,0,0",0,0,butanol,4,10,1,0,74,7,6,0,8,1.4412800000000001E-4,NA,NA,1.6E-2,4.0000000000000002E-4,40,NA,NA
18,1,1,1,no.5,1,180.16,111.01243339253996,6,12,6,0,0,0,0,0,0,0,0,0,0,0,0,1,3.0000000000000001E-3,LB,37,1,JCL198,"lacZ, hsdR, araB, araA, araD, rhaB, rhaA, rhaD, proA, proB, lacIq","0,0,0,0,0,0,0,0,0,0,1","thl, adhE2, crt, bcd, etfAB, hbd","0,0,0,0,0,0","1,1,1,1,1,1","1,1,1,1,1,1","3,3,1,1,1,1","0,0,0,0,0,0","0,0,0,0,0,0","0,0,0,0,0,0","0,0,0,0,0,0",0,0,butanol,4,10,1,0,74,7,6,0,8,7.2064000000000007E-5,NA,NA,8.0000000000000002E-3,2.0000000000000001E-4,40,NA,NA
18,1,1,1,no.6,1,180.16,111.01243339253996,6,12,6,0,0,0,0,0,0,0,0,0,0,0,0,1,3.0000000000000001E-3,LB,37,1,JCL191,"lacZ, hsdR, araB, araA, araD, rhaB, rhaA, rhaD, proA, proB, lacIq","0,0,0,0,0,0,0,0,0,0,1","atoB, adhE2, crt, bcd, etfBA, hbd","0,0,0,0,0,0","1,1,1,1,1,1","0,1,1,1,1,1","3,3,1,1,1,1","0,0,0,0,0,0","0,0,0,0,0,0","0,0,0,0,0,0","0,0,0,0,0,0",0,0,butanol,4,10,1,0,74,7,6,0,8,3.6032000000000003E-5,NA,NA,4.0000000000000001E-3,1E-4,40,NA,NA
18,1,1,1,no.7,1,180.16,111.01243339253996,6,12,6,0,0,0,0,0,0,0,0,0,0,0,0,NA,5.0000000000000001E-3,LB,37,3,JCL187,"lacZ, hsdR, araB, araA, araD, rhaB, rhaA, rhaD, proA, proB, lacIq, adhE, ldhA, frdBC, fnr, pta","0,0,0,0,0,0,0,0,0,0,1,0,0,0,0,0","atoB, adhE2, crt, bcd, etfBA, hbd","0,0,0,0,0,0","1,1,1,1,1,1","0,1,1,1,1,1","3,3,1,1,1,1","0,0,0,0,0,0","0,0,0,0,0,0","0,0,0,0,0,0","0,0,0,0,0,0",0,0,butanol,4,10,1,0,74,7,6,0,8,1.3511999999999999E-3,NA,NA,0.15,6.2499999999999995E-3,24,NA,NA
18,1,1,1,no.8,1,180.16,111.01243339253996,6,12,6,0,0,0,0,0,0,0,0,0,0,0,0,NA,5.0000000000000001E-3,LB,37,3,JCL230,"lacZ, hsdR, araB, araA, araD, rhaB, rhaA, rhaD, proA, proB, lacIq, adhE, ldhA, frdBC, fnr, pta","0,0,0,0,0,0,0,0,0,0,1,0,0,0,0,0","atoB, adhE2, crt, bcd, ccr, hbd","0,0,0,0,0,0","1,1,1,1,1,1","1,1,1,1,1,1","3,3,1,1,1,1","0,0,0,0,0,0","0,0,0,0,0,0","0,0,0,0,0,0","0,0,0,0,0,0",0,0,butanol,4,10,1,0,74,7,6,0,8,1.8016000000000002E-5,NA,NA,2E-3,8.3333333333333331E-5,24,NA,NA
18,1,1,1,no.9,1,180.16,111.01243339253996,6,12,6,0,0,0,0,0,0,0,0,0,0,0,0,NA,5.0000000000000001E-3,LB,37,3,JCL235,"lacZ, hsdR, araB, araA, araD, rhaB, rhaA, rhaD, proA, proB, lacIq, adhE, ldhA, frdBC, fnr, pta","0,0,0,0,0,0,0,0,0,0,1,0,0,0,0,0","atoB, adhE2, crt, bcd, etfAB, hbd","0,0,0,0,0,0","1,1,1,1,1,1","1,1,1,1,1,1","3,3,1,1,1,1","0,0,0,0,0,0","0,0,0,0,0,0","0,0,0,0,0,0","0,0,0,0,0,0",0,0,butanol,4,10,1,0,74,7,6,0,8,9.0080000000000005E-5,NA,NA,0.01,4.1666666666666669E-4,24,NA,NA
18,1,1,1,no.10,1,180.16,111.01243339253996,6,12,6,0,0,0,0,0,0,0,0,0,0,0,0,NA,5.0000000000000001E-3,M9,37,3,JCL184,"lacZ, hsdR, araB, araA, araD, rhaB, rhaA, rhaD, proA, proB, lacIq, adhE, ldhA, frdBC","0,0,0,0,0,0,0,0,0,0,1,0,0,0","atoB, adhE2, crt, bcd, etfBA, hbd","0,0,0,0,0,0","1,1,1,1,1,1","0,1,1,1,1,1","3,3,1,1,1,1","0,0,0,0,0,0","0,0,0,0,0,0","0,0,0,0,0,0","0,0,0,0,0,0",0,0,butanol,4,10,1,0,74,7,6,0,8,2.4772000000000001E-3,NA,NA,0.27500000000000002,1.1458333333333334E-2,24,NA,NA
18,1,1,1,no.11,1,180.16,111.01243339253996,6,12,6,0,0,0,0,0,0,0,0,0,0,0,0,NA,5.0000000000000001E-3,M9,37,3,JCL185,"lacZ, hsdR, araB, araA, araD, rhaB, rhaA, rhaD, proA, proB, lacIq, adhE, ldhA, frdBC, fnr ","0,0,0,0,0,0,0,0,0,0,1,0,0,0","atoB, adhE2, crt, bcd, etfBA, hbd","0,0,0,0,0,0","1,1,1,1,1,1","0,1,1,1,1,1","3,3,1,1,1,1","0,0,0,0,0,0","0,0,0,0,0,0","0,0,0,0,0,0","0,0,0,0,0,0",0,0,butanol,4,10,1,0,74,7,6,0,8,1.4412800000000001E-3,NA,NA,0.16,6.6666666666666671E-3,24,NA,NA
18,1,1,1,no.12,1,180.16,111.01243339253996,6,12,6,0,0,0,0,0,0,0,0,0,0,0,0,NA,5.0000000000000001E-3,M9,37,3,JCL275,"lacZ, hsdR, araB, araA, araD, rhaB, rhaA, rhaD, proA, proB, lacIq, adhE, ldhA, frdBC, pta","0,0,0,0,0,0,0,0,0,0,1,0,0,0,0","atoB, adhE2, crt, bcd, etfBA, hbd","0,0,0,0,0,0","1,1,1,1,1,1","0,1,1,1,1,1","3,3,1,1,1,1","0,0,0,0,0,0","0,0,0,0,0,0","0,0,0,0,0,0","0,0,0,0,0,0",0,0,butanol,4,10,1,0,74,7,6,0,8,1.71152E-3,NA,NA,0.19,7.9166666666666673E-3,24,NA,NA
18,1,1,1,no.13,1,180.16,111.01243339253996,6,12,6,0,0,0,0,0,0,0,0,0,0,0,0,NA,5.0000000000000001E-3,M9,37,3,JCL187,"lacZ, hsdR, araB, araA, araD, rhaB, rhaA, rhaD, proA, proB, lacIq, adhE, ldhA, frdBC, fnr, pta","0,0,0,0,0,0,0,0,0,0,1,0,0,0,0,0","atoB, adhE2, crt, bcd, etfBA, hbd","0,0,0,0,0,0","1,1,1,1,1,1","0,1,1,1,1,1","3,3,1,1,1,1","0,0,0,0,0,0","0,0,0,0,0,0","0,0,0,0,0,0","0,0,0,0,0,0",0,0,butanol,4,10,1,0,74,7,6,0,8,3.3329600000000003E-3,NA,NA,0.37,1.5416666666666667E-2,24,NA,NA
18,1,1,1,no.14,1,180.16,111.01243339253996,6,12,6,0,0,0,0,0,0,0,0,0,0,0,0,NA,5.0000000000000001E-3,M9,37,3,JCL186,"lacZ, hsdR, araB, araA, araD, rhaB, rhaA, rhaD, proA, proB, lacIq, adhE, ldhA, frdBC, fnr, pflB","0,0,0,0,0,0,0,0,0,0,1,0,0,0,0,0","atoB, adhE2, crt, bcd, etfBA, hbd","0,0,0,0,0,0","1,1,1,1,1,1","0,1,1,1,1,1","3,3,1,1,1,1","0,0,0,0,0,0","0,0,0,0,0,0","0,0,0,0,0,0","0,0,0,0,0,0",0,0,butanol,4,10,1,0,74,7,6,0,8,4.5040000000000002E-5,NA,NA,5.0000000000000001E-3,2.0833333333333335E-4,24,NA,NA
18,1,1,1,no.15,1,180.16,111.01243339253996,6,12,6,0,0,0,0,0,0,0,0,0,0,0,0,NA,5.0000000000000001E-3,M9,37,3,JCL190,"lacZ, hsdR, araB, araA, araD, rhaB, rhaA, rhaD, proA, proB, lacIq, adhE, ldhA, frdBC, pta, pflB","0,0,0,0,0,0,0,0,0,0,1,0,0,0,0,0","atoB, adhE2, crt, bcd, etfBA, hbd","0,0,0,0,0,0","1,1,1,1,1,1","0,1,1,1,1,1","3,3,1,1,1,1","0,0,0,0,0,0","0,0,0,0,0,0","0,0,0,0,0,0","0,0,0,0,0,0",0,0,butanol,4,10,1,0,74,7,6,0,8,9.0080000000000005E-5,NA,NA,0.01,4.1666666666666669E-4,24,NA,NA
18,1,1,1,no.16,1,180.16,111.01243339253996,6,12,6,0,0,0,0,0,0,0,0,0,0,0,0,NA,5.0000000000000001E-3,M9,37,3,JCL262,"lacZ, hsdR, araB, araA, araD, rhaB, rhaA, rhaD, proA, proB, lacIq, adhE, ldhA, frdBC, fnr, pta, pflB","0,0,0,0,0,0,0,0,0,0,1,0,0,0,0,0,0","atoB, adhE2, crt, bcd, etfBA, hbd","0,0,0,0,0,0","1,1,1,1,1,1","0,1,1,1,1,1","3,3,1,1,1,1","0,0,0,0,0,0","0,0,0,0,0,0","0,0,0,0,0,0","0,0,0,0,0,0",0,0,butanol,4,10,1,0,74,7,6,0,8,1.8016000000000001E-4,NA,NA,0.02,8.3333333333333339E-4,24,NA,NA
18,1,1,1,no.17,1,180.16,111.01243339253996,6,12,6,0,0,0,0,0,0,0,0,0,0,0,0,NA,5.0000000000000001E-3,M9,37,3,JCL187,"lacZ, hsdR, araB, araA, araD, rhaB, rhaA, rhaD, proA, proB, lacIq, adhE, ldhA, frdBC, fnr, pta","0,0,0,0,0,0,0,0,0,0,1,0,0,0,0,0","atoB, adhE2, crt, bcd, etfBA, hbd","0,0,0,0,0,0","1,1,1,1,1,1","0,1,1,1,1,1","3,3,1,1,1,1","0,0,0,0,0,0","0,0,0,0,0,0","0,0,0,0,0,0","0,0,0,0,0,0",0,0,butanol,4,10,1,0,74,7,6,0,8,9.008000000000001E-4,NA,NA,0.1,4.1666666666666666E-3,24,NA,NA
18,1,1,1,no.18,1,180.16,NA,6,12,6,0,0,0,0,0,0,0,0,0,0,0,0,NA,5.0000000000000001E-3,TB,37,3,JCL187,"lacZ, hsdR, araB, araA, araD, rhaB, rhaA, rhaD, proA, proB, lacIq, adhE, ldhA, frdBC, fnr, pta","0,0,0,0,0,0,0,0,0,0,1,0,0,0,0,0","atoB, adhE2, crt, bcd, etfBA, hbd","0,0,0,0,0,0","1,1,1,1,1,1","0,1,1,1,1,1","3,3,1,1,1,1","0,0,0,0,0,0","0,0,0,0,0,0","0,0,0,0,0,0","0,0,0,0,0,0",0,0,butanol,4,10,1,0,74,7,6,0,8,NA,NA,NA,0.48,0.02,24,NA,NA
18,1,1,1,no.19,9,92.09,217.1788467803236,3,8,3,0,0,0,0,0,0,0,0,0,0,0,0,NA,5.0000000000000001E-3,TB,37,3,JCL187,"lacZ, hsdR, araB, araA, araD, rhaB, rhaA, rhaD, proA, proB, lacIq, adhE, ldhA, frdBC, fnr, pta","0,0,0,0,0,0,0,0,0,0,1,0,0,0,0,0","atoB, adhE2, crt, bcd, etfBA, hbd","0,0,0,0,0,0","1,1,1,1,1,1","0,1,1,1,1,1","3,3,1,1,1,1","0,0,0,0,0,0","0,0,0,0,0,0","0,0,0,0,0,0","0,0,0,0,0,0",0,0,butanol,4,10,1,0,74,7,6,0,8,2.5324750000000002E-3,NA,NA,0.55000000000000004,2.2916666666666669E-2,24,NA,NA
18,1,1,1,no.20,1,180.16,111.01243339253996,6,12,6,0,0,0,0,0,0,0,0,0,0,0,0,NA,5.0000000000000001E-3,TB,37,3,JCL187,"lacZ, hsdR, araB, araA, araD, rhaB, rhaA, rhaD, proA, proB, lacIq, adhE, ldhA, frdBC, fnr, pta","0,0,0,0,0,0,0,0,0,0,1,0,0,0,0,0","atoB, adhE2, crt, bcd, etfBA, hbd","0,0,0,0,0,0","1,1,1,1,1,1","0,1,1,1,1,1","3,3,1,1,1,1","0,0,0,0,0,0","0,0,0,0,0,0","0,0,0,0,0,0","0,0,0,0,0,0",0,0,butanol,4,10,1,0,74,7,6,0,4,4.5040000000000002E-3,NA,NA,0.5,2.0833333333333332E-2,24,NA,NA
19,1,1,1,no.1,9,92.09,54.294711695080899,3,8,3,0,0,0,0,0,0,0,0,0,0,0,0,1,6.0000000000000001E-3,TB,37,2,ED1.0 ,"mrr, hsdRMS, mcrBC, lacX74, deoR, recA, araD, ara, leu, galU, galK, rpsL, endA, nupG","0,0,0,0,1,0,0,0,0,1,1,1,0,1","crt, bcd, etfAB, hbd, thil, adhE1","0,0,0,0,0,0","1,1,1,1,1,1","1,1,1,1,1,1","13,13,13,13,14,14","0,0,0,0,0,0","0,0,0,0,0,0","0,0,0,0,0,0","0,0,0,0,0,0",0,0,butanol,4,10,1,0,74,7,6,0,4,6.2621200000000001E-4,NA,NA,3.4000000000000002E-2,7.0833333333333338E-4,48,NA,NA
19,1,1,1,no.2,9,92.09,54.294711695080899,3,8,3,0,0,0,0,0,0,0,0,0,0,0,0,1,6.0000000000000001E-3,TB,37,2,ED2.0 ,"mrr, hsdRMS, mcrBC, lacX74, deoR, recA, araD, ara, leu, galU, galK, rpsL, endA, nupG","0,0,0,0,1,0,0,0,0,1,1,1,0,1","crt, bcd, etfAB, hbd, thil, adhE1, bdhB","0,0,0,0,0,0,0","1,1,1,1,1,1,1","1,1,1,1,1,1,1","13,13,13,13,14,14,14","0,0,0,0,0,0,0","0,0,0,0,0,0,0","0,0,0,0,0,0,0","0,0,0,0,0,0,0",0,0,butanol,4,10,1,0,74,7,6,0,4,6.0779400000000004E-4,NA,NA,3.3000000000000002E-2,6.8750000000000007E-4,48,NA,NA
19,1,1,1,no.3,9,92.09,54.294711695080899,3,8,3,0,0,0,0,0,0,0,0,0,0,0,0,1,6.0000000000000001E-3,TB,37,2,EB1.0,"ompT, hsdSb, gal, dcm, T7 RNA polymerase","0,0,0,0,1","thil, hbd, crt, bcd, etfAB, adhE1","0,0,0,0,0,0","1,1,1,1,1,1","1,1,1,1,1,1","4,9,9,10,10,1","0,0,0,0,0,0","0,0,0,0,0,0","0,0,0,0,0,0","0,0,0,0,0,0",0,0,butanol,4,10,1,0,74,7,6,0,4,3.6836000000000004E-3,NA,NA,0.2,4.1666666666666666E-3,48,NA,NA
19,1,1,1,no.4,9,92.09,54.294711695080899,3,8,3,0,0,0,0,0,0,0,0,0,0,0,0,1,6.0000000000000001E-3,TB,37,2,EB2.C,"ompT, hsdSb, gal, dcm, T7 RNA polymerase","0,0,0,0,1","thil, hbd, crt, synccr, adhE1","0,0,0,0,0","1,1,1,1,1","1,1,1,1,1","4,9,9,10,1","0,0,0,1,0","0,0,0,0,0","0,0,0,0,0","0,0,0,0,0",0,0,butanol,4,10,1,0,74,7,6,0,4,1.6576199999999998E-3,NA,NA,0.09,1.8749999999999999E-3,48,NA,NA
19,1,1,1,no.5,9,92.09,54.294711695080899,3,8,3,0,0,0,0,0,0,0,0,0,0,0,0,1,6.0000000000000001E-3,TB,37,2,EB3.0,"ompT, hsdSb, gal, dcm, T7 RNA polymerase","0,0,0,0,1","atoB, hbd, crt, bcd, etfAB, adhE1","0,0,0,0,0,0","1,1,1,1,1,1","0,1,1,1,1,1","4,9,9,10,10,1","0,0,0,0,0,0","0,0,0,0,0,0","0,0,0,0,0,0","0,0,0,0,0,0",0,0,butanol,4,10,1,0,74,7,6,0,4,4.0519600000000003E-3,NA,NA,0.22,4.5833333333333334E-3,48,NA,NA
19,1,1,1,no.6,9,92.09,54.294711695080899,3,8,3,0,0,0,0,0,0,0,0,0,0,0,0,1,6.0000000000000001E-3,TB,37,2,EB4.0,"ompT, hsdSb, gal, dcm, T7 RNA polymerase","0,0,0,0,1","atoB, hbd, crt, bcd, etfAB, adhE2","0,0,0,0,0,0","1,1,1,1,1,1","0,1,1,1,1,1","4,9,9,10,10,1","0,0,0,0,0,0","0,0,0,0,0,0","0,0,0,0,0,0","0,0,0,0,0,0",0,0,butanol,4,10,1,0,74,7,6,0,4,4.2361400000000002E-3,NA,NA,0.23,4.7916666666666672E-3,48,NA,NA
19,1,1,1,no.7,9,92.09,54.294711695080899,3,8,3,0,0,0,0,0,0,0,0,0,0,0,0,1,6.0000000000000001E-3,TB,37,2,EB4.0,"ompT, hsdSb, gal, dcm, T7 RNA polymerase","0,0,0,0,1","atoB, hbd, crt, bcd, etfAB, adhE2","0,0,0,0,0,0","1,1,1,1,1,1","0,1,1,1,1,1","4,9,9,10,10,1","0,0,0,0,0,0","0,0,0,0,0,0","0,0,0,0,0,0","0,0,0,0,0,0",0,0,butanol,4,10,1,0,74,7,6,0,4,4.2361400000000002E-3,NA,NA,0.23,4.7916666666666672E-3,48,NA,NA
19,1,1,1,no.8,9,92.09,54.294711695080899,3,8,3,0,0,0,0,0,0,0,0,0,0,0,0,1,6.0000000000000001E-3,TB,37,2,EB4.F,"ompT, hsdSb, gal, dcm, T7 RNA polymerase","0,0,0,0,1","atoB, fdh1, hbd, crt, bcd, etfAB, adhE2","0,0,0,0,0,0,0","1,1,1,1,1,1,1","0,1,1,1,1,1,1","4,4,9,9,10,10,1","0,0,0,0,0,0,0","0,0,0,0,0,0,0","0,0,0,0,0,0,0","0,0,0,0,0,0,0",0,0,butanol,4,10,1,0,74,7,6,0,4,7.3672000000000008E-3,NA,NA,0.4,8.3333333333333332E-3,48,NA,NA
19,1,1,1,no.9,9,92.09,54.294711695080899,3,8,3,0,0,0,0,0,0,0,0,0,0,0,0,1,6.0000000000000001E-3,TB,37,2,EB4.F,"ompT, hsdSb, gal, dcm, T7 RNA polymerase","0,0,0,0,1","atoB, fdh1, hbd, crt, bcd, etfAB, adhE2","0,0,0,0,0,0,0","1,1,1,1,1,1,1","0,1,1,1,1,1,1","4,4,9,9,10,10,1","0,0,0,0,0,0,0","0,0,0,0,0,0,0","0,0,0,0,0,0,0","0,0,0,0,0,0,0",0,0,butanol,4,10,1,0,74,7,6,0,4,9.57736E-3,NA,NA,0.52,1.0833333333333334E-2,48,NA,NA
19,1,1,1,no.10,9,92.09,54.294711695080899,3,8,3,0,0,0,0,0,0,0,0,0,0,0,0,1,6.0000000000000001E-3,TB,37,2,EB4.G,"ompT, hsdSb, gal, dcm, T7 RNA polymerase","0,0,0,0,1","atoB, gapA, hbd, crt, bcd, etfAB, adhE2","0,0,0,0,0,0,0","1,1,1,1,1,1,1","0,0,1,1,1,1,1","4,4,9,9,10,10,1","0,0,0,0,0,0,0","0,0,0,0,0,0,0","0,0,0,0,0,0,0","0,0,0,0,0,0,0",0,0,butanol,4,10,1,0,74,7,6,0,4,1.068244E-2,NA,NA,0.57999999999999996,1.2083333333333333E-2,48,NA,NA
19,1,1,1,no.11,9,92.09,54.294711695080899,3,8,3,0,0,0,0,0,0,0,0,0,0,0,0,1,6.0000000000000001E-3,TB,37,2,EB4.GF,"ompT, hsdSb, gal, dcm, T7 RNA polymerase","0,0,0,0,1","atoB, gapA, fdh1, hbd, crt, bcd, etfAB, adhE2","0,0,0,0,0,0,0,0","1,1,1,1,1,1,1,1","0,0,1,1,1,1,1,1","4,4,4,9,9,10,10,1","0,0,0,0,0,0,0,0","0,0,0,0,0,0,0,0","0,0,0,0,0,0,0,0","0,0,0,0,0,0,0,0",0,0,butanol,4,10,1,0,74,7,6,0,4,5.8937600000000005E-3,NA,NA,0.32,6.6666666666666671E-3,48,NA,NA
20,1,1,1,no.1,1,180.16,399.64476021314385,6,12,6,0,0,0,0,0,0,0,0,0,0,0,0,1,0.02,YE,30,2,KS145,"lacZ, hsdR, araB, araA, araD, rhaB, rhaA, rhaD, proA, proB, lacIq, ilvI, ilvB","0,0,0,0,0,0,0,0,0,0,1,0,0","kivd, ADH2, cimA, leuA, leuB, leuC, leuD","0,0,0,0,0,0,0","1,1,1,1,1,1,1","1,1,1,0,0,0,0","3,3,1,1,1,1,1","0,0,0,0,0,0,0","0,0,0,0,0,0,0","0,0,0,0,0,0,0","0,0,0,0,0,0,0",0,0,butanol,4,10,1,0,74,14,5,0,0,4.5039999999999996E-5,NA,NA,1.7999999999999999E-2,4.4999999999999999E-4,40,NA,NA
20,1,1,1,no.2,1,180.16,399.64476021314385,6,12,6,0,0,0,0,0,0,0,0,0,0,0,0,1,0.02,YE,30,2,KS145,"lacZ, hsdR, araB, araA, araD, rhaB, rhaA, rhaD, proA, proB, lacIq, ilvI, ilvB","0,0,0,0,0,0,0,0,0,0,1,0,0","kivd, ADH2","0,0","1,1","1,1","3,3","0,0","0,0","0,0","0,0",0,0,butanol,4,10,1,0,74,14,5,0,0,2.5022222222222224E-5,NA,NA,0.01,2.5000000000000001E-4,40,NA,NA
20,1,1,1,no.3,1,180.16,399.64476021314385,6,12,6,0,0,0,0,0,0,0,0,0,0,0,0,1,0.02,YE,30,2,KS145,"lacZ, hsdR, araB, araA, araD, rhaB, rhaA, rhaD, proA, proB, lacIq, ilvI, ilvB","0,0,0,0,0,0,0,0,0,0,1,0,0","kivd, ADH2, cimA, leuA, leuB, leuC, leuD","0,0,0,0,0,0,0","1,1,1,1,1,1,1","1,1,1,0,0,0,0","3,3,1,1,1,1,1","0,0,0,0,0,0,0","0,0,0,0,0,0,0","0,0,1,0,0,0,0","0,0,0,0,0,0,0",0,0,butanol,4,10,1,0,74,14,5,0,0,9.8337333333333343E-4,NA,NA,0.39300000000000002,9.8250000000000004E-3,40,NA,NA
20,1,1,1,no.4,1,180.16,399.64476021314385,6,12,6,0,0,0,0,0,0,0,0,0,0,0,0,1,0.02,YE,30,2,KS145,"lacZ, hsdR, araB, araA, araD, rhaB, rhaA, rhaD, proA, proB, lacIq, ilvI, ilvB","0,0,0,0,0,0,0,0,0,0,1,0,0","kivd, ADH2, cimA, leuA, leuB, leuC, leuD","0,0,0,0,0,0,0","1,1,1,1,1,1,1","1,1,1,0,0,0,0","3,3,1,1,1,1,1","0,0,0,0,0,0,0","0,0,0,0,0,0,0","0,0,1,0,0,0,0","0,0,0,0,0,0,0",0,0,butanol,4,10,1,0,74,14,5,0,0,5.5048888888888885E-5,NA,NA,2.1999999999999999E-2,5.4999999999999992E-4,40,NA,NA
20,1,1,1,no.5,1,180.16,399.64476021314385,6,12,6,0,0,0,0,0,0,0,0,0,0,0,0,1,0.02,YE,30,2,KS145,"lacZ, hsdR, araB, araA, araD, rhaB, rhaA, rhaD, proA, proB, lacIq, ilvI, ilvB","0,0,0,0,0,0,0,0,0,0,1,0,0","kivd, ADH2, cimA, leuA, leuB, leuC, leuD","0,0,0,0,0,0,0","1,1,1,1,1,1,1","1,1,1,0,0,0,0","3,3,1,1,1,1,1","0,0,0,0,0,0,0","0,0,0,0,0,0,0","0,0,1,0,0,0,0","0,0,0,0,0,0,0",0,0,butanol,4,10,1,0,74,14,5,0,0,1.9267111111111111E-4,NA,NA,7.6999999999999999E-2,1.9250000000000001E-3,40,NA,NA
20,1,1,1,no.6,1,180.16,399.64476021314385,6,12,6,0,0,0,0,0,0,0,0,0,0,0,0,1,0.02,YE,30,2,KS145,"lacZ, hsdR, araB, araA, araD, rhaB, rhaA, rhaD, proA, proB, lacIq, ilvI, ilvB","0,0,0,0,0,0,0,0,0,0,1,0,0","kivd, ADH2, cimA, leuA, leuB, leuC, leuD","0,0,0,0,0,0,0","1,1,1,1,1,1,1","1,1,1,0,0,0,0","3,3,1,1,1,1,1","0,0,0,0,0,0,0","0,0,0,0,0,0,0","0,0,1,0,0,0,0","0,0,0,0,0,0,0",0,0,butanol,4,10,1,0,74,14,5,0,0,2.6523555555555556E-4,NA,NA,0.106,2.65E-3,40,NA,NA
20,1,1,1,no.7,1,180.16,399.64476021314385,6,12,6,0,0,0,0,0,0,0,0,0,0,0,0,1,0.02,YE,30,2,KS145,"lacZ, hsdR, araB, araA, araD, rhaB, rhaA, rhaD, proA, proB, lacIq, ilvI, ilvB","0,0,0,0,0,0,0,0,0,0,1,0,0","kivd, ADH2, cimA, leuA, leuB, leuC, leuD","0,0,0,0,0,0,0","1,1,1,1,1,1,1","1,1,1,0,0,0,0","3,3,1,1,1,1,1","0,0,0,0,0,0,0","0,0,0,0,0,0,0","0,0,1,0,0,0,0","0,0,0,0,0,0,0",0,0,butanol,4,10,1,0,74,14,5,0,0,1.3111644444444447E-3,NA,NA,0.52400000000000002,5.6956521739130435E-3,92,NA,NA
21,1,1,1,no.1,1,180.16,111.01243339253996,6,12,6,0,0,0,0,0,0,0,0,0,0,0,0,1,5.0000000000000001E-3,TB,37,2,JCL166,"lacZ, hsdR, araB, araA, araD, rhaB, rhaA, rhaD, proA, proB, lacIq, ldhA, adhE, frdBC","0,0,0,0,0,0,0,0,0,0,1,0,0,0","atoB, adhE2, crt, hbd","0,0,0,0","1,1,1,1","0,1,1,1","3,3,3,3","0,0,0,0","0,0,0,0","0,0,0,0","0,0,0,0",0,0,butanol,4,10,1,0,74,7,6,0,4,4.5040000000000005E-4,NA,NA,0.05,2.0833333333333333E-3,24,NA,NA
21,1,1,1,no.2,1,180.16,111.01243339253996,6,12,6,0,0,0,0,0,0,0,0,0,0,0,0,1,5.0000000000000001E-3,TB,37,2,JCL166,"lacZ, hsdR, araB, araA, araD, rhaB, rhaA, rhaD, proA, proB, lacIq, ldhA, adhE, frdBC","0,0,0,0,0,0,0,0,0,0,1,0,0,0","atoB, adhE2, crt, hbd, bcd, etfA, etfB","0,0,0,0,0,0,0","1,1,1,1,1,1,1","0,1,1,1,1,1,1","3,3,3,3,10,10,10","0,0,0,0,0,0,0","0,0,0,0,0,0,0","0,0,0,0,0,0,0","0,0,0,0,0,0,0",0,0,butanol,4,10,1,0,74,7,6,0,4,9.008000000000001E-4,NA,NA,0.1,4.1666666666666666E-3,24,NA,NA
21,1,1,1,no.3,1,180.16,111.01243339253996,6,12,6,0,0,0,0,0,0,0,0,0,0,0,0,1,5.0000000000000001E-3,TB,37,2,JCL166,"lacZ, hsdR, araB, araA, araD, rhaB, rhaA, rhaD, proA, proB, lacIq, ldhA, adhE, frdBC","0,0,0,0,0,0,0,0,0,0,1,0,0,0","atoB, adhE2, crt, hbd, ter","0,0,0,0,0","1,1,1,1,1","0,1,1,1,1","3,3,3,3,10","0,0,0,0,1","0,0,0,0,0","0,0,0,0,0","0,0,0,0,0",0,0,butanol,4,10,1,0,74,7,6,0,4,1.62144E-2,NA,NA,1.8,7.4999999999999997E-2,24,NA,NA
21,1,1,1,no.4,1,180.16,111.01243339253996,6,12,6,0,0,0,0,0,0,0,0,0,0,0,0,1,5.0000000000000001E-3,TB,37,2,JCL166,"lacZ, hsdR, araB, araA, araD, rhaB, rhaA, rhaD, proA, proB, lacIq, ldhA, adhE, frdBC","0,0,0,0,0,0,0,0,0,0,1,0,0,0","atoB, adhE2, crt, hbd, ter","0,0,0,0,0","1,1,1,1,1","0,1,1,1,1","3,3,3,3,10","0,0,0,0,1","0,0,0,0,0","0,0,0,0,0","0,0,0,0,0",0,0,butanol,4,10,1,0,74,7,6,0,4,9.008000000000001E-4,NA,NA,0.1,4.1666666666666666E-3,24,NA,NA
21,1,1,1,no.5,1,180.16,111.01243339253996,6,12,6,0,0,0,0,0,0,0,0,0,0,0,0,1,5.0000000000000001E-3,TB,37,2,JCL166,"lacZ, hsdR, araB, araA, araD, rhaB, rhaA, rhaD, proA, proB, lacIq, ldhA, adhE, frdBC","0,0,0,0,0,0,0,0,0,0,1,0,0,0","atoB, adhE2, crt, hbd, ter","0,0,0,0,0","1,1,1,1,1","0,1,1,1,1","3,3,3,3,10","0,0,0,0,1","0,0,0,0,0","0,0,0,0,0","0,0,0,0,0",0,0,butanol,4,10,1,0,74,7,6,0,4,1.8016000000000002E-3,NA,NA,0.2,8.3333333333333332E-3,24,NA,NA
21,1,1,1,no.6,1,180.16,111.01243339253996,6,12,6,0,0,0,0,0,0,0,0,0,0,0,0,1,5.0000000000000001E-3,TB,37,2,JCL166,"lacZ, hsdR, araB, araA, araD, rhaB, rhaA, rhaD, proA, proB, lacIq, ldhA, adhE, frdBC","0,0,0,0,0,0,0,0,0,0,1,0,0,0","atoB, adhE2, crt, hbd, ter","0,0,0,0,0","1,1,1,1,1","0,1,1,1,1","3,3,3,3,10","0,0,0,0,1","0,0,0,0,0","0,0,0,0,0","0,0,0,0,0",0,0,butanol,4,10,1,0,74,7,6,0,4,2.7023999999999998E-3,NA,NA,0.3,1.2499999999999999E-2,24,NA,NA
21,1,1,1,no.7,1,180.16,111.01243339253996,6,12,6,0,0,0,0,0,0,0,0,0,0,0,0,1,5.0000000000000001E-3,TB,37,2,JCL166,"lacZ, hsdR, araB, araA, araD, rhaB, rhaA, rhaD, proA, proB, lacIq, ldhA, adhE, frdBC","0,0,0,0,0,0,0,0,0,0,1,0,0,0","atoB, adhE2, crt, hbd, ter","0,0,0,0,0","1,1,1,1,1","0,1,1,1,1","3,3,3,3,10","0,0,0,0,1","0,0,0,0,0","0,0,0,0,1","0,0,0,0,0",0,0,butanol,4,10,1,0,74,7,6,0,4,1.2611199999999999E-2,NA,NA,1.4,5.8333333333333327E-2,24,NA,NA
21,1,1,1,no.8,1,180.16,111.01243339253996,6,12,6,0,0,0,0,0,0,0,0,0,0,0,0,1,5.0000000000000001E-3,TB,37,2,JCL166,"lacZ, hsdR, araB, araA, araD, rhaB, rhaA, rhaD, proA, proB, lacIq, ldhA, adhE, frdBC","0,0,0,0,0,0,0,0,0,0,1,0,0,0","atoB, adhE2, crt, hbd, ter","0,0,0,0,0","1,1,1,1,1","0,1,1,1,1","3,3,3,3,10","0,0,0,0,1","0,0,0,0,0","0,0,0,0,1","0,0,0,0,0",0,0,butanol,4,10,1,0,74,7,6,0,4,1.1710400000000001E-2,NA,NA,1.3,5.4166666666666669E-2,24,NA,NA
21,1,1,1,no.9,1,180.16,111.01243339253996,6,12,6,0,0,0,0,0,0,0,0,0,0,0,0,1,5.0000000000000001E-3,TB,37,2,JCL166,"lacZ, hsdR, araB, araA, araD, rhaB, rhaA, rhaD, proA, proB, lacIq, ldhA, adhE, frdBC","0,0,0,0,0,0,0,0,0,0,1,0,0,0","atoB, adhE2, crt, hbd, ter","0,0,0,0,0","1,1,1,1,1","0,1,1,1,1","3,3,3,3,10","0,0,0,0,1","0,0,0,0,0","0,0,0,0,1","0,0,0,0,0",0,0,butanol,4,10,1,0,74,7,6,0,4,1.2611199999999999E-2,NA,NA,1.4,5.8333333333333327E-2,24,NA,NA
21,1,1,1,no.10,1,180.16,111.01243339253996,6,12,6,0,0,0,0,0,0,0,0,0,0,0,0,1,0.02,TB,37,3,JCL166,"lacZ, hsdR, araB, araA, araD, rhaB, rhaA, rhaD, proA, proB, lacIq, ldhA, adhE, frdBC","0,0,0,0,0,0,0,0,0,0,1,0,0,0","atoB, adhE2, crt, hbd, ter","0,0,0,0,0","1,1,1,1,1","0,1,1,1,1","3,3,3,3,10","0,0,0,0,1","0,0,0,0,0","0,0,0,0,0","0,0,0,0,0",0,0,butanol,4,10,1,0,74,7,6,0,4,4.9544000000000003E-3,NA,NA,0.55000000000000004,2.2916666666666669E-2,24,NA,NA
21,1,1,1,no.11,1,180.16,111.01243339253996,6,12,6,0,0,0,0,0,0,0,0,0,0,0,0,1,5.0000000000000001E-3,TB,37,2,JCL166,"lacZ, hsdR, araB, araA, araD, rhaB, rhaA, rhaD, proA, proB, lacIq, ldhA, adhE, frdBC","0,0,0,0,0,0,0,0,0,0,1,0,0,0","atoB, adhE2, crt, hbd, ter","0,0,0,0,0","1,1,1,1,1","0,1,1,1,1","3,3,3,3,10","0,0,0,0,1","0,0,0,0,0","0,0,0,0,0","0,0,0,0,0",0,0,butanol,4,10,1,0,74,7,6,0,4,3.4230400000000001E-2,NA,NA,3.8,3.9583333333333331E-2,96,NA,NA
21,1,1,1,no.12,1,180.16,111.01243339253996,6,12,6,0,0,0,0,0,0,0,0,0,0,0,0,1,5.0000000000000001E-3,TB,37,2,JCL166,"lacZ, hsdR, araB, araA, araD, rhaB, rhaA, rhaD, proA, proB, lacIq, ldhA, adhE, frdBC","0,0,0,0,0,0,0,0,0,0,1,0,0,0","atoB, adhE2, crt, hbd, ter","0,0,0,0,0","1,1,1,1,1","0,1,1,1,1","3,3,3,3,10","0,0,0,0,1","0,0,0,0,0","0,0,0,0,0","0,0,0,0,0",0,0,butanol,4,10,1,0,74,7,6,0,4,2.7924800000000003E-2,NA,NA,3.1,3.229166666666667E-2,96,NA,NA
21,1,1,1,no.13,1,180.16,111.01243339253996,6,12,6,0,0,0,0,0,0,0,0,0,0,0,0,1,5.0000000000000001E-3,TB,37,2,JCL299,"lacZ, hsdR, araB, araA, araD, rhaB, rhaA, rhaD, proA, proB, lacIq, ldhA, adhE, frdBC, pta","0,0,0,0,0,0,0,0,0,0,1,0,0,0,0","atoB, adhE2, crt, hbd, ter, fdh","0,0,0,0,0,0","1,1,1,1,1,1","0,1,1,1,1,1","3,3,3,3,10,0","0,0,0,0,1,0","0,0,0,0,0,0","0,0,0,0,0,0","0,0,0,0,0,0",0,0,butanol,4,10,1,0,74,7,6,0,4,0.108096,NA,NA,12,0.125,96,NA,NA
21,1,1,1,no.14,1,180.16,111.01243339253996,6,12,6,0,0,0,0,0,0,0,0,0,0,0,0,1,5.0000000000000001E-3,TB,37,2,JCL166,"lacZ, hsdR, araB, araA, araD, rhaB, rhaA, rhaD, proA, proB, lacIq, ldhA, adhE, frdBC","0,0,0,0,0,0,0,0,0,0,1,0,0,0","atoB, adhE2, crt, hbd, ter, fdh","0,0,0,0,0,0","1,1,1,1,1,1","0,1,1,1,1,1","3,3,3,3,10,0","0,0,0,0,1,0","0,0,0,0,0,0","0,0,0,0,0,0","0,0,0,0,0,0",0,0,butanol,4,10,1,0,74,7,6,0,4,5.4047999999999999E-2,NA,NA,6,6.25E-2,96,NA,NA
21,1,1,1,no.15,1,180.16,111.01243339253996,6,12,6,0,0,0,0,0,0,0,0,0,0,0,0,1,5.0000000000000001E-3,TB,37,2,JCL166,"lacZ, hsdR, araB, araA, araD, rhaB, rhaA, rhaD, proA, proB, lacIq, ldhA, adhE, frdBC","0,0,0,0,0,0,0,0,0,0,1,0,0,0","atoB, adhE2, crt, hbd, ter","0,0,0,0,0","1,1,1,1,1","0,1,1,1,1","3,3,3,3,10","0,0,0,0,1","0,0,0,0,0","0,0,0,0,0","0,0,0,0,0",0,0,butanol,4,10,1,0,74,7,6,0,4,4.5040000000000004E-2,NA,NA,5,5.2083333333333336E-2,96,NA,NA
21,1,1,1,no.16,1,180.16,111.01243339253996,6,12,6,0,0,0,0,0,0,0,0,0,0,0,0,1,5.0000000000000001E-3,TB,37,2,JCL16,"lacZ, hsdR, araB, araA, araD, rhaB, rhaA, rhaD, proA, proB, lacIq","0,0,0,0,0,0,0,0,0,0,1","atoB, adhE2, crt, hbd, ter","0,0,0,0,0","1,1,1,1,1","0,1,1,1,1","3,3,3,3,10","0,0,0,0,1","0,0,0,0,0","0,0,0,0,0","0,0,0,0,0",0,0,butanol,4,10,1,0,74,7,6,0,4,7.2064000000000008E-3,NA,NA,0.8,3.3333333333333333E-2,24,NA,NA
21,1,1,1,no.17,1,180.16,111.01243339253996,6,12,6,0,0,0,0,0,0,0,0,0,0,0,0,1,5.0000000000000001E-3,TB,37,2,JCL16,"lacZ, hsdR, araB, araA, araD, rhaB, rhaA, rhaD, proA, proB, lacIq","0,0,0,0,0,0,0,0,0,0,1","atoB, adhE2, crt, hbd, ter, fdh","0,0,0,0,0,0","1,1,1,1,1,1","0,1,1,1,1,1","3,3,3,3,10,0","0,0,0,0,1,0","0,0,0,0,0,0","0,0,0,0,0,0","0,0,0,0,0,0",0,0,butanol,4,10,1,0,74,7,6,0,4,1.0809599999999999E-2,NA,NA,1.2,4.9999999999999996E-2,24,NA,NA
21,1,1,1,no.18,1,180.16,111.01243339253996,6,12,6,0,0,0,0,0,0,0,0,0,0,0,0,1,5.0000000000000001E-3,TB,37,2,JCL16,"lacZ, hsdR, araB, araA, araD, rhaB, rhaA, rhaD, proA, proB, lacIq","0,0,0,0,0,0,0,0,0,0,1","atoB, adhE2, crt, hbd, ter, fdh","0,0,0,0,0,0","1,1,1,1,1,1","0,1,1,1,1,1","3,3,3,3,10,0","0,0,0,0,1,0","0,0,0,0,0,0","0,0,0,0,0,0","0,0,0,0,0,0",0,0,butanol,4,10,1,0,74,7,6,0,4,9.9088000000000006E-3,NA,NA,1.1000000000000001,4.5833333333333337E-2,24,NA,NA
21,1,1,1,no.19,1,180.16,111.01243339253996,6,12,6,0,0,0,0,0,0,0,0,0,0,0,0,1,5.0000000000000001E-3,TB,37,2,JCL166,"lacZ, hsdR, araB, araA, araD, rhaB, rhaA, rhaD, proA, proB, lacIq, ldhA, adhE, frdBC","0,0,0,0,0,0,0,0,0,0,1,0,0,0","atoB, adhE2, crt, hbd, ter, fdh","0,0,0,0,0,0","1,1,1,1,1,1","0,1,1,1,1,1","3,3,3,3,10,0","0,0,0,0,1,0","0,0,0,0,0,0","0,0,0,0,0,0","0,0,0,0,0,0",0,0,butanol,4,10,1,0,74,7,6,0,4,1.2611199999999999E-2,NA,NA,1.4,5.8333333333333327E-2,24,NA,NA
21,1,1,1,no.20,1,180.16,111.01243339253996,6,12,6,0,0,0,0,0,0,0,0,0,0,0,0,1,5.0000000000000001E-3,TB,37,2,JCL299,"lacZ, hsdR, araB, araA, araD, rhaB, rhaA, rhaD, proA, proB, lacIq, ldhA, adhE, frdBC, pta","0,0,0,0,0,0,0,0,0,0,1,0,0,0,0","atoB, adhE2, crt, hbd, ter, fdh","0,0,0,0,0,0","1,1,1,1,1,1","0,1,1,1,1,1","3,3,3,3,10,0","0,0,0,0,1,0","0,0,0,0,0,0","0,0,0,0,0,0","0,0,0,0,0,0",0,0,butanol,4,10,1,0,74,7,6,0,4,4.5940799999999997E-2,NA,NA,5.0999999999999996,0.21249999999999999,24,NA,NA
21,1,1,1,no.21,1,180.16,111.01243339253996,6,12,6,0,0,0,0,0,0,0,0,0,0,0,0,1,5.0000000000000001E-3,TB,37,2,JCL299,"lacZ, hsdR, araB, araA, araD, rhaB, rhaA, rhaD, proA, proB, lacIq, ldhA, adhE, frdBC, pta","0,0,0,0,0,0,0,0,0,0,1,0,0,0,0","atoB, adhE2, crt, hbd, ter, fdh","0,0,0,0,0,0","1,1,1,1,1,1","0,1,1,1,1,1","3,3,3,3,10,0","0,0,0,0,1,0","0,0,0,0,0,0","0,0,0,0,0,0","0,0,0,0,0,0",0,0,butanol,4,10,1,0,74,7,6,0,4,7.0262400000000003E-2,NA,NA,7.8,0.26,30,NA,NA
21,1,1,1,no.22,9,92.09,54.294711695080899,3,8,3,0,0,0,0,0,0,0,0,0,0,0,0,1,5.0000000000000001E-3,TB,37,2,JCL299,"lacZ, hsdR, araB, araA, araD, rhaB, rhaA, rhaD, proA, proB, lacIq, ldhA, adhE, frdBC, pta","0,0,0,0,0,0,0,0,0,0,1,0,0,0,0","atoB, adhE2, crt, hbd, ter, fdh","0,0,0,0,0,0","1,1,1,1,1,1","0,1,1,1,1,1","3,3,3,3,10,0","0,0,0,0,1,0","0,0,0,0,0,0","0,0,0,0,0,0","0,0,0,0,0,0",0,0,butanol,4,10,1,0,74,7,6,0,4,1.8418E-2,NA,NA,1,3.3333333333333333E-2,30,NA,NA
21,1,1,1,no.23,1,180.16,111.01243339253996,6,12,6,0,0,0,0,0,0,0,0,0,0,0,0,1,5.0000000000000001E-3,TB,37,2,JCL299,"lacZ, hsdR, araB, araA, araD, rhaB, rhaA, rhaD, proA, proB, lacIq, ldhA, adhE, frdBC, pta","0,0,0,0,0,0,0,0,0,0,1,0,0,0,0","atoB, adhE2, crt, hbd, ter, fdh","0,0,0,0,0,0","1,1,1,1,1,1","0,1,1,1,1,1","3,3,3,3,10,0","0,0,0,0,1,0","0,0,0,0,0,0","0,0,0,0,0,0","0,0,0,0,0,0",0,0,butanol,4,10,1,0,74,7,6,0,4,4.5040000000000004E-2,NA,NA,5,0.16666666666666666,30,NA,NA
21,1,1,1,no.24,1,180.16,111.01243339253996,6,12,6,0,0,0,0,0,0,0,0,0,0,0,0,1,5.0000000000000001E-3,TB,37,2,JCL299,"lacZ, hsdR, araB, araA, araD, rhaB, rhaA, rhaD, proA, proB, lacIq, ldhA, adhE, frdBC, pta","0,0,0,0,0,0,0,0,0,0,1,0,0,0,0","atoB, adhE2, crt, hbd, ter, fdh","0,0,0,0,0,0","1,1,1,1,1,1","0,1,1,1,1,1","3,3,3,3,10,0","0,0,0,0,1,0","0,0,0,0,0,0","0,0,0,0,0,0","0,0,0,0,0,0",0,0,butanol,4,10,1,0,74,7,6,0,4,2.7023999999999999E-2,NA,NA,3,0.1,30,NA,NA
21,1,1,1,no.25,1,180.16,111.01243339253996,6,12,6,0,0,0,0,0,0,0,0,0,0,0,0,1,5.0000000000000001E-3,TB,37,2,JCL299,"lacZ, hsdR, araB, araA, araD, rhaB, rhaA, rhaD, proA, proB, lacIq, ldhA, adhE, frdBC, pta","0,0,0,0,0,0,0,0,0,0,1,0,0,0,0","atoB, adhE2, crt, hbd, ter, fdh","0,0,0,0,0,0","1,1,1,1,1,1","0,1,1,1,1,1","3,3,3,3,10,0","0,0,0,0,1,0","0,0,0,0,0,0","0,0,0,0,0,0","0,0,0,0,0,0",0,0,butanol,4,10,1,0,74,7,6,0,4,6.3056000000000001E-2,NA,NA,7,0.23333333333333334,30,NA,NA
21,1,1,1,no.26,1,180.16,111.01243339253996,6,12,6,0,0,0,0,0,0,0,0,0,0,0,0,3,0.35,LB,30,2,JCL299,"lacZ, hsdR, araB, araA, araD, rhaB, rhaA, rhaD, proA, proB, lacIq, ldhA, adhE, frdBC, pta","0,0,0,0,0,0,0,0,0,0,1,0,0,0,0","atoB, adhE2, crt, hbd, ter, fdh","0,0,0,0,0,0","1,1,1,1,1,1","0,1,1,1,1,1","3,3,3,3,10,0","0,0,0,0,1,0","0,0,0,0,0,0","0,0,0,0,0,0","0,0,0,0,0,0",0,0,butanol,4,10,1,0,74,7,6,0,4,0.27024000000000004,NA,NA,30,0.17857142857142858,168,NA,NA
21,1,1,1,no.27,1,180.16,111.01243339253996,6,12,6,0,0,0,0,0,0,0,0,0,0,0,0,3,0.35,LB,30,2,JCL299,"lacZ, hsdR, araB, araA, araD, rhaB, rhaA, rhaD, proA, proB, lacIq, ldhA, adhE, frdBC, pta","0,0,0,0,0,0,0,0,0,0,1,0,0,0,0","atoB, adhE2, crt, hbd, ter, fdh","0,0,0,0,0,0","1,1,1,1,1,1","0,1,1,1,1,1","3,3,3,3,10,0","0,0,0,0,1,0","0,0,0,0,0,0","0,0,0,0,0,0","0,0,0,0,0,0",0,0,butanol,4,10,1,0,74,7,6,0,4,0.252224,NA,NA,28,0.16666666666666666,168,NA,NA
22,1,1,1,no.1,1,180.16,166.51865008880995,6,12,6,0,0,0,0,0,0,0,0,0,0,0,0,1,1.2E-2,YE,30,2,CRS-BuOH12,"lacZ, hsdR, araB, araA, araD, rhaB, rhaA, rhaD, proA, proB, lacIq","0,0,0,0,0,0,0,0,0,0,1","thrA, thrB, thrC, ilvA, leuA, leuB, leuC, leuD, kivd, ADH2, lacI","0,0,0,0,0,0,0,0,0,0,0","1,1,1,1,1,1,1,1,1,1,1","0,0,0,0,0,0,0,0,1,1,0","0,0,0,1,1,1,1,1,3,3,3","0,0,0,0,0,0,0,0,0,0,0","0,0,0,0,0,0,0,0,0,0,0","1,0,0,0,0,0,0,0,0,0,0","0,0,0,0,0,0,0,0,0,0,0",0,0,butanol,4,10,1,0,74,15,7,0,0,5.8852266666666671E-4,NA,NA,9.8000000000000004E-2,1.0208333333333334E-3,96,NA,NA
22,1,1,1,no.2,1,180.16,166.51865008880995,6,12,6,0,0,0,0,0,0,0,0,0,0,0,0,1,1.2E-2,YE,30,2,CRS-BuOH31,"lacZ, hsdR, araB, araA, araD, rhaB, rhaA, rhaD, proA, proB, lacIq","0,0,0,0,0,0,0,0,0,0,1","ilvA, leuA, leuB, leuC, leuD, kivd, ADH2, lacI","0,0,0,0,0,0,0,0","1,1,1,1,1,1,1,1","0,0,0,0,0,1,1,0","1,1,1,1,1,3,3,3","0,0,0,0,0,0,0,0","0,0,0,0,0,0,0,0","0,0,0,0,0,0,0,0","0,0,0,0,0,0,0,0",0,0,butanol,4,10,1,0,74,15,7,0,0,1.8015999999999998E-4,NA,NA,0.03,2.941176470588235E-4,102,NA,NA
22,1,1,1,no.3,1,180.16,166.51865008880995,6,12,6,0,0,0,0,0,0,0,0,0,0,0,0,1,1.2E-2,YE,30,2,CRS-BuOH31,"lacZ, hsdR, araB, araA, araD, rhaB, rhaA, rhaD, proA, proB, lacIq","0,0,0,0,0,0,0,0,0,0,1","ilvA, leuA, leuB, leuC, leuD, kivd, ADH2, lacI","0,0,0,0,0,0,0,0","1,1,1,1,1,1,1,1","0,0,0,0,0,1,1,0","1,1,1,1,1,3,3,3","0,0,0,0,0,0,0,0","0,0,0,0,0,0,0,0","0,0,0,0,0,0,0,0","0,0,0,0,0,0,0,0",0,0,butanol,4,10,1,0,74,15,7,0,0,4.8042666666666669E-3,NA,NA,0.8,8.3333333333333332E-3,96,NA,NA
22,1,1,1,no.4,1,180.16,166.51865008880995,6,12,6,0,0,0,0,0,0,0,0,0,0,0,0,1,1.2E-2,YE,30,2,CRS-BuOH12,"lacZ, hsdR, araB, araA, araD, rhaB, rhaA, rhaD, proA, proB, lacIq","0,0,0,0,0,0,0,0,0,0,1","thrA, thrB, thrC, ilvA, leuA, leuB, leuC, leuD, kivd, ADH2, lacI","0,0,0,0,0,0,0,0,0,0,0","1,1,1,1,1,1,1,1,1,1,1","0,0,0,0,0,0,0,0,1,1,0","0,0,0,1,1,1,1,1,3,3,3","0,0,0,0,0,0,0,0,0,0,0","0,0,0,0,0,0,0,0,0,0,0","1,0,0,0,0,0,0,0,0,0,0","0,0,0,0,0,0,0,0,0,0,0",0,0,butanol,4,10,1,0,74,15,7,0,0,4.8042666666666669E-4,NA,NA,0.08,1.1111111111111111E-3,72,NA,NA
22,1,1,1,no.5,1,180.16,166.51865008880995,6,12,6,0,0,0,0,0,0,0,0,0,0,0,0,1,1.2E-2,YE,30,2,CRS-BuOH32,"lacZ, hsdR, araB, araA, araD, rhaB, rhaA, rhaD, proA, proB, lacIq, metA","0,0,0,0,0,0,0,0,0,0,1,0","thrA, thrB, thrC, ilvA, leuA, leuB, leuC, leuD, kivd, ADH2, lacI","0,0,0,0,0,0,0,0,0,0,0","1,1,1,1,1,1,1,1,1,1,1","0,0,0,0,0,0,0,0,1,1,0","0,0,0,1,1,1,1,1,3,3,3","0,0,0,0,0,0,0,0,0,0,0","0,0,0,0,0,0,0,0,0,0,0","1,0,0,0,0,0,0,0,0,0,0","0,0,0,0,0,0,0,0,0,0,0",0,0,butanol,4,10,1,0,74,15,7,0,0,1.8016E-3,NA,NA,0.3,4.1666666666666666E-3,72,NA,NA
22,1,1,1,no.6,1,180.16,166.51865008880995,6,12,6,0,0,0,0,0,0,0,0,0,0,0,0,1,1.2E-2,YE,30,2,CRS-BuOH2,"lacZ, hsdR, araB, araA, araD, rhaB, rhaA, rhaD, proA, proB, lacIq, metA, tdh","0,0,0,0,0,0,0,0,0,0,1,0,0","thrA, thrB, thrC, ilvA, leuA, leuB, leuC, leuD, kivd, ADH2, lacI","0,0,0,0,0,0,0,0,0,0,0","1,1,1,1,1,1,1,1,1,1,1","0,0,0,0,0,0,0,0,1,1,0","0,0,0,1,1,1,1,1,3,3,3","0,0,0,0,0,0,0,0,0,0,0","0,0,0,0,0,0,0,0,0,0,0","1,0,0,0,0,0,0,0,0,0,0","0,0,0,0,0,0,0,0,0,0,0",0,0,butanol,4,10,1,0,74,15,7,0,0,2.4021333333333335E-3,NA,NA,0.4,5.5555555555555558E-3,72,NA,NA
22,1,1,1,no.7,1,180.16,166.51865008880995,6,12,6,0,0,0,0,0,0,0,0,0,0,0,0,1,1.2E-2,YE,30,2,CRS-BuOH11,"lacZ, hsdR, araB, araA, araD, rhaB, rhaA, rhaD, proA, proB, lacIq, metA, tdh, ilvB, ilvI","0,0,0,0,0,0,0,0,0,0,1,0,0,0,0","thrA, thrB, thrC, ilvA, leuA, leuB, leuC, leuD, kivd, ADH2, lacI","0,0,0,0,0,0,0,0,0,0,0","1,1,1,1,1,1,1,1,1,1,1","0,0,0,0,0,0,0,0,1,1,0","0,0,0,1,1,1,1,1,3,3,3","0,0,0,0,0,0,0,0,0,0,0","0,0,0,0,0,0,0,0,0,0,0","1,0,0,0,0,0,0,0,0,0,0","0,0,0,0,0,0,0,0,0,0,0",0,0,butanol,4,10,1,0,74,15,7,0,0,4.8042666666666669E-3,NA,NA,0.8,1.1111111111111112E-2,72,NA,NA
22,1,1,1,no.8,1,180.16,166.51865008880995,6,12,6,0,0,0,0,0,0,0,0,0,0,0,0,1,1.2E-2,YE,30,2,CRS-BuOH23,"lacZ, hsdR, araB, araA, araD, rhaB, rhaA, rhaD, proA, proB, lacIq, metA, tdh, ilvB, ilvI, adhE","0,0,0,0,0,0,0,0,0,0,1,0,0,0,0,0","thrA, thrB, thrC, ilvA, leuA, leuB, leuC, leuD, kivd, ADH2, lacI","0,0,0,0,0,0,0,0,0,0,0","1,1,1,1,1,1,1,1,1,1,1","0,0,0,0,0,0,0,0,1,1,0","0,0,0,1,1,1,1,1,3,3,3","0,0,0,0,0,0,0,0,0,0,0","0,0,0,0,0,0,0,0,0,0,0","1,0,0,0,0,0,0,0,0,0,0","0,0,0,0,0,0,0,0,0,0,0",0,0,butanol,4,10,1,0,74,15,7,0,0,5.2846933333333332E-3,NA,NA,0.88,1.2222222222222223E-2,72,NA,NA
22,1,1,1,no.9,1,180.16,166.51865008880995,6,12,6,0,0,0,0,0,0,0,0,0,0,0,0,1,1.2E-2,YE,30,2,CRS24,"lacZ, hsdR, araB, araA, araD, rhaB, rhaA, rhaD, proA, proB, lacIq, metA, tdh, ilvB, ilvI","0,0,0,0,0,0,0,0,0,0,1,0,0,0,0","thrA, thrB, thrC, ilvA, leuA, leuB, leuC, leuD, kivd, ADH2, lacI","0,0,0,0,0,0,0,0,0,0,0","1,1,1,1,1,1,1,1,1,1,1","0,0,0,0,0,0,0,0,1,1,0","0,0,0,1,1,1,1,1,3,3,3","0,0,0,0,0,0,0,0,0,0,0","0,0,0,0,0,0,0,0,0,0,0","1,0,0,0,0,0,0,0,0,0,0","0,0,0,0,0,0,0,0,0,0,0",0,0,butanol,4,10,1,0,74,15,7,0,0,4.8042666666666669E-3,NA,NA,0.8,1.1111111111111112E-2,72,NA,NA
22,1,1,1,no.10,1,180.16,166.51865008880995,6,12,6,0,0,0,0,0,0,0,0,0,0,0,0,1,1.2E-2,YE,30,2,CRS24,"lacZ, hsdR, araB, araA, araD, rhaB, rhaA, rhaD, proA, proB, lacIq, metA, tdh, ilvB, ilvI","0,0,0,0,0,0,0,0,0,0,1,0,0,0,0","thrA, thrB, thrC, ilvA, leuA, leuB, leuC, leuD, kivd, ADH2, lacI","0,0,0,0,0,0,0,0,0,0,0","1,1,1,1,1,1,1,1,1,1,1","0,0,0,0,0,0,0,0,1,1,0","0,0,0,1,1,1,1,1,3,3,3","0,0,0,0,0,0,0,0,0,0,0","0,0,0,0,0,0,0,0,0,0,0","1,0,0,0,1,0,0,0,0,0,0","0,0,0,0,0,0,0,0,0,0,0",0,0,butanol,4,10,1,0,74,15,7,0,0,4.6841599999999997E-3,NA,NA,0.78,1.0833333333333334E-2,72,NA,NA
22,1,1,1,no.11,1,180.16,166.51865008880995,6,12,6,0,0,0,0,0,0,0,0,0,0,0,0,1,1.2E-2,YE,30,2,CRS24,"lacZ, hsdR, araB, araA, araD, rhaB, rhaA, rhaD, proA, proB, lacIq, metA, tdh, ilvB, ilvI","0,0,0,0,0,0,0,0,0,0,1,0,0,0,0","thrA, thrB, thrC, tdcB, leuA, leuB, leuC, leuD, kivd, ADH2, lacI","0,0,0,0,0,0,0,0,0,0,0","1,1,1,1,1,1,1,1,1,1,1","0,0,0,0,0,0,0,0,1,1,0","0,0,0,1,1,1,1,1,3,3,3","0,0,0,0,0,0,0,0,0,0,0","0,0,0,0,0,0,0,0,0,0,0","1,0,0,0,0,0,0,0,0,0,0","0,0,0,0,0,0,0,0,0,0,0",0,0,butanol,4,10,1,0,74,15,7,0,0,3.7233066666666668E-3,NA,NA,0.62,8.611111111111111E-3,72,NA,NA
22,1,1,1,no.12,1,180.16,166.51865008880995,6,12,6,0,0,0,0,0,0,0,0,0,0,0,0,1,1.2E-2,YE,30,2,CRS24,"lacZ, hsdR, araB, araA, araD, rhaB, rhaA, rhaD, proA, proB, lacIq, metA, tdh, ilvB, ilvI","0,0,0,0,0,0,0,0,0,0,1,0,0,0,0","thrA, thrB, thrC, tdcB, leuA, leuB, leuC, leuD, kivd, ADH2, lacI","0,0,0,0,0,0,0,0,0,0,0","1,1,1,1,1,1,1,1,1,1,1","0,0,0,0,0,0,0,0,1,1,0","0,0,0,1,1,1,1,1,3,3,3","0,0,0,0,0,0,0,0,0,0,0","0,0,0,0,0,0,0,0,0,0,0","1,0,0,0,1,0,0,0,0,0,0","0,0,0,0,0,0,0,0,0,0,0",0,0,butanol,4,10,1,0,74,15,7,0,0,4.0836266666666671E-3,NA,NA,0.68,9.4444444444444445E-3,72,NA,NA
23,1,0,1,no.1,1,180.16,55.506216696269981,6,12,6,0,0,0,0,0,0,0,0,0,0,0,0,3,2.4,M9,37,2,YYC202,"zbi, poxB, aceE, aceF, rpsL, pps, pfl","0,0,0,0,0,0,0",NA,NA,NA,NA,NA,NA,NA,NA,NA,NA,NA,l-lactate,3,6,3,0,90,6,1,0,1,7.51,NA,NA,75.099999999999994,2.3468749999999998,32,NA,NA
23,1,0,1,no.2,1,180.16,55.506216696269981,6,12,6,0,0,0,0,0,0,0,0,0,0,0,0,3,2.4,M9,37,2,YYC202,"zbi, poxB, aceE, aceF, rpsL, pps, pfl","0,0,0,0,0,0,0",NA,NA,NA,NA,NA,NA,NA,NA,NA,NA,NA,l-lactate,3,6,3,0,90,6,1,0,1,9,NA,NA,90,2.8125,32,NA,NA
23,1,0,1,no.3,1,180.16,55.506216696269981,6,12,6,0,0,0,0,0,0,0,0,0,0,0,0,3,2.4,M9,37,2,ALS961,"zbi, poxB, aceE, aceF, rpsL, pps, pfl, ppc","0,0,0,0,0,0,0,0",NA,NA,NA,NA,NA,NA,NA,NA,NA,NA,NA,l-lactate,3,6,3,0,90,6,1,0,1,1.41,NA,NA,14.1,0.44062499999999999,32,NA,NA
23,1,0,1,no.4,1,180.16,55.506216696269981,6,12,6,0,0,0,0,0,0,0,0,0,0,0,0,3,2.4,M9,37,2,ALS974,"zbi, poxB, aceE, aceF, rpsL, pps, pfl, frdA, frdB, frdC, frdD","0,0,0,0,0,0,0,0,0,0,0",NA,NA,NA,NA,NA,NA,NA,NA,NA,NA,NA,l-lactate,3,6,3,0,90,6,1,0,1,9.1999999999999993,NA,NA,92,2.875,32,NA,NA
23,1,0,1,no.5,1,180.16,55.506216696269981,6,12,6,0,0,0,0,0,0,0,0,0,0,0,0,3,2,M9,37,2,ALS974,"zbi, poxB, aceE, aceF, rpsL, pps, pfl, frdA, frdB, frdC, frdD","0,0,0,0,0,0,0,0,0,0,0",NA,NA,NA,NA,NA,NA,NA,NA,NA,NA,NA,l-lactate,3,6,3,0,90,6,1,0,1,13.809999999999999,NA,NA,138.1,3.5410256410256409,39,NA,NA
24,1,1,1,no.1,1,180.16,27.75310834813499,6,12,6,0,0,0,0,0,0,0,0,0,0,0,0,1,0.05,M9,30,1,B0013-070,"ackA, pta, pps, pflB, dld, poxB, adhE, frdA","0,0,0,0,0,0,0,0",NA,NA,NA,NA,NA,NA,NA,NA,NA,NA,NA,l-lactate,3,6,3,0,90,NA,NA,NA,NA,0.33999999999999997,NA,1.2878787878787878,1.7,0.13076923076923078,13,1.32,0.4
24,1,1,1,no.2,1,180.16,27.75310834813499,6,12,6,0,0,0,0,0,0,0,0,0,0,0,0,1,0.05,M9,33,1,B0013-070,"ackA, pta, pps, pflB, dld, poxB, adhE, frdA","0,0,0,0,0,0,0,0",NA,NA,NA,NA,NA,NA,NA,NA,NA,NA,NA,l-lactate,3,6,3,0,90,NA,NA,NA,NA,0.45999999999999996,NA,1.9658119658119657,2.2999999999999998,0.17692307692307691,13,1.17,0.46
24,1,1,1,no.3,1,180.16,27.75310834813499,6,12,6,0,0,0,0,0,0,0,0,0,0,0,0,1,0.05,M9,35,1,B0013-070,"ackA, pta, pps, pflB, dld, poxB, adhE, frdA","0,0,0,0,0,0,0,0",NA,NA,NA,NA,NA,NA,NA,NA,NA,NA,NA,l-lactate,3,6,3,0,90,NA,NA,NA,NA,0.48,NA,2.1428571428571428,2.4,0.1846153846153846,13,1.1200000000000001,0.47
24,1,1,1,no.4,1,180.16,27.75310834813499,6,12,6,0,0,0,0,0,0,0,0,0,0,0,0,1,0.05,M9,37,1,B0013-070,"ackA, pta, pps, pflB, dld, poxB, adhE, frdA","0,0,0,0,0,0,0,0",NA,NA,NA,NA,NA,NA,NA,NA,NA,NA,NA,l-lactate,3,6,3,0,90,NA,NA,NA,NA,0.48,NA,2.1052631578947367,2.4,0.1846153846153846,13,1.1399999999999999,0.46
24,1,1,1,no.5,1,180.16,27.75310834813499,6,12,6,0,0,0,0,0,0,0,0,0,0,0,0,1,0.05,M9,40,1,B0013-070,"ackA, pta, pps, pflB, dld, poxB, adhE, frdA","0,0,0,0,0,0,0,0",NA,NA,NA,NA,NA,NA,NA,NA,NA,NA,NA,l-lactate,3,6,3,0,90,NA,NA,NA,NA,0.48,NA,2.8915662650602409,2.4,0.1846153846153846,13,0.83,0.4
24,1,1,1,no.6,1,180.16,27.75310834813499,6,12,6,0,0,0,0,0,0,0,0,0,0,0,0,1,0.05,M9,30,1,B0013-070B,"ackA, pta, pps, pflB, dld, poxB, adhE, frdA","0,0,0,0,0,0,0,0",ldhA,NA,NA,0,NA,0,1,0,0,0,0,l-lactate,3,6,3,0,90,NA,NA,NA,NA,0,NA,0,0,0,13,1.4350000000000001,0.4
24,1,1,1,no.7,1,180.16,27.75310834813499,6,12,6,0,0,0,0,0,0,0,0,0,0,0,0,1,0.05,M9,33,1,B0013-070B,"ackA, pta, pps, pflB, dld, poxB, adhE, frdA","0,0,0,0,0,0,0,0",ldhA,NA,NA,0,NA,0,1,0,0,0,0,l-lactate,3,6,3,0,90,NA,NA,NA,NA,0.02,NA,7.7519379844961239E-2,0.1,7.6923076923076927E-3,13,1.29,0.45
24,1,1,1,no.8,1,180.16,27.75310834813499,6,12,6,0,0,0,0,0,0,0,0,0,0,0,0,1,0.05,M9,35,1,B0013-070B,"ackA, pta, pps, pflB, dld, poxB, adhE, frdA","0,0,0,0,0,0,0,0",ldhA,NA,NA,0,NA,0,1,0,0,0,0,l-lactate,3,6,3,0,90,NA,NA,NA,NA,0.04,NA,0.16393442622950821,0.2,1.5384615384615385E-2,13,1.22,0.45
24,1,1,1,no.9,1,180.16,27.75310834813499,6,12,6,0,0,0,0,0,0,0,0,0,0,0,0,1,0.05,M9,37,1,B0013-070B,"ackA, pta, pps, pflB, dld, poxB, adhE, frdA","0,0,0,0,0,0,0,0",ldhA,NA,NA,0,NA,0,1,0,0,0,0,l-lactate,3,6,3,0,90,NA,NA,NA,NA,0.18,NA,0.7860262008733625,0.9,6.9230769230769235E-2,13,1.145,0.46
24,1,1,1,no.10,1,180.16,27.75310834813499,6,12,6,0,0,0,0,0,0,0,0,0,0,0,0,1,0.05,M9,40,1,B0013-070B,"ackA, pta, pps, pflB, dld, poxB, adhE, frdA","0,0,0,0,0,0,0,0",ldhA,NA,NA,0,NA,0,1,0,0,0,0,l-lactate,3,6,3,0,90,NA,NA,NA,NA,0.64,NA,4.5714285714285721,3.2,0.24615384615384617,13,0.7,0.43
24,1,0,1,no.11,1,180.16,27.75310834813499,6,12,6,0,0,0,0,0,0,0,0,0,0,0,0,1,0.05,M9,30,3,B0013-070,"ackA, pta, pps, pflB, dld, poxB, adhE, frdA","0,0,0,0,0,0,0,0",NA,NA,NA,NA,NA,NA,NA,NA,NA,NA,NA,l-lactate,3,6,3,0,90,NA,NA,NA,NA,3.04,NA,34.94252873563218,15.2,1.3818181818181818,11,0.435,NA
24,1,1,1,no.12,1,180.16,27.75310834813499,6,12,6,0,0,0,0,0,0,0,0,0,0,0,0,1,0.05,M9,33,3,B0013-070,"ackA, pta, pps, pflB, dld, poxB, adhE, frdA","0,0,0,0,0,0,0,0",NA,NA,NA,NA,NA,NA,NA,NA,NA,NA,NA,l-lactate,3,6,3,0,90,NA,NA,NA,NA,3.22,NA,39.268292682926834,16.100000000000001,1.4636363636363638,11,0.41,NA
24,1,1,1,no.13,1,180.16,27.75310834813499,6,12,6,0,0,0,0,0,0,0,0,0,0,0,0,1,0.05,M9,35,3,B0013-070,"ackA, pta, pps, pflB, dld, poxB, adhE, frdA","0,0,0,0,0,0,0,0",NA,NA,NA,NA,NA,NA,NA,NA,NA,NA,NA,l-lactate,3,6,3,0,90,NA,NA,NA,NA,3.22,NA,41.81818181818182,16.100000000000001,1.4636363636363638,11,0.38500000000000001,NA
24,1,1,1,no.14,1,180.16,27.75310834813499,6,12,6,0,0,0,0,0,0,0,0,0,0,0,0,1,0.05,M9,37,3,B0013-070,"ackA, pta, pps, pflB, dld, poxB, adhE, frdA","0,0,0,0,0,0,0,0",NA,NA,NA,NA,NA,NA,NA,NA,NA,NA,NA,l-lactate,3,6,3,0,90,NA,NA,NA,NA,3.2399999999999998,NA,67.5,16.2,1.4727272727272727,11,0.24,NA
24,1,1,1,no.15,1,180.16,27.75310834813499,6,12,6,0,0,0,0,0,0,0,0,0,0,0,0,1,0.05,M9,40,3,B0013-070,"ackA, pta, pps, pflB, dld, poxB, adhE, frdA","0,0,0,0,0,0,0,0",NA,NA,NA,NA,NA,NA,NA,NA,NA,NA,NA,l-lactate,3,6,3,0,90,NA,NA,NA,NA,3.2,NA,43.835616438356162,16,1.4545454545454546,11,0.36499999999999999,NA
24,1,1,1,no.16,1,180.16,27.75310834813499,6,12,6,0,0,0,0,0,0,0,0,0,0,0,0,1,0.05,M9,30,3,B0013-070B,"ackA, pta, pps, pflB, dld, poxB, adhE, frdA","0,0,0,0,0,0,0,0",ldhA,NA,NA,0,NA,0,1,0,0,0,0,l-lactate,3,6,3,0,90,NA,NA,NA,NA,0.36,NA,3.7894736842105265,1.8,0.16363636363636364,11,0.47499999999999998,NA
24,1,1,1,no.17,1,180.16,27.75310834813499,6,12,6,0,0,0,0,0,0,0,0,0,0,0,0,1,0.05,M9,33,3,B0013-070B,"ackA, pta, pps, pflB, dld, poxB, adhE, frdA","0,0,0,0,0,0,0,0",ldhA,NA,NA,0,NA,0,1,0,0,0,0,l-lactate,3,6,3,0,90,NA,NA,NA,NA,1.8800000000000001,NA,21.86046511627907,9.4,0.85454545454545461,11,0.43,NA
24,1,1,1,no.18,1,180.16,27.75310834813499,6,12,6,0,0,0,0,0,0,0,0,0,0,0,0,1,0.05,M9,35,3,B0013-070B,"ackA, pta, pps, pflB, dld, poxB, adhE, frdA","0,0,0,0,0,0,0,0",ldhA,NA,NA,0,NA,0,1,0,0,0,0,l-lactate,3,6,3,0,90,NA,NA,NA,NA,2.8,NA,35.897435897435898,14,1.2727272727272727,11,0.39,NA
24,1,1,1,no.19,1,180.16,27.75310834813499,6,12,6,0,0,0,0,0,0,0,0,0,0,0,0,1,0.05,M9,37,3,B0013-070B,"ackA, pta, pps, pflB, dld, poxB, adhE, frdA","0,0,0,0,0,0,0,0",ldhA,NA,NA,0,NA,0,1,0,0,0,0,l-lactate,3,6,3,0,90,NA,NA,NA,NA,2.96,NA,41.690140845070424,14.8,1.3454545454545455,11,0.35499999999999998,NA
24,1,1,1,no.20,1,180.16,27.75310834813499,6,12,6,0,0,0,0,0,0,0,0,0,0,0,0,1,0.05,M9,40,3,B0013-070B,"ackA, pta, pps, pflB, dld, poxB, adhE, frdA","0,0,0,0,0,0,0,0",ldhA,NA,NA,0,NA,0,1,0,0,0,0,l-lactate,3,6,3,0,90,NA,NA,NA,NA,3.22,NA,56.491228070175445,16.100000000000001,1.4636363636363638,11,0.28499999999999998,NA
24,1,0,1,no.21,1,180.16,27.75310834813499,6,12,6,0,0,0,0,0,0,0,0,0,0,0,0,1,0.05,M9,42,3,B0013-070,"ackA, pta, pps, pflB, dld, poxB, adhE, frdA","0,0,0,0,0,0,0,0",NA,NA,NA,NA,NA,NA,NA,NA,NA,NA,NA,l-lactate,3,6,3,0,90,NA,NA,NA,NA,3.1,NA,42.465753424657535,15.5,1.55,10,0.36499999999999999,NA
24,1,0,1,no.22,1,180.16,27.75310834813499,6,12,6,0,0,0,0,0,0,0,0,0,0,0,0,1,0.05,M9,42,3,B0013-070,"ackA, pta, pps, pflB, dld, poxB, adhE, frdA","0,0,0,0,0,0,0,0",NA,NA,NA,NA,NA,NA,NA,NA,NA,NA,NA,l-lactate,3,6,3,0,90,NA,NA,NA,NA,3.04,NA,45.373134328358205,15.2,1.52,10,0.33500000000000002,NA
24,1,0,1,no.23,1,180.16,27.75310834813499,6,12,6,0,0,0,0,0,0,0,0,0,0,0,0,1,0.05,M9,42,3,B0013-070B,"ackA, pta, pps, pflB, dld, poxB, adhE, frdA","0,0,0,0,0,0,0,0",ldhA,NA,NA,0,NA,0,1,0,0,0,0,l-lactate,3,6,3,0,90,NA,NA,NA,NA,3.16,NA,39.5,15.8,1.58,10,0.4,NA
24,1,0,1,no.24,1,180.16,27.75310834813499,6,12,6,0,0,0,0,0,0,0,0,0,0,0,0,1,0.05,M9,42,3,B0013-070B,"ackA, pta, pps, pflB, dld, poxB, adhE, frdA","0,0,0,0,0,0,0,0",ldhA,NA,NA,0,NA,0,1,0,0,0,0,l-lactate,3,6,3,0,90,NA,NA,NA,NA,3.28,NA,41.518987341772146,16.399999999999999,1.64,10,0.39500000000000002,NA
24,1,0,1,no.25,1,180.16,55.506216696269981,6,12,6,0,0,0,0,0,0,0,0,0,0,0,0,3,7,M9,42,3,B0013-070B,"ackA, pta, pps, pflB, dld, poxB, adhE, frdA","0,0,0,0,0,0,0,0",ldhA,NA,NA,0,NA,0,1,0,0,0,0,l-lactate,3,6,3,0,90,NA,NA,NA,NA,12.28,NA,463.3962264150943,122.8,4.3857142857142852,28,0.26500000000000001,NA
24,1,0,1,no.26,1,180.16,55.506216696269981,6,12,6,0,0,0,0,0,0,0,0,0,0,0,0,3,7,M9,42,3,B0013-070,"ackA, pta, pps, pflB, dld, poxB, adhE, frdA","0,0,0,0,0,0,0,0",NA,NA,NA,NA,NA,NA,NA,NA,NA,NA,NA,l-lactate,3,6,3,0,90,NA,NA,NA,NA,12.51,NA,510.61224489795916,125.1,4.4678571428571425,28,0.245,NA
25,1,1,1,no.1,1,180.16,2775.3108348134992,6,12,6,0,0,0,0,0,0,0,0,0,0,0,0,1,0.05,M9,37,3,BW25113,"lacZ, hsdR, araB, araA, araD, rhaB, rhaA, rhaD, proA, proB, lacIq","0,0,0,0,0,0,0,0,0,0,1",NA,NA,NA,NA,NA,NA,NA,NA,NA,NA,NA,l-lactate,3,6,3,0,90,6,1,NA,NA,0.42899999999999999,NA,5.4303797468354427,214.5,NA,NA,39.5,NA
25,1,1,1,no.2,1,180.16,2775.3108348134992,6,12,6,0,0,0,0,0,0,0,0,0,0,0,0,1,0.05,M9,37,3,JW2293-1 (ackA-),"lacZ, hsdR, araB, araA, araD, rhaB, rhaA, rhaD, proA, proB, lacIq, ackA","0,0,0,0,0,0,0,0,0,0,1,0",NA,NA,NA,NA,NA,NA,NA,NA,NA,NA,NA,l-lactate,3,6,3,0,90,6,1,NA,NA,0.53700000000000003,NA,5.7127659574468082,268.5,NA,NA,47,NA
25,1,1,1,no.3,1,180.16,2775.3108348134992,6,12,6,0,0,0,0,0,0,0,0,0,0,0,0,1,0.05,M9,37,3,JW2294-1 (pta-),"lacZ, hsdR, araB, araA, araD, rhaB, rhaA, rhaD, proA, proB, lacIq, pta","0,0,0,0,0,0,0,0,0,0,1,0",NA,NA,NA,NA,NA,NA,NA,NA,NA,NA,NA,l-lactate,3,6,3,0,90,6,1,NA,NA,0.59799999999999998,NA,6.7954545454545459,299,NA,NA,44,NA
25,1,1,1,no.4,1,180.16,2775.3108348134992,6,12,6,0,0,0,0,0,0,0,0,0,0,0,0,1,0.05,M9,37,3,JW1692-1 (pps-),"lacZ, hsdR, araB, araA, araD, rhaB, rhaA, rhaD, proA, proB, lacIq, pps","0,0,0,0,0,0,0,0,0,0,1,0",NA,NA,NA,NA,NA,NA,NA,NA,NA,NA,NA,l-lactate,3,6,3,0,90,6,1,NA,NA,0.18,NA,1.4285714285714286,90,NA,NA,63,NA
25,1,1,1,no.5,1,180.16,2775.3108348134992,6,12,6,0,0,0,0,0,0,0,0,0,0,0,0,1,0.05,M9,37,3,JW0886-1 (pflB-),"lacZ, hsdR, araB, araA, araD, rhaB, rhaA, rhaD, proA, proB, lacIq, pflB","0,0,0,0,0,0,0,0,0,0,1,0",NA,NA,NA,NA,NA,NA,NA,NA,NA,NA,NA,l-lactate,3,6,3,0,90,6,1,NA,NA,0.59899999999999998,NA,7.8815789473684212,299.5,NA,NA,38,NA
25,1,1,1,no.6,1,180.16,2775.3108348134992,6,12,6,0,0,0,0,0,0,0,0,0,0,0,0,1,0.05,M9,37,3,JW2121-1 (dld-),"lacZ, hsdR, araB, araA, araD, rhaB, rhaA, rhaD, proA, proB, lacIq, dld","0,0,0,0,0,0,0,0,0,0,1,0",NA,NA,NA,NA,NA,NA,NA,NA,NA,NA,NA,l-lactate,3,6,3,0,90,6,1,NA,NA,0.49,NA,6.2025316455696204,245,NA,NA,39.5,NA
25,1,1,1,no.7,1,180.16,2775.3108348134992,6,12,6,0,0,0,0,0,0,0,0,0,0,0,0,1,0.05,M9,37,3,JW0855-1 (poxB-),"lacZ, hsdR, araB, araA, araD, rhaB, rhaA, rhaD, proA, proB, lacIq, poxB","0,0,0,0,0,0,0,0,0,0,1,0",NA,NA,NA,NA,NA,NA,NA,NA,NA,NA,NA,l-lactate,3,6,3,0,90,6,1,NA,NA,0.46300000000000002,NA,5.7874999999999996,231.5,NA,NA,40,NA
25,1,1,1,no.8,1,180.16,2775.3108348134992,6,12,6,0,0,0,0,0,0,0,0,0,0,0,0,1,0.05,M9,37,3,JW1228-1 (adhE-),"lacZ, hsdR, araB, araA, araD, rhaB, rhaA, rhaD, proA, proB, lacIq, adhE","0,0,0,0,0,0,0,0,0,0,1,0",NA,NA,NA,NA,NA,NA,NA,NA,NA,NA,NA,l-lactate,3,6,3,0,90,6,1,NA,NA,0.25900000000000001,NA,2.3333333333333335,129.5,NA,NA,55.5,NA
25,1,1,1,no.9,1,180.16,2775.3108348134992,6,12,6,0,0,0,0,0,0,0,0,0,0,0,0,1,0.05,M9,37,3,JW4415-1 (frdA-),"lacZ, hsdR, araB, araA, araD, rhaB, rhaA, rhaD, proA, proB, lacIq, frdA","0,0,0,0,0,0,0,0,0,0,1,0",NA,NA,NA,NA,NA,NA,NA,NA,NA,NA,NA,l-lactate,3,6,3,0,90,6,1,NA,NA,0.501,NA,7.1571428571428575,250.5,NA,NA,35,NA
25,1,1,1,no.10,1,180.16,2775.3108348134992,6,12,6,0,0,0,0,0,0,0,0,0,0,0,0,1,0.05,M9,37,3,B0013,NA,NA,NA,NA,NA,NA,NA,NA,NA,NA,NA,NA,NA,l-lactate,3,6,3,0,90,6,1,NA,NA,0.42,NA,4.9411764705882355,210,NA,NA,42.5,NA
25,1,1,1,no.11,1,180.16,2775.3108348134992,6,12,6,0,0,0,0,0,0,0,0,0,0,0,0,1,0.05,M9,37,3,B0013-010,"ackA, pta","0,0",NA,NA,NA,NA,NA,NA,NA,NA,NA,NA,NA,l-lactate,3,6,3,0,90,6,1,NA,NA,0.56599999999999995,NA,6.9876543209876543,283,NA,NA,40.5,NA
25,1,1,1,no.12,1,180.16,2775.3108348134992,6,12,6,0,0,0,0,0,0,0,0,0,0,0,0,1,0.05,M9,37,3,B0013-020,"ackA, pta, pps","0,0,0",NA,NA,NA,NA,NA,NA,NA,NA,NA,NA,NA,l-lactate,3,6,3,0,90,6,1,NA,NA,0.56799999999999995,NA,7.0123456790123457,284,NA,NA,40.5,NA
25,1,1,1,no.13,1,180.16,2775.3108348134992,6,12,6,0,0,0,0,0,0,0,0,0,0,0,0,1,0.05,M9,37,3,B0013-030,"ackA, pta, pps, pflB","0,0,0,0",NA,NA,NA,NA,NA,NA,NA,NA,NA,NA,NA,l-lactate,3,6,3,0,90,6,1,NA,NA,0.6,NA,6.8965517241379306,300,NA,NA,43.5,NA
25,1,1,1,no.14,1,180.16,2775.3108348134992,6,12,6,0,0,0,0,0,0,0,0,0,0,0,0,1,0.05,M9,37,3,B0013-040,"ackA, pta, pps, pflB, dld","0,0,0,0,0",NA,NA,NA,NA,NA,NA,NA,NA,NA,NA,NA,l-lactate,3,6,3,0,90,6,1,NA,NA,0.67800000000000005,NA,8.6923076923076916,339,NA,NA,39,NA
25,1,1,1,no.15,1,180.16,2775.3108348134992,6,12,6,0,0,0,0,0,0,0,0,0,0,0,0,1,0.05,M9,37,3,B0013-050,"ackA, pta, pps, pflB, dld, poxB","0,0,0,0,0,0",NA,NA,NA,NA,NA,NA,NA,NA,NA,NA,NA,l-lactate,3,6,3,0,90,6,1,NA,NA,0.67200000000000004,NA,8.8421052631578956,336,NA,NA,38,NA
25,1,1,1,no.16,1,180.16,2775.3108348134992,6,12,6,0,0,0,0,0,0,0,0,0,0,0,0,1,0.05,M9,37,3,B0013-060,"ackA, pta, pps, pflB, dld, poxB, adhE","0,0,0,0,0,0,0",NA,NA,NA,NA,NA,NA,NA,NA,NA,NA,NA,l-lactate,3,6,3,0,90,6,1,NA,NA,0.81100000000000005,NA,12.287878787878787,405.5,NA,NA,33,NA
25,1,1,1,no.17,1,180.16,2775.3108348134992,6,12,6,0,0,0,0,0,0,0,0,0,0,0,0,1,0.05,M9,37,3,B0013-070,"ackA, pta, pps, pflB, dld, poxB, adhE, frdA","0,0,0,0,0,0,0,0",NA,NA,NA,NA,NA,NA,NA,NA,NA,NA,NA,l-lactate,3,6,3,0,90,6,1,NA,NA,0.83599999999999997,NA,11.942857142857143,418,NA,NA,35,NA
25,1,1,1,no.18,1,180.16,55.506216696269981,6,12,6,0,0,0,0,0,0,0,0,0,0,0,0,3,3,M9,37,3,B0013,NA,NA,NA,NA,NA,NA,NA,NA,NA,NA,NA,NA,NA,l-lactate,3,6,3,0,90,6,1,NA,NA,24.75,NA,9.9,247.5,6.1875,40,25,NA
25,1,1,1,no.19,1,180.16,55.506216696269981,6,12,6,0,0,0,0,0,0,0,0,0,0,0,0,3,3,M9,37,3,B0013-070,"ackA, pta, pps, pflB, dld, poxB, adhE, frdA","0,0,0,0,0,0,0,0",NA,NA,NA,NA,NA,NA,NA,NA,NA,NA,NA,l-lactate,3,6,3,0,90,6,1,NA,NA,43.3,NA,17.673469387755102,433,10.824999999999999,40,24.5,NA
26,1,1,1,1,1,180.16,44.40497335701599,6,12,6,0,0,0,0,0,0,0,0,0,0,0,0,1,0.05,M9,30,1,BL21 -fadD,"ompT, gal, dcm, lon, hsdSb, lacI, T7 RNApolymerase, fadD","0,0,0,0,0,1,1,0",NA,NA,NA,NA,NA,NA,NA,NA,NA,NA,NA,fatty acid,16,32,2,0,256,acetyl-CoA,8,7,14,NA,,NA,0.1,4.1666666666666666E-3,24,NA,NA
26,1,1,1,2,1,180.16,44.40497335701599,6,12,6,0,0,0,0,0,0,0,0,0,0,0,0,1,0.05,M9,30,1,BL21 -fadD,"ompT, gal, dcm, lon, hsdSb, lacI, T7 RNApolymerase, fadD","0,0,0,0,0,1,1,0","accA, accB, accC, accD","0,0,0,0","1,1,1,1","0,0,0,0","1,1,1,1",0,0,0,0,0,0,fatty acid,16,32,2,0,256,acetyl-CoA,8,7,14,NA,,NA,0.31219512195121957,1.3008130081300815E-2,24,NA,NA
26,1,1,1,3,1,180.16,44.40497335701599,6,12,6,0,0,0,0,0,0,0,0,0,0,0,0,1,0.05,M9,30,1,BL21 -fadD,"ompT, gal, dcm, lon, hsdSb, lacI, T7 RNApolymerase, fadD","0,0,0,0,0,1,1,0","accA, accB, accC, accD, 'tesA","0,0,0,0,0","1,1,1,1,1","0,0,0,0,0","1,1,1,1,3","0,0,0,0,0",0,0,0,0,0,fatty acid,16,32,2,0,256,acetyl-CoA,8,7,14,NA,,NA,0.59756097560975607,2.4898373983739838E-2,24,NA,NA
26,1,1,1,4,1,180.16,44.40497335701599,6,12,6,0,0,0,0,0,0,0,0,0,0,0,0,1,0.05,M9,30,1,BL21 -fadD,"ompT, gal, dcm, lon, hsdSb, lacI, T7 RNApolymerase, fadD","0,0,0,0,0,1,1,0","accA, accB, accC, accD, bntesA","0,0,0,0,0","1,1,1,1,1","0,0,0,0,1","1,1,1,1,3","0,0,0,0,1",0,0,0,0,0,fatty acid,16,32,2,0,256,acetyl-CoA,8,7,14,NA,,NA,0.52439024390243905,2.184959349593496E-2,24,NA,NA
26,1,1,1,5,1,180.16,44.40497335701599,6,12,6,0,0,0,0,0,0,0,0,0,0,0,0,1,0.05,M9,30,1,BL21 -fadD,"ompT, gal, dcm, lon, hsdSb, lacI, T7 RNApolymerase, fadD","0,0,0,0,0,1,1,0","accA, accB, accC, accD, cntesA","0,0,0,0,0","1,1,1,1,1","0,0,0,0,1","1,1,1,1,3","0,0,0,0,1",0,0,0,0,0,fatty acid,16,32,2,0,256,acetyl-CoA,8,7,14,NA,,NA,0.62926829268292694,2.6219512195121957E-2,24,NA,NA
26,1,1,1,6,1,180.16,44.40497335701599,6,12,6,0,0,0,0,0,0,0,0,0,0,0,0,1,0.05,M9,30,1,BL21 -fadD,"ompT, gal, dcm, lon, hsdSb, lacI, T7 RNApolymerase, fadD","0,0,0,0,0,1,1,0","accA, accB, accC, accD, egtesA","0,0,0,0,0","1,1,1,1,1","0,0,0,0,1","1,1,1,1,3","0,0,0,0,1",0,0,0,0,0,fatty acid,16,32,2,0,256,acetyl-CoA,8,7,14,NA,,NA,0.47073170731707314,1.961382113821138E-2,24,NA,NA
26,1,1,1,7,1,180.16,44.40497335701599,6,12,6,0,0,0,0,0,0,0,0,0,0,0,0,1,0.05,M9,30,1,BL21 -fadD,"ompT, gal, dcm, lon, hsdSb, lacI, T7 RNApolymerase, fadD","0,0,0,0,0,1,1,0","accA, accB, accC, accD, 'tesA, pgk, gapA, aceE, aceF, IpdA","0,0,0,0,0,0,0,0,0,0","1,1,1,1,1,1,1,1,1,1","0,0,0,0,0,0,0,0,0,0","1,1,1,1,3,8,8,8,8,8","0,0,0,0,0,0,0,0,0,0",0,0,0,0,0,fatty acid,16,32,2,0,NA,acetyl-CoA,8,7,14,NA,,NA,0.74583333333333335,3.107638888888889E-2,24,NA,NA
26,1,1,1,8,1,180.16,44.40497335701599,6,12,6,0,0,0,0,0,0,0,0,0,0,0,0,1,0.05,M9,30,1,BL21 -fadD,"ompT, gal, dcm, lon, hsdSb, lacI, T7 RNApolymerase, fadD","0,0,0,0,0,1,1,0","accA, accB, accC, accD, 'tesA, pgk, gapA, aceE, aceF, IpdA","0,0,0,0,0,0,0,0,0,0","1,1,1,1,1,1,1,1,1,1","0,0,0,0,0,0,0,0,0,0","1,1,1,1,3,9,9,9,9,9","0,0,0,0,0,0,0,0,0,0",0,0,0,0,0,fatty acid,16,32,2,0,NA,acetyl-CoA,8,7,14,NA,,NA,0.875,3.6458333333333336E-2,24,NA,NA
26,1,1,1,9,1,180.16,44.40497335701599,6,12,6,0,0,0,0,0,0,0,0,0,0,0,0,1,0.05,M9,30,1,BL21 -fadD,"ompT, gal, dcm, lon, hsdSb, lacI, T7 RNApolymerase, fadD","0,0,0,0,0,1,1,0","accA, accB, accC, accD, 'tesA, fabA, fabD, fabG, fabI","0,0,0,0,0,0,0,0,0","1,1,1,1,1,1,1,1,1","0,0,0,0,0,0,0,0,0 ","1,1,1,1,3,9,9,9,9","0,0,0,0,0,0,0,0,0",0,0,0,0,0,fatty acid,16,32,2,0,NA,acetyl-CoA,8,7,14,NA,,NA,0.80833333333333335,3.3680555555555554E-2,24,NA,NA
26,1,1,1,10,1,180.16,44.40497335701599,6,12,6,0,0,0,0,0,0,0,0,0,0,0,0,1,0.05,M9,30,1,BL21 -fadD,"ompT, gal, dcm, lon, hsdSb, lacI, T7 RNApolymerase, fadD","0,0,0,0,0,1,1,0","accA, accB, accC, accD, 'tesA, fabA, fabD, fabG, fabI","0,0,0,0,0,0,0,0,0","1,1,1,1,1,1,1,1,1","0,0,0,0,0,0,0,0,0 ","1,1,1,1,3,8,8,8,8","0,0,0,0,0,0,0,0,0",0,0,0,0,0,fatty acid,16,32,2,0,NA,acetyl-CoA,8,7,14,NA,,NA,1.0625,4.4270833333333336E-2,24,NA,NA
26,1,1,1,11,1,180.16,44.40497335701599,6,12,6,0,0,0,0,0,0,0,0,0,0,0,0,1,0.05,M9,30,1,BL21 -fadD,"ompT, gal, dcm, lon, hsdSb, lacI, T7 RNApolymerase, fadD","0,0,0,0,0,1,1,0","accA, accB, accC, accD, 'tesA, pgk, gapA, aceE, aceF, IpdA, fabA, fabD, fabG, fabI","0,0,0,0,0,0,0,0,0,0,0,0,0,0","1,1,1,1,1,1,1,1,1,1,1,1,1,1","0,0,0,0,0,0,0,0,0,0,0,0,0,0","1,1,1,1,3,8,8,8,8,8,9,9,9,9","0,0,0,0,0,0,0,0,0,0,0,0,0,0",0,0,0,0,0,fatty acid,16,32,2,0,NA,acetyl-CoA,8,7,14,NA,,NA,0.91249999999999998,3.802083333333333E-2,24,NA,NA
26,1,1,1,12,1,180.16,44.40497335701599,6,12,6,0,0,0,0,0,0,0,0,0,0,0,0,1,0.05,M9,30,1,BL21 -fadD,"ompT, gal, dcm, lon, hsdSb, lacI, T7 RNApolymerase, fadD","0,0,0,0,0,1,1,0","accA, accB, accC, accD, 'tesA, pgk, gapA, aceE, aceF, IpdA, fabA, fabD, fabG, fabI","0,0,0,0,0,0,0,0,0,0,0,0,0,0","1,1,1,1,1,1,1,1,1,1,1,1,1,1","0,0,0,0,0,0,0,0,0,0,0,0,0,0","1,1,1,1,3,9,9,9,9,9,8,8,8,8","0,0,0,0,0,0,0,0,0,0,0,0,0,0",0,0,0,0,0,fatty acid,16,32,2,0,NA,acetyl-CoA,8,7,14,NA,,NA,0.86250000000000004,3.5937500000000004E-2,24,NA,NA
26,1,1,1,13,1,180.16,44.40497335701599,6,12,6,0,0,0,0,0,0,0,0,0,0,0,0,1,0.05,M9,30,1,BL21 -fadD,"ompT, gal, dcm, lon, hsdSb, lacI, T7 RNApolymerase, fadD","0,0,0,0,0,1,1,0","accA, accB, accC, accD, cntesA, pgk, gapA, aceE, aceF, IpdA","0,0,0,0,0,0,0,0,0,0","1,1,1,1,1,1,1,1,1,1","0,0,0,0,1,0,0,0,0,0","1,1,1,1,3,8,8,8,8,8","0,0,0,0,0,0,0,0,0,0",0,0,0,0,0,fatty acid,16,32,2,0,NA,acetyl-CoA,8,7,14,NA,,NA,1.0614754098360655,4.4228142076502726E-2,24,NA,NA
26,1,1,1,14,1,180.16,44.40497335701599,6,12,6,0,0,0,0,0,0,0,0,0,0,0,0,1,0.05,M9,30,1,BL21 -fadD,"ompT, gal, dcm, lon, hsdSb, lacI, T7 RNApolymerase, fadD","0,0,0,0,0,1,1,0","accA, accB, accC, accD, cntesA, pgk, gapA, aceE, aceF, IpdA","0,0,0,0,0,0,0,0,0,0","1,1,1,1,1,1,1,1,1,1","0,0,0,0,1,0,0,0,0,0","1,1,1,1,3,9,9,9,9,9","0,0,0,0,0,0,0,0,0,0",0,0,0,0,0,fatty acid,16,32,2,0,NA,acetyl-CoA,8,7,14,NA,,NA,0.88114754098360659,3.6714480874316939E-2,24,NA,NA
26,1,1,1,15,1,180.16,44.40497335701599,6,12,6,0,0,0,0,0,0,0,0,0,0,0,0,1,0.05,M9,30,1,BL21 -fadD,"ompT, gal, dcm, lon, hsdSb, lacI, T7 RNApolymerase, fadD","0,0,0,0,0,1,1,0","accA, accB, accC, accD, cntesA, fabA, fabD, fabG, fabI","0,0,0,0,0,0,0,0,0","1,1,1,1,1,1,1,1,1","0,0,0,0,1,0,0,0,0 ","1,1,1,1,3,9,9,9,9","0,0,0,0,0,0,0,0,0",0,0,0,0,0,fatty acid,16,32,2,0,NA,acetyl-CoA,8,7,14,NA,,NA,0.85655737704918034,3.5689890710382512E-2,24,NA,NA
26,1,1,1,16,1,180.16,44.40497335701599,6,12,6,0,0,0,0,0,0,0,0,0,0,0,0,1,0.05,M9,30,1,BL21 -fadD,"ompT, gal, dcm, lon, hsdSb, lacI, T7 RNApolymerase, fadD","0,0,0,0,0,1,1,0","accA, accB, accC, accD, cntesA, fabA, fabD, fabG, fabI","0,0,0,0,0,0,0,0,0","1,1,1,1,1,1,1,1,1","0,0,0,0,1,0,0,0,0 ","1,1,1,1,3,8,8,8,8","0,0,0,0,0,0,0,0,0",0,0,0,0,0,fatty acid,16,32,2,0,NA,acetyl-CoA,8,7,14,NA,,NA,0.95901639344262291,3.9959016393442619E-2,24,NA,NA
26,1,1,1,17,1,180.16,44.40497335701599,6,12,6,0,0,0,0,0,0,0,0,0,0,0,0,1,0.05,M9,30,1,BL21 -fadD,"ompT, gal, dcm, lon, hsdSb, lacI, T7 RNApolymerase, fadD","0,0,0,0,0,1,1,0","accA, accB, accC, accD, cntesA, pgk, gapA, aceE, aceF, IpdA, fabA, fabD, fabG, fabI","0,0,0,0,0,0,0,0,0,0,0,0,0,0","1,1,1,1,1,1,1,1,1,1,1,1,1,1","0,0,0,0,1,0,0,0,0,0,0,0,0,0","1,1,1,1,3,8,8,8,8,8,9,9,9,9","0,0,0,0,0,0,0,0,0,0,0,0,0,0",0,0,0,0,0,fatty acid,16,32,2,0,NA,acetyl-CoA,8,7,14,NA,,NA,0.77459016393442626,3.2274590163934427E-2,24,NA,NA
26,1,1,1,18,1,180.16,44.40497335701599,6,12,6,0,0,0,0,0,0,0,0,0,0,0,0,1,0.05,M9,30,1,BL21 -fadD,"ompT, gal, dcm, lon, hsdSb, lacI, T7 RNApolymerase, fadD","0,0,0,0,0,1,1,0","accA, accB, accC, accD, cntesA, pgk, gapA, aceE, aceF, IpdA, fabA, fabD, fabG, fabI","0,0,0,0,0,0,0,0,0,0,0,0,0,0","1,1,1,1,1,1,1,1,1,1,1,1,1,1","0,0,0,0,1,0,0,0,0,0,0,0,0,0","1,1,1,1,3,9,9,9,9,9,8,8,8,8","0,0,0,0,0,0,0,0,0,0,0,0,0,0",0,0,0,0,0,fatty acid,16,32,2,0,NA,acetyl-CoA,8,7,14,NA,,NA,0.78278688524590168,3.2616120218579236E-2,24,NA,NA
26,1,1,1,19,1,180.16,44.40497335701599,6,12,6,0,0,0,0,0,0,0,0,0,0,0,0,1,0.05,M9,30,1,BL21 -fadD,"ompT, gal, dcm, lon, hsdSb, lacI, T7 RNApolymerase, fadD","0,0,0,0,0,1,1,0","pgk, gapA, aceE, aceF, lpdA, fabD, accA, accB, accC, accD, cntesA, fabA, fabH, fabG, fabI","0,0,0,0,0,0,0,0,0,0,0,0,0,0,0","1,1,1,1,1,1,1,1,1,1,1,1,1,1,1","0,0,0,0,0,0,0,0,0,0,1,0,0,0,0","8,8,8,8,8,3,3,3,3,3,9,9,9,9,9","0,0,0,0,0,0,0,0,0,0,1,0,0,0,0",0,0,0,0,1,fatty acid,16,32,2,0,NA,acetyl-CoA,8,7,14,NA,,NA,0.87234042553191493,3.6347517730496458E-2,24,NA,NA
26,1,1,1,20,1,180.16,44.40497335701599,6,12,6,0,0,0,0,0,0,0,0,0,0,0,0,1,0.05,M9,30,1,BL21 -fadD,"ompT, gal, dcm, lon, hsdSb, lacI, T7 RNApolymerase, fadD","0,0,0,0,0,1,1,0","pgk, gapA, aceE, aceF, lpdA, fabD, accA, accB, accC, accD, cntesA, fabA, fabH, fabG, fabI","0,0,0,0,0,0,0,0,0,0,0,0,0,0,0","1,1,1,1,1,1,1,1,1,1,1,1,1,1,1","0,0,0,0,0,0,0,0,0,0,1,0,0,0,0","8,8,8,8,8,3,3,3,3,3,1,1,1,1,1,1","0,0,0,0,0,0,0,0,0,0,1,0,0,0,0",0,0,0,0,1,fatty acid,16,32,2,0,NA,acetyl-CoA,8,7,14,NA,,NA,0.35106382978723405,1.4627659574468085E-2,24,NA,NA
26,1,1,1,21,1,180.16,44.40497335701599,6,12,6,0,0,0,0,0,0,0,0,0,0,0,0,1,0.05,M9,30,1,BL21 -fadD,"ompT, gal, dcm, lon, hsdSb, lacI, T7 RNApolymerase, fadD","0,0,0,0,0,1,1,0","pgk, gapA, aceE, aceF, lpdA, fabD, accA, accB, accC, accD, cntesA, fabA, fabH, fabG, fabI","0,0,0,0,0,0,0,0,0,0,0,0,0,0,0","1,1,1,1,1,1,1,1,1,1,1,1,1,1,1","0,0,0,0,0,0,0,0,0,0,1,0,0,0,0","9,9,9,9,9,3,3,3,3,3,8,8,8,8,8","0,0,0,0,0,0,0,0,0,0,1,0,0,0,0",0,0,0,0,1,fatty acid,16,32,2,0,NA,acetyl-CoA,8,7,14,NA,,NA,1.2872340425531914,5.363475177304964E-2,24,NA,NA
26,1,1,1,22,1,180.16,44.40497335701599,6,12,6,0,0,0,0,0,0,0,0,0,0,0,0,1,0.05,M9,30,1,BL21 -fadD,"ompT, gal, dcm, lon, hsdSb, lacI, T7 RNApolymerase, fadD","0,0,0,0,0,1,1,0","pgk, gapA, aceE, aceF, lpdA, fabD, accA, accB, accC, accD, cntesA, fabA, fabH, fabG, fabI","0,0,0,0,0,0,0,0,0,0,0,0,0,0,0","1,1,1,1,1,1,1,1,1,1,1,1,1,1,1","0,0,0,0,0,0,0,0,0,0,1,0,0,0,0","9,9,9,9,9,3,3,3,3,3,1,1,1,1,1","0,0,0,0,0,0,0,0,0,0,1,0,0,0,0",0,0,0,0,1,fatty acid,16,32,2,0,NA,acetyl-CoA,8,7,14,NA,,NA,0.65957446808510634,2.7482269503546097E-2,24,NA,NA
26,1,1,1,23,1,180.16,44.40497335701599,6,12,6,0,0,0,0,0,0,0,0,0,0,0,0,1,0.05,M9,30,1,BL21 -fadD,"ompT, gal, dcm, lon, hsdSb, lacI, T7 RNApolymerase, fadD","0,0,0,0,0,1,1,0","pgk, gapA, aceE, aceF, lpdA, fabD, accA, accB, accC, accD, cntesA, fabA, fabH, fabG, fabI","0,0,0,0,0,0,0,0,0,0,0,0,0,0,0","1,1,1,1,1,1,1,1,1,1,1,1,1,1,1","0,0,0,0,0,0,0,0,0,0,1,0,0,0,0","8,8,8,8,8,1,1,1,1,1,10,10,10,10,10","0,0,0,0,0,0,0,0,0,0,1,0,0,0,0",0,0,0,0,1,fatty acid,16,32,2,0,NA,acetyl-CoA,8,7,14,NA,,NA,0.78191489361702127,3.2579787234042555E-2,24,NA,NA
26,1,1,1,24,1,180.16,44.40497335701599,6,12,6,0,0,0,0,0,0,0,0,0,0,0,0,1,0.05,M9,30,1,BL21 -fadD,"ompT, gal, dcm, lon, hsdSb, lacI, T7 RNApolymerase, fadD","0,0,0,0,0,1,1,0","pgk, gapA, aceE, aceF, lpdA, fabD, accA, accB, accC, accD, cntesA, fabA, fabH, fabG, fabI","0,0,0,0,0,0,0,0,0,0,0,0,0,0,0","1,1,1,1,1,1,1,1,1,1,1,1,1,1,1","0,0,0,0,0,0,0,0,0,0,1,0,0,0,0","8,8,8,8,8,1,1,1,1,1,9,9,9,9,9","0,0,0,0,0,0,0,0,0,0,1,0,0,0,0",0,0,0,0,1,fatty acid,16,32,2,0,NA,acetyl-CoA,8,7,14,NA,,NA,1.0212765957446808,4.2553191489361701E-2,24,NA,NA
26,1,1,1,25,1,180.16,44.40497335701599,6,12,6,0,0,0,0,0,0,0,0,0,0,0,0,1,0.05,M9,30,1,BL21 -fadD,"ompT, gal, dcm, lon, hsdSb, lacI, T7 RNApolymerase, fadD","0,0,0,0,0,1,1,0","pgk, gapA, aceE, aceF, lpdA, fabD, accA, accB, accC, accD, cntesA, fabA, fabH, fabG, fabI","0,0,0,0,0,0,0,0,0,0,0,0,0,0,0","1,1,1,1,1,1,1,1,1,1,1,1,1,1,1","0,0,0,0,0,0,0,0,0,0,1,0,0,0,0","9,9,9,9,9,1,1,1,1,1,8,8,8,8,8","0,0,0,0,0,0,0,0,0,0,1,0,0,0,0",0,0,0,0,1,fatty acid,16,32,2,0,NA,acetyl-CoA,8,7,14,NA,,NA,1.425531914893617,5.9397163120567371E-2,24,NA,NA
26,1,1,1,26,1,180.16,44.40497335701599,6,12,6,0,0,0,0,0,0,0,0,0,0,0,0,1,0.05,M9,30,1,BL21 -fadD,"ompT, gal, dcm, lon, hsdSb, lacI, T7 RNApolymerase, fadD","0,0,0,0,0,1,1,0","pgk, gapA, aceE, aceF, lpdA, fabD, accA, accB, accC, accD, cntesA, fabA, fabH, fabG, fabI","0,0,0,0,0,0,0,0,0,0,0,0,0,0,0","1,1,1,1,1,1,1,1,1,1,1,1,1,1,1","0,0,0,0,0,0,0,0,0,0,1,0,0,0,0","9,9,9,9,9,1,1,1,1,1,10,10,10,10,10","0,0,0,0,0,0,0,0,0,0,1,0,0,0,0",0,0,0,0,1,fatty acid,16,32,2,0,NA,acetyl-CoA,8,7,14,NA,,NA,0.94148936170212771,3.9228723404255324E-2,24,NA,NA
27,NA,NA,0,1,1,180.16,166.51865008880995,6,12,6,0,0,0,0,0,0,0,0,0,0,0,0,1,NA,M9,37,1,,NA,NA,NA,NA,NA,NA,NA,NA,NA,NA,NA,NA,NA,fatty acid,16,32,2,0,NA,acetyl-CoA,NA,NA,NA,0.28000000000000003,,1.0769230769230769,7,0.11666666666666667,60,6.5,NA
27,NA,NA,0,2,1,180.16,111.01243339253996,6,12,6,0,0,0,0,0,0,0,0,0,0,0,0,1,0.03,M9,37,1,,NA,NA,NA,NA,NA,NA,NA,NA,NA,NA,NA,NA,NA,fatty acid,16,32,2,0,NA,acetyl-CoA,NA,NA,NA,NA,NA,NA,NA,NA,NA,NA,NA
27,NA,NA,0,3,1,180.16,111.01243339253996,6,12,6,0,0,0,0,0,0,0,0,0,0,0,0,1,0.03,M9,37,1,,NA,NA,NA,NA,NA,NA,NA,NA,NA,NA,NA,NA,NA,fatty acid,16,32,2,0,NA,acetyl-CoA,NA,NA,NA,NA,NA,NA,NA,NA,NA,NA,NA
27,NA,NA,0,4,1,180.16,111.01243339253996,6,12,6,0,0,0,0,0,0,0,0,0,0,0,0,1,0.03,M9,37,1,,NA,NA,NA,NA,NA,NA,NA,NA,NA,NA,NA,NA,NA,fatty acid,16,32,2,0,NA,acetyl-CoA,NA,NA,NA,NA,NA,NA,NA,NA,NA,NA,NA
27,NA,NA,0,5,1,180.16,111.01243339253996,6,12,6,0,0,0,0,0,0,0,0,0,0,0,0,1,0.03,M9,37,1,,NA,NA,NA,NA,NA,NA,NA,NA,NA,NA,NA,NA,NA,fatty acid,16,32,2,0,NA,acetyl-CoA,NA,NA,NA,NA,NA,NA,NA,NA,NA,NA,NA
27,NA,NA,0,6,1,180.16,111.01243339253996,6,12,6,0,0,0,0,0,0,0,0,0,0,0,0,1,0.03,M9,37,1,,NA,NA,NA,NA,NA,NA,NA,NA,NA,NA,NA,NA,NA,fatty acid,16,32,2,0,NA,acetyl-CoA,NA,NA,NA,NA,NA,NA,NA,NA,NA,NA,NA
28,1,1,1,1,1,180.16,166.51865008880995,6,12,6,0,0,0,0,0,0,0,0,0,0,0,0,1,0.05,M9,30,1,BL21 -fadE,"ompT, gal, dcm, lon, hsdSb, lacI, T7 RNApolymerase, fadE","0,0,0,0,0,1,1,0","fadD, orf1594","0,0","1,1","0,1","1,4","0,0",0,0,0,0,0,fatty alcohol,18,38,1,0,270,acetyl-CoA,11,9,19,1.2431040000000001E-4,NA,NA,2.07E-2,NA,36,NA,NA
28,1,1,1,2,1,180.16,166.51865008880995,6,12,6,0,0,0,0,0,0,0,0,0,0,0,0,1,0.05,M9,30,1,BL21 -fadE,"ompT, gal, dcm, lon, hsdSb, lacI, T7 RNApolymerase, fadE","0,0,0,0,0,1,1,0","fadD, acrI","0,0","1,1","0,1","1,4","0,1",0,0,0,0,0,fatty alcohol,12,26,1,0,186,acetyl-CoA,8,6,13,4.1737066666666672E-4,NA,NA,6.9500000000000006E-2,NA,36,NA,NA
28,1,1,1,3,1,180.16,166.51865008880995,6,12,6,0,0,0,0,0,0,0,0,0,0,0,0,1,0.05,M9,30,1,BL21 -fadE,"ompT, gal, dcm, lon, hsdSb, lacI, T7 RNApolymerase, fadE","0,0,0,0,0,1,1,0","maqu2507, fadD","0,0","1,1","1,0","4,1","1,0 ",0,0,0,0,0,fatty alcohol,12,26,1,0,186,acetyl-CoA,8,6,13,1.9199050666666665E-3,NA,NA,0.31969999999999998,NA,36,NA,NA
28,1,1,1,4,1,180.16,166.51865008880995,6,12,6,0,0,0,0,0,0,0,0,0,0,0,0,1,0.05,M9,30,1,BL21 -fadE,"ompT, gal, dcm, lon, hsdSb, lacI, T7 RNApolymerase, fadE","0,0,0,0,0,1,1,0","maqu2220, fadD","0,0","1,1","1,0","4,1","1,0",0,0,0,0,0,fatty alcohol,16,34,1,0,242,acetyl-CoA,10,8,17,3.8836490666666668E-3,NA,NA,0.64670000000000005,NA,36,NA,NA
28,1,1,1,5,1,180.16,166.51865008880995,6,12,6,0,0,0,0,0,0,0,0,0,0,0,0,1,0.05,M9,30,1,BL21 -fadE,"ompT, gal, dcm, lon, hsdSb, lacI, T7 RNApolymerase, fadE","0,0,0,0,0,1,1,0","fadD, maqu2507","0,0","1,1","0,1","4,4","0,1",0,0,0,0,0,fatty alcohol,16,34,1,0,242,acetyl-CoA,10,8,17,1.3031573333333334E-4,NA,NA,2.1700000000000001E-2,NA,36,NA,NA
28,1,1,1,6,1,180.16,166.51865008880995,6,12,6,0,0,0,0,0,0,0,0,0,0,0,0,1,0.05,M9,30,1,BL21 -fadE,"ompT, gal, dcm, lon, hsdSb, lacI, T7 RNApolymerase, fadE","0,0,0,0,0,1,1,0","fadD, maqu2220","0,0","1,1","0,1","4,4","0,1",0,0,0,0,0,fatty alcohol,16,34,1,0,242,acetyl-CoA,10,8,17,1.477312E-4,NA,NA,2.46E-2,NA,36,NA,NA
28,1,1,1,7,1,180.16,166.51865008880995,6,12,6,0,0,0,0,0,0,0,0,0,0,0,0,1,0.05,M9,30,1,BL21 -fadE,"ompT, gal, dcm, lon, hsdSb, lacI, T7 RNApolymerase, fadE","0,0,0,0,0,1,1,0","fadD, maqu2507, cctesA, UCtesA","0,0,0,0","1,1,1,1","0,1,1,1","4,4,1,1","0,0,0,0",0,0,0,0,0,fatty alcohol,12,26,1,0,186,acetyl-CoA,8,6,13,1.3091626666666667E-3,NA,NA,0.218,NA,36,NA,NA
28,1,1,1,8,1,180.16,166.51865008880995,6,12,6,0,0,0,0,0,0,0,0,0,0,0,0,1,0.05,M9,30,1,BL21 -fadE,"ompT, gal, dcm, lon, hsdSb, lacI, T7 RNApolymerase, fadE","0,0,0,0,0,1,1,0","fadD, maqu2507, cctesA, uctesA, accA, accB, accC, accD","0,0,0,0,0,0,0,0","1,1,1,1,1,1,1,1","0,1,1,1,0,0,0,0","4,4,1,1,0,0,0,0","0,0,0,0,0,0,0,0",0,0,0,0,0,fatty alcohol,12,26,1,0,186,acetyl-CoA,8,6,13,1.1109866666666665E-3,NA,NA,0.185,NA,36,NA,NA
28,1,1,1,9,1,180.16,166.51865008880995,6,12,6,0,0,0,0,0,0,0,0,0,0,0,0,1,0.05,M9,30,1,BL21 -fadE,"ompT, gal, dcm, lon, hsdSb, lacI, T7 RNApolymerase, fadE","0,0,0,0,0,1,1,0","fadD, maqu2220","0,0","1,1","0,1","4,4","0,1",0,0,0,0,0,fatty alcohol,16,34,1,0,242,acetyl-CoA,10,8,17,1.9612354430379749E-4,NA,NA,3.2658227848101268E-2,NA,36,NA,NA
28,1,1,1,10,1,180.16,166.51865008880995,6,12,6,0,0,0,0,0,0,0,0,0,0,0,0,1,0.05,M9,30,1,BL21 -fadE,"ompT, gal, dcm, lon, hsdSb, lacI, T7 RNApolymerase, fadE","0,0,0,0,0,1,1,0","fadD, maqu2220, 'tesA","0,0,0","1,1,1","0,1,0","4,4,1","0,1,0",0,0,0,0,0,fatty alcohol,14,30,1,0,214,acetyl-CoA,9,7,15,1.0590671392405062E-3,NA,NA,0.17635443037974682,NA,36,NA,NA
28,1,1,1,11,1,180.16,166.51865008880995,6,12,6,0,0,0,0,0,0,0,0,0,0,0,0,1,0.05,M9,30,1,BL21 -fadE,"ompT, gal, dcm, lon, hsdSb, lacI, T7 RNApolymerase, fadE","0,0,0,0,0,1,1,0","fadD, maqu2220, cctesA","0,0,0","1,1,1","0,1,1","4,4,1","0,1,0",0,0,0,0,0,fatty alcohol,14,28,1,0,212,acetyl-CoA,9,7,15,1.3042215696202532E-3,NA,NA,0.21717721518987343,NA,36,NA,NA
28,1,1,1,12,1,180.16,166.51865008880995,6,12,6,0,0,0,0,0,0,0,0,0,0,0,0,1,0.05,M9,30,1,BL21 -fadE,"ompT, gal, dcm, lon, hsdSb, lacI, T7 RNApolymerase, fadE","0,0,0,0,0,1,1,0","fadD, maqu2220, 'tesA, cctesA","0,0,0,0","1,1,1,1","0,1,0,1","4,4,1,1","0,1,0,0",0,0,0,0,0,fatty alcohol,14,30,1,0,214,acetyl-CoA,9,7,15,9.2178065822784796E-4,NA,NA,0.15349367088607593,NA,36,NA,NA
28,1,1,1,13,1,180.16,166.51865008880995,6,12,6,0,0,0,0,0,0,0,0,0,0,0,0,1,0.05,M9,30,1,BL21 -fadE,"ompT, gal, dcm, lon, hsdSb, lacI, T7 RNApolymerase, fadE","0,0,0,0,0,1,1,0","fadD, maqu2220, cctesA, uctesA","0,0,0,0","1,1,1,1","0,1,1,1","4,4,1,1","0,1,0,0",0,0,0,0,0,fatty alcohol,12,26,1,0,186,acetyl-CoA,8,6,13,1.5493760000000001E-3,NA,NA,0.25800000000000001,NA,36,NA,NA
28,1,1,1,14,1,180.16,166.51865008880995,6,12,6,0,0,0,0,0,0,0,0,0,0,0,0,1,0.05,M9,30,1,BL21 -fadE,"ompT, gal, dcm, lon, hsdSb, lacI, T7 RNApolymerase, fadE","0,0,0,0,0,1,1,0",maqu2220 ,0,1,1,4,1,0,0,0,0,0,fatty alcohol,16,34,1,0,242,acetyl-CoA,10,8,17,1.5193493333333333E-3,NA,NA,0.253,NA,36,NA,NA
28,1,1,1,15,1,180.16,166.51865008880995,6,12,6,0,0,0,0,0,0,0,0,0,0,0,0,1,0.05,M9,30,1,BL21 -fadE,"ompT, gal, dcm, lon, hsdSb, lacI, T7 RNApolymerase, fadE","0,0,0,0,0,1,1,0","maqu2220, fadD","0,0","1,1","1,0","4,0","1,0",0,0,0,0,0,fatty alcohol,16,34,1,0,242,acetyl-CoA,10,8,17,2.2760213333333332E-3,NA,NA,0.379,NA,36,NA,NA
28,1,1,1,16,1,180.16,166.51865008880995,6,12,6,0,0,0,0,0,0,0,0,0,0,0,0,1,0.05,M9,30,1,BL21 -fadE,"ompT, gal, dcm, lon, hsdSb, lacI, T7 RNApolymerase, fadE","0,0,0,0,0,1,1,0","maqu2220, fadD, 'tesA","0,0,0","1,1,1","1,0,0","4,0,1","1,0,0",0,0,0,0,0,fatty alcohol,16,34,1,0,242,acetyl-CoA,10,8,17,2.5342506666666664E-3,NA,NA,0.42199999999999999,NA,36,NA,NA
28,1,1,1,17,1,180.16,166.51865008880995,6,12,6,0,0,0,0,0,0,0,0,0,0,0,0,1,3,M9,30,1,BL21 -fadE,"ompT, gal, dcm, lon, hsdSb, lacI, T7 RNApolymerase, fadE","0,0,0,0,0,1,1,0","maqu2220, fadD, 'tesA","0,0,0","1,1,1","1,0,0","4,0,1","1,0,0",0,0,0,0,0,fatty alcohol,14,30,1,0,214,acetyl-CoA,9,7,15,2.8299999999999999E-2,NA,NA,1.7250000000000001,NA,110,NA,NA
29,1,1,1,1,1,180.16,166.51865008880995,6,12,6,0,0,0,0,0,0,0,0,0,0,0,0,1,0.05,M9,30,1,JBEI-8085,"ilvG, rfb, rph, fadE, araD, acpS","0,0,0,0,0,1","fas-IA, Maqu2220","0,0","1,1","1,1","3,2","1,1","0,0","0,0","0,0","0,0","0,0",fatty alcohol,16,34,1,0,242,acetyl-CoA,NA,NA,NA,0.126,NA,NA,3.78,5.3239436619718306E-2,71,NA,NA
29,1,1,1,2,1,180.16,166.51865008880995,6,12,6,0,0,0,0,0,0,0,0,0,0,0,0,1,0.05,M9,30,1,JBEI 9018,"ilvG, rfb, rph, fadE, araD, acpS","0,0,0,0,0,1","RFP, Maqu2220","0,0","1,1","1,1","3,2","1,1","0,0","0,0","0,0","0,0","0,0",fatty alcohol,16,34,1,0,242,acetyl-CoA,NA,NA,NA,0.12000000000000001,NA,NA,3.6,5.0704225352112678E-2,71,NA,NA
29,1,1,1,3,1,180.16,166.51865008880995,6,12,6,0,0,0,0,0,0,0,0,0,0,0,0,1,0.05,M9,30,1,JBEI-9017,"ilvG, rfb, rph, fadE, araD, acpS","0,0,0,0,0,1","tesA, fadD, Maqu2220","0,0,0","1,1,1","0,0,1","3,3,2","0,0,1","0,0,0","0,0,0","0,0,0","0,0,0","0,0,0",fatty alcohol,16,32,1,0,240,acetyl-CoA,NA,NA,NA,0.127,NA,NA,3.82,5.3802816901408451E-2,71,NA,NA
30,1,1,1,1,9,92.09,325.76827017048538,3,8,3,0,0,0,0,0,0,0,0,0,0,0,0,1,5.0000000000000001E-3,YE,30,1,YX101,"ompT, gal, dcm, rne, hsdSb, T7 RNApolymerase","0,0,0,0,0,1",tesA,0,1,0,1,0,0,0,0,0,0,fatty acid,14,28,2,0,228,acetyl-CoA,7,6,12,1.6775599128540306E-2,NA,NA,0.50326797385620914,1.2581699346405229E-2,40,NA,NA
30,1,1,1,2,9,92.09,325.76827017048538,3,8,3,0,0,0,0,0,0,0,0,0,0,0,0,1,5.0000000000000001E-3,YE,30,1,YX102,"ompT, gal, dcm, rne, hsdSb, T7 RNApolymerase","0,0,0,0,0,1",UCtesA,0,1,1,1,1,0,0,0,0,0,fatty acid,12,24,2,0,200,acetyl-CoA,6,5,10,7.4074074074074068E-3,NA,NA,0.22222222222222221,5.5555555555555549E-3,40,NA,NA
30,1,1,1,3,9,92.09,325.76827017048538,3,8,3,0,0,0,0,0,0,0,0,0,0,0,0,1,5.0000000000000001E-3,YE,30,1,YX103,"ompT, gal, dcm, rne, hsdSb, T7 RNApolymerase","0,0,0,0,0,1",BNtesA,0,1,1,1,1,0,0,0,0,0,fatty acid,16,32,2,0,256,acetyl-CoA,8,7,14,5.0108932461873637E-3,NA,NA,0.15032679738562091,3.7581699346405225E-3,40,NA,NA
30,1,1,1,4,9,92.09,325.76827017048538,3,8,3,0,0,0,0,0,0,0,0,0,0,0,0,1,5.0000000000000001E-3,YE,30,1,YX135,"ompT, gal, dcm, rne, hsdSb, T7 RNApolymerase","0,0,0,0,0,1","dox, tesA","0,0","1,1","1,0","1,1","1,0","0,0","0,0","0,0","0,0","0,0",fatty alcohol (odd),13,28,1,0,200,acetyl-CoA,NA,NA,NA,NA,NA,NA,1.3695652173913045E-2,3.4239130434782612E-4,40,NA,NA
30,1,1,1,5,9,92.09,325.76827017048538,3,8,3,0,0,0,0,0,0,0,0,0,0,0,0,1,5.0000000000000001E-3,YE,30,1,YX104,"ompT, gal, dcm, rne, hsdSb, T7 RNApolymerase","0,0,0,0,0,1","dox, UCtesA","0,0","1,1","1,1","1,1","1,1","0,0","0,0","0,0","0,0","0,0",fatty alcohol (odd),11,24,1,0,172,acetyl-CoA,NA,NA,NA,NA,NA,NA,1.0978260869565217E-2,2.7445652173913043E-4,40,NA,NA
30,1,1,1,6,9,92.09,325.76827017048538,3,8,3,0,0,0,0,0,0,0,0,0,0,0,0,1,5.0000000000000001E-3,YE,30,1,YX105,"ompT, gal, dcm, rne, hsdSb, T7 RNApolymerase","0,0,0,0,0,1","dox, BNtesA","0,0","1,1","1,1","1,1","1,1","0,0","0,0","0,0","0,0","0,0",fatty alcohol (odd),15,32,1,0,228,acetyl-CoA,NA,NA,NA,NA,NA,NA,2.1739130434782609E-3,5.4347826086956524E-5,40,NA,NA
30,1,1,1,7,9,92.09,325.76827017048538,3,8,3,0,0,0,0,0,0,0,0,0,0,0,0,1,5.0000000000000001E-3,YE,30,1,YX220,"ompT, gal, dcm, rne, hsdSb, T7 RNApolymerase","0,0,0,0,0,1","dox, tesA","0,0","1,1","1,0","1,1","1,0","0,0","0,0","0,0","0,0","0,0",fatty alcohol (odd),11,24,1,0,172,acetyl-CoA,NA,NA,NA,NA,NA,NA,1.5875E-2,3.9687499999999998E-4,40,NA,NA
30,1,1,1,8,9,92.09,325.76827017048538,3,8,3,0,0,0,0,0,0,0,0,0,0,0,0,1,5.0000000000000001E-3,YE,30,1,YX232,"ompT, gal, dcm, rne, hsdSb, T7 RNApolymerase","0,0,0,0,0,1","dox, tesA","0,0","1,1","1,0","1,1","1,0","0,0","0,0","0,0","0,0","0,0",fatty alcohol (odd),11,24,1,0,172,acetyl-CoA,NA,NA,NA,NA,NA,NA,2.0250000000000001E-2,5.0624999999999997E-4,40,NA,NA
30,1,1,1,9,9,92.09,325.76827017048538,3,8,3,0,0,0,0,0,0,0,0,0,0,0,0,1,5.0000000000000001E-3,YE,30,1,YX233,"ompT, gal, dcm, rne, hsdSb, T7 RNApolymerase","0,0,0,0,0,1","dox, tesA","0,0","1,1","1,0","1,1","1,0","0,0","0,0","0,0","0,0","0,0",fatty alcohol (odd),11,24,1,0,172,acetyl-CoA,NA,NA,NA,NA,NA,NA,1.8749999999999999E-2,4.6874999999999998E-4,40,NA,NA
30,1,1,1,10,9,92.09,325.76827017048538,3,8,3,0,0,0,0,0,0,0,0,0,0,0,0,1,5.0000000000000001E-3,YE,30,1,YX234,"ompT, gal, dcm, rne, hsdSb, T7 RNApolymerase","0,0,0,0,0,1","dox, tesA","0,0","1,1","1,0","1,1","1,0","0,0","0,0","0,0","0,0","0,0",fatty alcohol (odd),11,24,1,0,172,acetyl-CoA,NA,NA,NA,NA,NA,NA,1.9E-2,4.75E-4,40,NA,NA
30,1,1,1,11,9,92.09,325.76827017048538,3,8,3,0,0,0,0,0,0,0,0,0,0,0,0,1,5.0000000000000001E-3,YE,30,1,YX235,"ompT, gal, dcm, rne, hsdSb, T7 RNApolymerase","0,0,0,0,0,1","dox, tesA","0,0","1,1","1,0","1,1","1,0","0,0","0,0","0,0","0,0","0,0",fatty alcohol (odd),13,28,1,0,200,acetyl-CoA,NA,NA,NA,NA,NA,NA,7.4999999999999997E-3,1.875E-4,40,NA,NA
30,1,1,1,12,9,92.09,325.76827017048538,3,8,3,0,0,0,0,0,0,0,0,0,0,0,0,1,5.0000000000000001E-3,YE,30,1,YX221,"ompT, gal, dcm, rne, hsdSb, T7 RNApolymerase","0,0,0,0,0,1","dox-Histag, tesA","0,0","1,1","1,0","1,1","1,0","0,0","0,0","0,0","0,0","0,0",fatty alcohol (odd),11,24,1,0,172,acetyl-CoA,NA,NA,NA,NA,NA,NA,1.6250000000000001E-2,4.0625000000000004E-4,40,NA,NA
30,1,1,1,13,9,92.09,325.76827017048538,3,8,3,0,0,0,0,0,0,0,0,0,0,0,0,1,5.0000000000000001E-3,YE,30,1,YX222,"ompT, gal, dcm, rne, hsdSb, T7 RNApolymerase","0,0,0,0,0,1","dox-Histag, tesA","0,0","1,1","1,0","1,1","1,0","0,0","0,0","0,0","0,0","0,0",fatty alcohol (odd),11,24,1,0,172,acetyl-CoA,NA,NA,NA,NA,NA,NA,2.2250000000000002E-2,5.562500000000001E-4,40,NA,NA
30,1,1,1,14,9,92.09,325.76827017048538,3,8,3,0,0,0,0,0,0,0,0,0,0,0,0,1,5.0000000000000001E-3,YE,30,1,YX223,"ompT, gal, dcm, rne, hsdSb, T7 RNApolymerase","0,0,0,0,0,1","dox-Histag, tesA","0,0","1,1","1,0","1,1","1,0","0,0","0,0","0,0","0,0","0,0",fatty alcohol (odd),11,24,1,0,172,acetyl-CoA,NA,NA,NA,NA,NA,NA,2.0750000000000001E-2,5.1875000000000001E-4,40,NA,NA
30,1,1,1,15,9,92.09,325.76827017048538,3,8,3,0,0,0,0,0,0,0,0,0,0,0,0,1,5.0000000000000001E-3,YE,30,1,YX224,"ompT, gal, dcm, rne, hsdSb, T7 RNApolymerase","0,0,0,0,0,1","dox-Histag, tesA","0,0","1,1","1,0","1,1","1,0","0,0","0,0","0,0","0,0","0,0",fatty alcohol (odd),11,24,1,0,172,acetyl-CoA,NA,NA,NA,NA,NA,NA,2.0625000000000001E-2,5.1562500000000002E-4,40,NA,NA
30,1,1,1,16,9,92.09,325.76827017048538,3,8,3,0,0,0,0,0,0,0,0,0,0,0,0,1,5.0000000000000001E-3,YE,30,1,YX225,"ompT, gal, dcm, rne, hsdSb, T7 RNApolymerase","0,0,0,0,0,1","dox-Histag, tesA","0,0","1,1","1,0","1,1","1,0","0,0","0,0","0,0","0,0","0,0",fatty alcohol (odd),11,24,1,0,172,acetyl-CoA,NA,NA,NA,NA,NA,NA,1.225E-2,3.0624999999999999E-4,40,NA,NA
30,1,1,1,17,9,92.09,325.76827017048538,3,8,3,0,0,0,0,0,0,0,0,0,0,0,0,1,5.0000000000000001E-3,YE,30,1,YX135,"ompT, gal, dcm, rne, hsdSb, T7 RNApolymerase","0,0,0,0,0,1","dox, tesA","0,0","1,1","1,0","1,1","1,0","0,0","0,0","0,0","0,0","0,0",fatty alcohol (odd),13,28,1,0,200,acetyl-CoA,NA,NA,NA,NA,NA,NA,1.375E-2,3.4374999999999998E-4,40,NA,NA
30,1,1,1,18,9,92.09,325.76827017048538,3,8,3,0,0,0,0,0,0,0,0,0,0,0,0,1,5.0000000000000001E-3,YE,30,1,YX136,"ompT, gal, dcm, rne, hsdSb, T7 RNApolymerase","0,0,0,0,0,1","dox, tesA","0,0","1,1","1,0","1,1","1,0","0,0","0,0","0,0","0,0","0,0",fatty alcohol (odd),13,28,1,0,200,acetyl-CoA,NA,NA,NA,NA,NA,NA,1.8249999999999999E-2,4.5624999999999995E-4,40,NA,NA
30,1,1,1,19,9,92.09,325.76827017048538,3,8,3,0,0,0,0,0,0,0,0,0,0,0,0,1,5.0000000000000001E-3,YE,30,1,YX137,"ompT, gal, dcm, rne, hsdSb, T7 RNApolymerase","0,0,0,0,0,1","dox, tesA","0,0","1,1","1,0","1,1","1,0","0,0","0,0","0,0","0,0","0,0",fatty alcohol (odd),13,28,1,0,200,acetyl-CoA,NA,NA,NA,NA,NA,NA,1.7000000000000001E-2,4.2500000000000003E-4,40,NA,NA
30,1,1,1,20,9,92.09,325.76827017048538,3,8,3,0,0,0,0,0,0,0,0,0,0,0,0,1,5.0000000000000001E-3,YE,30,1,YX138,"ompT, gal, dcm, rne, hsdSb, T7 RNApolymerase","0,0,0,0,0,1","dox, tesA","0,0","1,1","1,0","1,1","1,0","0,0","0,0","0,0","0,0","0,0",fatty alcohol (odd),13,28,1,0,200,acetyl-CoA,NA,NA,NA,NA,NA,NA,1.3125E-2,3.2812499999999997E-4,40,NA,NA
30,1,1,1,21,9,92.09,325.76827017048538,3,8,3,0,0,0,0,0,0,0,0,0,0,0,0,1,5.0000000000000001E-3,YE,30,1,YX140,"ompT, gal, dcm, rne, hsdSb, T7 RNApolymerase","0,0,0,0,0,1","dox, tesA","0,0","1,1","1,0","1,1","1,0","0,0","0,0","0,0","0,0","0,0",fatty alcohol (odd),13,28,1,0,200,acetyl-CoA,NA,NA,NA,NA,NA,NA,8.5000000000000006E-3,2.1250000000000002E-4,40,NA,NA
30,1,1,1,22,9,92.09,325.76827017048538,3,8,3,0,0,0,0,0,0,0,0,0,0,0,0,1,5.0000000000000001E-3,YE,30,1,YX131,"ompT, gal, dcm, rne, hsdSb, T7 RNApolymerase","0,0,0,0,0,1","dox, tesA","0,0","1,1","1,0","1,1","1,0","0,0","0,0","0,0","0,0","0,0",fatty alcohol (odd),11,24,1,0,172,acetyl-CoA,NA,NA,NA,NA,NA,NA,2.5000000000000001E-2,6.2500000000000001E-4,40,NA,NA
30,1,1,1,23,9,92.09,325.76827017048538,3,8,3,0,0,0,0,0,0,0,0,0,0,0,0,1,5.0000000000000001E-3,YE,30,1,YX132,"ompT, gal, dcm, rne, hsdSb, T7 RNApolymerase","0,0,0,0,0,1","dox, tesA","0,0","1,1","1,0","1,1","1,0","0,0","0,0","0,0","0,0","0,0",fatty alcohol (odd),11,24,1,0,172,acetyl-CoA,NA,NA,NA,NA,NA,NA,2.2374999999999999E-2,5.5937499999999998E-4,40,NA,NA
30,1,1,1,24,9,92.09,325.76827017048538,3,8,3,0,0,0,0,0,0,0,0,0,0,0,0,1,5.0000000000000001E-3,YE,30,1,YX133,"ompT, gal, dcm, rne, hsdSb, T7 RNApolymerase","0,0,0,0,0,1","dox, tesA","0,0","1,1","1,0","1,1","1,0","0,0","0,0","0,0","0,0","0,0",fatty alcohol (odd),11,24,1,0,172,acetyl-CoA,NA,NA,NA,NA,NA,NA,3.0125000000000002E-2,7.5312500000000011E-4,40,NA,NA
30,1,1,1,25,9,92.09,325.76827017048538,3,8,3,0,0,0,0,0,0,0,0,0,0,0,0,1,5.0000000000000001E-3,YE,30,1,YX134,"ompT, gal, dcm, rne, hsdSb, T7 RNApolymerase","0,0,0,0,0,1","dox, tesA","0,0","1,1","1,0","1,1","1,0","0,0","0,0","0,0","0,0","0,0",fatty alcohol (odd),11,24,1,0,172,acetyl-CoA,NA,NA,NA,NA,NA,NA,3.4874999999999996E-2,8.7187499999999993E-4,40,NA,NA
30,1,1,1,26,9,92.09,325.76827017048538,3,8,3,0,0,0,0,0,0,0,0,0,0,0,0,1,5.0000000000000001E-3,YE,30,1,YX130,"ompT, gal, dcm, rne, hsdSb, T7 RNApolymerase","0,0,0,0,0,1","dox, tesA","0,0","1,1","1,0","1,1","1,0","0,0","0,0","0,0","0,0","0,0",fatty alcohol (odd),11,24,1,0,172,acetyl-CoA,NA,NA,NA,NA,NA,NA,1.7124999999999998E-2,4.2812499999999996E-4,40,NA,NA
30,1,1,1,27,9,92.09,325.76827017048538,3,8,3,0,0,0,0,0,0,0,0,0,0,0,0,1,5.0000000000000001E-3,YE,30,1,YX134,"ompT, gal, dcm, rne, hsdSb, T7 RNApolymerase","0,0,0,0,0,1","dox, tesA","0,0","1,1","1,0","1,1","1,0","0,0","0,0","0,0","0,0","0,0",fatty alcohol (odd),11,24,1,0,172,acetyl-CoA,NA,NA,NA,NA,NA,NA,3.4873949579831934E-2,8.718487394957983E-4,40,NA,NA
30,1,1,1,28,9,92.09,325.76827017048538,3,8,3,0,0,0,0,0,0,0,0,0,0,0,0,1,5.0000000000000001E-3,YE,30,1,YX146,"ompT, gal, dcm, rne, hsdSb, T7 RNApolymerase","0,0,0,0,0,1","tesA, dox, adhE","0,0,0","1,1,1","0,1,0","1,1,1","0,1,0","0,0,0","0,0,0","0,0,0","0,0,0","0,0,0",fatty alcohol (odd),11,24,1,0,172,acetyl-CoA,NA,NA,NA,NA,NA,NA,3.0252100840336135E-2,7.5630252100840334E-4,40,NA,NA
30,1,1,1,29,9,92.09,325.76827017048538,3,8,3,0,0,0,0,0,0,0,0,0,0,0,0,1,5.0000000000000001E-3,YE,30,1,YX143,"ompT, gal, dcm, rne, hsdSb, T7 RNApolymerase","0,0,0,0,0,1","tesA, dox, adhP","0,0,0","1,1,1","0,1,0","1,1,1","0,1,0","0,0,0","0,0,0","0,0,0","0,0,0","0,0,0",fatty alcohol (odd),11,24,1,0,172,acetyl-CoA,NA,NA,NA,NA,NA,NA,3.8235294117647062E-2,9.5588235294117652E-4,40,NA,NA
30,1,1,1,30,9,92.09,325.76827017048538,3,8,3,0,0,0,0,0,0,0,0,0,0,0,0,1,5.0000000000000001E-3,YE,30,1,YX145,"ompT, gal, dcm, rne, hsdSb, T7 RNApolymerase","0,0,0,0,0,1","tesA, dox, yqhD","0,0,0","1,1,1","0,1,0","1,1,1","0,1,0","0,0,0","0,0,0","0,0,0","0,0,0","0,0,0",fatty alcohol (odd),11,24,1,0,172,acetyl-CoA,NA,NA,NA,NA,NA,NA,4.7058823529411764E-2,1.176470588235294E-3,40,NA,NA
30,1,1,1,31,9,92.09,325.76827017048538,3,8,3,0,0,0,0,0,0,0,0,0,0,0,0,1,5.0000000000000001E-3,YE,30,1,YX144,"ompT, gal, dcm, rne, hsdSb, T7 RNApolymerase","0,0,0,0,0,1","tesA, dox, yjgB","0,0,0","1,1,1","0,1,0","1,1,1","0,1,0","0,0,0","0,0,0","0,0,0","0,0,0","0,0,0",fatty alcohol (odd),11,24,1,0,172,acetyl-CoA,NA,NA,NA,NA,NA,NA,6.7647058823529421E-2,1.6911764705882354E-3,40,NA,NA
30,1,1,1,32,9,92.09,325.76827017048538,3,8,3,0,0,0,0,0,0,0,0,0,0,0,0,1,5.0000000000000001E-3,YE,30,1,YX147,"ompT, gal, dcm, rne, hsdSb, T7 RNApolymerase","0,0,0,0,0,1","tesA, dox, slr1192","0,0,0","1,1,1","0,1,1","1,1,1","0,1,0","0,0,0","0,0,0","0,0,0","0,0,0","0,0,0",fatty alcohol (odd),11,24,1,0,172,acetyl-CoA,NA,NA,NA,NA,NA,NA,5.3361344537815131E-2,1.3340336134453784E-3,40,NA,NA
30,0,1,1,33,9,92.09,325.76827017048538,3,8,3,0,0,0,0,0,0,0,0,0,0,0,0,1,5.0000000000000001E-3,YE,30,1,YX144,"ompT, gal, dcm, rne, hsdSb, T7 RNApolymerase","0,0,0,0,0,1","tesA, dox, yjgB","0,0,0","1,1,1","0,1,0","1,1,1","0,1,0","0,0,0","0,0,0","0,0,0","0,0,0","0,0,0",fatty alcohol (odd),11,24,1,0,172,acetyl-CoA,NA,NA,NA,NA,NA,NA,6.8137254901960792E-2,1.7034313725490199E-3,40,NA,NA
30,0,1,1,34,9,92.09,325.76827017048538,3,8,3,0,0,0,0,0,0,0,0,0,0,0,0,1,5.0000000000000001E-3,YE,30,1,YX144-fadE,"ompT, gal, dcm, rne, hsdSb, T7 RNApolymerase, fadE","0,0,0,0,0,1,0","tesA, dox, yjgB","0,0,0","1,1,1","0,1,0","1,1,1","0,1,0","0,0,0","0,0,0","0,0,0","0,0,0","0,0,0",fatty alcohol (odd),13,28,1,0,200,acetyl-CoA,NA,NA,NA,NA,NA,NA,2.1078431372549021E-2,5.2696078431372555E-4,40,NA,NA
30,0,1,1,35,9,92.09,325.76827017048538,3,8,3,0,0,0,0,0,0,0,0,0,0,0,0,1,5.0000000000000001E-3,YE,30,1,YX144-fadD,"ompT, gal, dcm, rne, hsdSb, T7 RNApolymerase, fadD","0,0,0,0,0,1,0","tesA, dox, yjgB","0,0,0","1,1,1","0,1,0","1,1,1","0,1,0","0,0,0","0,0,0","0,0,0","0,0,0","0,0,0",fatty alcohol (odd),13,28,1,0,200,acetyl-CoA,NA,NA,NA,NA,NA,NA,7.8431372549019607E-3,1.9607843137254901E-4,40,NA,NA
30,0,1,1,36,9,92.09,325.76827017048538,3,8,3,0,0,0,0,0,0,0,0,0,0,0,0,1,5.0000000000000001E-3,YE,30,1,YX144+Eacc,"ompT, gal, dcm, rne, hsdSb, T7 RNApolymerase","0,0,0,0,0,1","tesA, dox, yjgB, Eacc","0,0,0,0","1,1,1,1","0,1,0,0","1,1,1,0","0,1,0,0","0,0,0,0","0,0,0,0","0,0,0,0","0,0,0,0","0,0,0,0",fatty alcohol (odd),11,24,1,0,172,acetyl-CoA,NA,NA,NA,NA,NA,NA,3.7745098039215691E-2,9.436274509803923E-4,40,NA,NA
30,0,1,1,37,9,92.09,325.76827017048538,3,8,3,0,0,0,0,0,0,0,0,0,0,0,0,1,5.0000000000000001E-3,YE,30,1,YX144+CAcc,"ompT, gal, dcm, rne, hsdSb, T7 RNApolymerase","0,0,0,0,0,1","tesA, dox, yjgB, Cacc","0,0,0,0","1,1,1,1","0,1,0,1","1,1,1,12","0,1,0,0","0,0,0,0","0,0,0,0","0,0,0,0","0,0,0,0","0,0,0,0",fatty alcohol (odd),13,28,1,0,200,acetyl-CoA,NA,NA,NA,NA,NA,NA,2.8431372549019607E-2,7.1078431372549014E-4,40,NA,NA
30,0,1,1,38,9,92.09,325.76827017048538,3,8,3,0,0,0,0,0,0,0,0,0,0,0,0,1,5.0000000000000001E-3,YE,30,1,YX144+fabD,"ompT, gal, dcm, rne, hsdSb, T7 RNApolymerase","0,0,0,0,0,1","tesA, dox, yjgB, fabD","0,0,0,0","1,1,1,1","0,1,0,0","1,1,1,4","0,1,0,0","0,0,0,0","0,0,0,0","0,0,0,0","0,0,0,0","0,0,0,0",fatty alcohol (odd),13,28,1,0,200,acetyl-CoA,NA,NA,NA,NA,NA,NA,1.127450980392157E-2,2.8186274509803928E-4,40,NA,NA
30,0,1,1,39,9,92.09,325.76827017048538,3,8,3,0,0,0,0,0,0,0,0,0,0,0,0,1,5.0000000000000001E-3,YE,30,1,YX144+fabG,"ompT, gal, dcm, rne, hsdSb, T7 RNApolymerase","0,0,0,0,0,1","tesA, dox, yjgB, fabG","0,0,0,0","1,1,1,1","0,1,0,0","1,1,1,4","0,1,0,0","0,0,0,0","0,0,0,0","0,0,0,0","0,0,0,0","0,0,0,0",fatty alcohol (odd),13,28,1,0,200,acetyl-CoA,NA,NA,NA,NA,NA,NA,5.4901960784313732E-2,1.3725490196078434E-3,40,NA,NA
30,0,1,1,40,9,92.09,325.76827017048538,3,8,3,0,0,0,0,0,0,0,0,0,0,0,0,1,5.0000000000000001E-3,YE,30,1,YX144+fabA,"ompT, gal, dcm, rne, hsdSb, T7 RNApolymerase","0,0,0,0,0,1","tesA, dox, yjgB, fabA","0,0,0,0","1,1,1,1","0,1,0,0","1,1,1,4","0,1,0,0","0,0,0,0","0,0,0,0","0,0,0,0","0,0,0,0","0,0,0,0",fatty alcohol (odd),13,28,1,0,200,acetyl-CoA,NA,NA,NA,NA,NA,NA,1.127450980392157E-2,2.8186274509803928E-4,40,NA,NA
30,0,1,1,41,9,92.09,325.76827017048538,3,8,3,0,0,0,0,0,0,0,0,0,0,0,0,1,5.0000000000000001E-3,YE,30,1,YX144+fabI,"ompT, gal, dcm, rne, hsdSb, T7 RNApolymerase","0,0,0,0,0,1","tesA, dox, yjgB, fabI","0,0,0,0","1,1,1,1","0,1,0,0","1,1,1,4","0,1,0,0","0,0,0,0","0,0,0,0","0,0,0,0","0,0,0,0","0,0,0,0",fatty alcohol (odd),13,28,1,0,200,acetyl-CoA,NA,NA,NA,NA,NA,NA,2.0098039215686276E-2,5.0245098039215688E-4,40,NA,NA
30,0,1,1,42,9,92.09,325.76827017048538,3,8,3,0,0,0,0,0,0,0,0,0,0,0,0,1,5.0000000000000001E-3,YE,30,1,YX144+fabB,"ompT, gal, dcm, rne, hsdSb, T7 RNApolymerase","0,0,0,0,0,1","tesA, dox, yjgB, fabB","0,0,0,0","1,1,1,1","0,1,0,0","1,1,1,4","0,1,0,0","0,0,0,0","0,0,0,0","0,0,0,0","0,0,0,0","0,0,0,0",fatty alcohol (odd),11,24,1,0,172,acetyl-CoA,NA,NA,NA,NA,NA,NA,2.6960784313725492E-2,6.7401960784313725E-4,40,NA,NA
30,0,1,1,43,9,92.09,325.76827017048538,3,8,3,0,0,0,0,0,0,0,0,0,0,0,0,1,5.0000000000000001E-3,YE,30,1,YX144+fabR,"ompT, gal, dcm, rne, hsdSb, T7 RNApolymerase","0,0,0,0,0,1","tesA, dox, yjgB, fabR","0,0,0,0","1,1,1,1","0,1,0,0","1,1,1,4","0,1,0,0","0,0,0,0","0,0,0,0","0,0,0,0","0,0,0,0","0,0,0,0",fatty alcohol (odd),11,24,1,0,172,acetyl-CoA,NA,NA,NA,NA,NA,NA,3.2843137254901962E-2,8.2107843137254905E-4,40,NA,NA
30,0,1,1,44,9,92.09,325.76827017048538,3,8,3,0,0,0,0,0,0,0,0,0,0,0,0,1,5.0000000000000001E-3,YE,30,1,YX144,"ompT, gal, dcm, rne, hsdSb, T7 RNApolymerase","0,0,0,0,0,1","tesA, dox, yjgB","0,0,0","1,1,1","0,1,0","1,1,1","0,1,0","0,0,0","0,0,0","0,0,0","0,0,0","0,0,0",fatty alcohol (odd),11,24,1,0,172,acetyl-CoA,NA,NA,NA,NA,NA,NA,6.4705882352941183E-2,1.6176470588235296E-3,40,NA,NA
30,0,1,1,45,9,92.09,325.76827017048538,3,8,3,0,0,0,0,0,0,0,0,0,0,0,0,1,5.0000000000000001E-3,YE,30,1,YX144+Eacc,"ompT, gal, dcm, rne, hsdSb, T7 RNApolymerase","0,0,0,0,0,1","tesA, dox, yjgB, Eacc","0,0,0,0","1,1,1,1","0,1,0,0","1,1,1,0","0,1,0,0","0,0,0,0","0,0,0,0","0,0,0,0","0,0,0,0","0,0,0,0",fatty alcohol (odd),11,24,1,0,172,acetyl-CoA,NA,NA,NA,NA,NA,NA,5.784313725490197E-2,1.4460784313725492E-3,40,NA,NA
30,0,1,1,46,9,92.09,325.76827017048538,3,8,3,0,0,0,0,0,0,0,0,0,0,0,0,1,5.0000000000000001E-3,YE,30,1,YX144+CAcc,"ompT, gal, dcm, rne, hsdSb, T7 RNApolymerase","0,0,0,0,0,1","tesA, dox, yjgB, Cacc","0,0,0,0","1,1,1,1","0,1,0,1","1,1,1,12","0,1,0,0","0,0,0,0","0,0,0,0","0,0,0,0","0,0,0,0","0,0,0,0",fatty alcohol (odd),13,28,1,0,200,acetyl-CoA,NA,NA,NA,NA,NA,NA,7.8921568627450978E-2,1.9730392156862746E-3,40,NA,NA
30,0,1,1,47,9,92.09,325.76827017048538,3,8,3,0,0,0,0,0,0,0,0,0,0,0,0,1,5.0000000000000001E-3,YE,30,1,YX144+fabD,"ompT, gal, dcm, rne, hsdSb, T7 RNApolymerase","0,0,0,0,0,1","tesA, dox, yjgB, fabD","0,0,0,0","1,1,1,1","0,1,0,0","1,1,1,4","0,1,0,0","0,0,0,0","0,0,0,0","0,0,0,0","0,0,0,0","0,0,0,0",fatty alcohol (odd),13,28,1,0,200,acetyl-CoA,NA,NA,NA,NA,NA,NA,0.10049019607843138,2.5122549019607845E-3,40,NA,NA
30,0,1,1,48,9,92.09,325.76827017048538,3,8,3,0,0,0,0,0,0,0,0,0,0,0,0,1,5.0000000000000001E-3,YE,30,1,YX144+fabG,"ompT, gal, dcm, rne, hsdSb, T7 RNApolymerase","0,0,0,0,0,1","tesA, dox, yjgB, fabG","0,0,0,0","1,1,1,1","0,1,0,0","1,1,1,4","0,1,0,0","0,0,0,0","0,0,0,0","0,0,0,0","0,0,0,0","0,0,0,0",fatty alcohol (odd),13,28,1,0,200,acetyl-CoA,NA,NA,NA,NA,NA,NA,2.3039215686274511E-2,5.7598039215686278E-4,40,NA,NA
30,0,1,1,49,9,92.09,325.76827017048538,3,8,3,0,0,0,0,0,0,0,0,0,0,0,0,1,5.0000000000000001E-3,YE,30,1,YX144+fabA,"ompT, gal, dcm, rne, hsdSb, T7 RNApolymerase","0,0,0,0,0,1","tesA, dox, yjgB, fabA","0,0,0,0","1,1,1,1","0,1,0,0","1,1,1,4","0,1,0,0","0,0,0,0","0,0,0,0","0,0,0,0","0,0,0,0","0,0,0,0",fatty alcohol (odd),13,28,1,0,200,acetyl-CoA,NA,NA,NA,NA,NA,NA,9.8039215686274508E-3,2.4509803921568627E-4,40,NA,NA
30,0,1,1,50,9,92.09,325.76827017048538,3,8,3,0,0,0,0,0,0,0,0,0,0,0,0,1,5.0000000000000001E-3,YE,30,1,YX144+fabI,"ompT, gal, dcm, rne, hsdSb, T7 RNApolymerase","0,0,0,0,0,1","tesA, dox, yjgB, fabI","0,0,0,0","1,1,1,1","0,1,0,0","1,1,1,4","0,1,0,0","0,0,0,0","0,0,0,0","0,0,0,0","0,0,0,0","0,0,0,0",fatty alcohol (odd),13,28,1,0,200,acetyl-CoA,NA,NA,NA,NA,NA,NA,8.8725490196078435E-2,2.2181372549019609E-3,40,NA,NA
30,0,1,1,51,9,92.09,325.76827017048538,3,8,3,0,0,0,0,0,0,0,0,0,0,0,0,1,5.0000000000000001E-3,YE,30,1,YX144+fabB,"ompT, gal, dcm, rne, hsdSb, T7 RNApolymerase","0,0,0,0,0,1","tesA, dox, yjgB, fabB","0,0,0,0","1,1,1,1","0,1,0,0","1,1,1,4","0,1,0,0","0,0,0,0","0,0,0,0","0,0,0,0","0,0,0,0","0,0,0,0",fatty alcohol (odd),11,24,1,0,172,acetyl-CoA,NA,NA,NA,NA,NA,NA,3.4803921568627452E-2,8.7009803921568628E-4,40,NA,NA
30,0,1,1,52,9,92.09,325.76827017048538,3,8,3,0,0,0,0,0,0,0,0,0,0,0,0,1,5.0000000000000001E-3,YE,30,1,YX144+fabR,"ompT, gal, dcm, rne, hsdSb, T7 RNApolymerase","0,0,0,0,0,1","tesA, dox, yjgB, fabR","0,0,0,0","1,1,1,1","0,1,0,0","1,1,1,4","0,1,0,0","0,0,0,0","0,0,0,0","0,0,0,0","0,0,0,0","0,0,0,0",fatty alcohol (odd),13,28,1,0,200,acetyl-CoA,NA,NA,NA,NA,NA,NA,0.10147058823529412,2.5367647058823529E-3,40,NA,NA
30,0,1,1,53,9,92.09,325.76827017048538,3,8,3,0,0,0,0,0,0,0,0,0,0,0,0,1,5.0000000000000001E-3,YE,30,1,YX144,"ompT, gal, dcm, rne, hsdSb, T7 RNApolymerase","0,0,0,0,0,1","tesA, dox, yjgB","0,0,0","1,1,1","0,1,0","1,1,1","0,1,0","0,0,0","0,0,0","0,0,0","0,0,0","0,0,0",fatty alcohol (odd),11,24,1,0,172,acetyl-CoA,NA,NA,NA,NA,NA,NA,5.2941176470588241E-2,1.323529411764706E-3,40,NA,NA
30,0,1,1,54,9,92.09,325.76827017048538,3,8,3,0,0,0,0,0,0,0,0,0,0,0,0,1,5.0000000000000001E-3,YE,30,1,YX144+Eacc,"ompT, gal, dcm, rne, hsdSb, T7 RNApolymerase","0,0,0,0,0,1","tesA, dox, yjgB, Eacc","0,0,0,0","1,1,1,1","0,1,0,0","1,1,1,0","0,1,0,0","0,0,0,0","0,0,0,0","0,0,0,0","0,0,0,0","0,0,0,0",fatty alcohol (odd),11,24,1,0,172,acetyl-CoA,NA,NA,NA,NA,NA,NA,8.8235294117647065E-2,2.2058823529411764E-3,40,NA,NA
30,0,1,1,55,9,92.09,325.76827017048538,3,8,3,0,0,0,0,0,0,0,0,0,0,0,0,1,5.0000000000000001E-3,YE,30,1,YX144+CAcc,"ompT, gal, dcm, rne, hsdSb, T7 RNApolymerase","0,0,0,0,0,1","tesA, dox, yjgB, Cacc","0,0,0,0","1,1,1,1","0,1,0,1","1,1,1,12","0,1,0,0","0,0,0,0","0,0,0,0","0,0,0,0","0,0,0,0","0,0,0,0",fatty alcohol (odd),13,28,1,0,200,acetyl-CoA,NA,NA,NA,NA,NA,NA,5.9313725490196083E-2,1.4828431372549021E-3,40,NA,NA
30,0,1,1,56,9,92.09,325.76827017048538,3,8,3,0,0,0,0,0,0,0,0,0,0,0,0,1,5.0000000000000001E-3,YE,30,1,YX144+fabD,"ompT, gal, dcm, rne, hsdSb, T7 RNApolymerase","0,0,0,0,0,1","tesA, dox, yjgB, fabD","0,0,0,0","1,1,1,1","0,1,0,0","1,1,1,4","0,1,0,0","0,0,0,0","0,0,0,0","0,0,0,0","0,0,0,0","0,0,0,0",fatty alcohol (odd),13,28,1,0,200,acetyl-CoA,NA,NA,NA,NA,NA,NA,5.784313725490197E-2,1.4460784313725492E-3,40,NA,NA
30,0,1,1,57,9,92.09,325.76827017048538,3,8,3,0,0,0,0,0,0,0,0,0,0,0,0,1,5.0000000000000001E-3,YE,30,1,YX144+fabG,"ompT, gal, dcm, rne, hsdSb, T7 RNApolymerase","0,0,0,0,0,1","tesA, dox, yjgB, fabG","0,0,0,0","1,1,1,1","0,1,0,0","1,1,1,4","0,1,0,0","0,0,0,0","0,0,0,0","0,0,0,0","0,0,0,0","0,0,0,0",fatty alcohol (odd),13,28,1,0,200,acetyl-CoA,NA,NA,NA,NA,NA,NA,4.7549019607843135E-2,1.1887254901960785E-3,40,NA,NA
30,0,1,1,58,9,92.09,325.76827017048538,3,8,3,0,0,0,0,0,0,0,0,0,0,0,0,1,5.0000000000000001E-3,YE,30,1,YX144+fabA,"ompT, gal, dcm, rne, hsdSb, T7 RNApolymerase","0,0,0,0,0,1","tesA, dox, yjgB, fabA","0,0,0,0","1,1,1,1","0,1,0,0","1,1,1,4","0,1,0,0","0,0,0,0","0,0,0,0","0,0,0,0","0,0,0,0","0,0,0,0",fatty alcohol (odd),13,28,1,0,200,acetyl-CoA,NA,NA,NA,NA,NA,NA,4.460784313725491E-2,1.1151960784313727E-3,40,NA,NA
30,0,1,1,59,9,92.09,325.76827017048538,3,8,3,0,0,0,0,0,0,0,0,0,0,0,0,1,5.0000000000000001E-3,YE,30,1,YX144+fabI,"ompT, gal, dcm, rne, hsdSb, T7 RNApolymerase","0,0,0,0,0,1","tesA, dox, yjgB, fabI","0,0,0,0","1,1,1,1","0,1,0,0","1,1,1,4","0,1,0,0","0,0,0,0","0,0,0,0","0,0,0,0","0,0,0,0","0,0,0,0",fatty alcohol (odd),13,28,1,0,200,acetyl-CoA,NA,NA,NA,NA,NA,NA,5.8333333333333341E-2,1.4583333333333336E-3,40,NA,NA
30,0,1,1,60,9,92.09,325.76827017048538,3,8,3,0,0,0,0,0,0,0,0,0,0,0,0,1,5.0000000000000001E-3,YE,30,1,YX144+fabB,"ompT, gal, dcm, rne, hsdSb, T7 RNApolymerase","0,0,0,0,0,1","tesA, dox, yjgB, fabB","0,0,0,0","1,1,1,1","0,1,0,0","1,1,1,4","0,1,0,0","0,0,0,0","0,0,0,0","0,0,0,0","0,0,0,0","0,0,0,0",fatty alcohol (odd),13,28,1,0,200,acetyl-CoA,NA,NA,NA,NA,NA,NA,2.9411764705882356E-2,7.3529411764705892E-4,40,NA,NA
30,0,1,1,61,9,92.09,325.76827017048538,3,8,3,0,0,0,0,0,0,0,0,0,0,0,0,1,5.0000000000000001E-3,YE,30,1,YX144+fabR,"ompT, gal, dcm, rne, hsdSb, T7 RNApolymerase","0,0,0,0,0,1","tesA, dox, yjgB, fabR","0,0,0,0","1,1,1,1","0,1,0,0","1,1,1,4","0,1,0,0","0,0,0,0","0,0,0,0","0,0,0,0","0,0,0,0","0,0,0,0",fatty alcohol (odd),13,28,1,0,200,acetyl-CoA,NA,NA,NA,NA,NA,NA,9.4607843137254899E-2,2.3651960784313725E-3,40,NA,NA
30,0,1,1,62,9,92.09,162.88413508524269,3,8,3,0,0,0,0,0,0,0,0,0,0,0,0,3,2.5,YE,30,1,YX144+fadR,"ompT, gal, dcm, rne, hsdSb, T7 RNApolymerase","0,0,0,0,0,1","tesA, dox, yjgB, fadR","0,0,0,0","1,1,1,1","0,1,0,0","1,1,1,4","0,1,0,0","0,0,0,0","0,0,0,0","0,0,0,0","0,0,0,0","0,0,0,0",fatty alcohol (odd),13,28,1,0,200,acetyl-CoA,NA,NA,NA,1.8615751789976133E-2,NA,NA,1.95,0.105,18.5,NA,NA
31,1,1,1,1,1,180.16,111.01243339253996,6,12,6,0,0,0,0,0,0,0,0,0,0,0,0,1,NA,M9,25,1,tesA,"endA1, recA1, gyrA96, thi-1, glnV44, relA1, hsdR17","0,0,0,0,0,0,0",tesA,0,1,0,1,0,0,0,0,0,0,fatty acid,14,28,2,0,228,acetyl-CoA,7,6,12,1.3461538461538461E-2,NA,NA,0.26923076923076922,NA,NA,NA,NA
31,1,1,1,2,1,180.16,111.01243339253996,6,12,6,0,0,0,0,0,0,0,0,0,0,0,0,1,NA,M9,25,1,tesA -fadD,"endA1, recA1, gyrA96, thi-1, glnV44, relA1, hsdR17, fadE","0,0,0,0,0,0,0,0",tesA,0,1,0,1,0,0,0,0,0,0,fatty acid,14,28,2,0,228,acetyl-CoA,7,6,12,3.3894230769230774E-2,NA,NA,0.67788461538461542,NA,NA,NA,NA
31,1,1,1,3,1,180.16,111.01243339253996,6,12,6,0,0,0,0,0,0,0,0,0,0,0,0,1,NA,M9,25,1,tesA -fadE,"endA1, recA1, gyrA96, thi-1, glnV44, relA1, hsdR17, fadD","0,0,0,0,0,0,0,0",tesA,0,1,0,1,0,0,0,0,0,0,fatty acid,14,28,2,0,228,acetyl-CoA,7,6,12,5.216346153846154E-2,NA,NA,1.0432692307692308,NA,NA,NA,NA
31,1,1,1,4,1,180.16,111.01243339253996,6,12,6,0,0,0,0,0,0,0,0,0,0,0,0,1,NA,M9,25,1,"tesA, fadD, acr1, fadE","endA1, recA1, gyrA96, thi-1, glnV44, relA1, hsdR17","0,0,0,0,0,0,0","tesA, fadD, acr1","0,0,0","1,1,1","0,0,1","1,11,11","0,0,0","0,0,0","0,0,0","0,0,0","0,0,0","0,0,0",fatty alcohol,14,30,1,0,214,acetyl-CoA,NA,NA,NA,1.4036697247706421E-3,NA,NA,5.6146788990825688E-2,1.1697247706422018E-3,48,NA,NA
31,1,1,1,5,1,180.16,111.01243339253996,6,12,6,0,0,0,0,0,0,0,0,0,0,0,0,1,NA,M9,25,1,"tesA, fadD, acr1, -fadE","endA1, recA1, gyrA96, thi-1, glnV44, relA1, hsdR17, fadE","0,0,0,0,0,0,0,0","tesA, fadD, acr1","0,0,0","1,1,1","0,0,1","1,11,11","0,0,0","0,0,0","0,0,0","0,0,0","0,0,0","0,0,0",fatty alcohol,14,30,1,0,214,acetyl-CoA,NA,NA,NA,1.3211009174311926E-3,NA,NA,5.2844036697247708E-2,1.1009174311926607E-3,48,NA,NA
32,1,1,1,1,1,180.16,16.651865008880996,6,12,6,0,0,0,0,0,0,0,0,0,0,0,0,3,1,M9,37,2,ALS1317,"ilvG, rfb, rph, pflB","0,0,0,0",NA,NA,NA,NA,NA,NA,NA,NA,NA,NA,NA,l-lactate,3,6,3,0,90,6,1,0,1,NA,NA,NA,54.5,NA,NA,NA,NA
32,0,1,1,2,1,180.16,16.651865008880996,6,12,6,0,0,0,0,0,0,0,0,0,0,0,0,3,1,M9,37,2,ALS1317/pBR322,"ilvG, rfb, rph, pflB","0,0,0,0",NA,NA,NA,NA,NA,NA,NA,NA,NA,NA,NA,l-lactate,3,6,3,0,90,6,1,0,1,NA,NA,NA,56,NA,NA,NA,NA
32,1,1,1,3,1,180.16,16.651865008880996,6,12,6,0,0,0,0,0,0,0,0,0,0,0,0,3,1,M9,37,2,ALS1317/pBR322-nhaA,"ilvG, rfb, rph, pflB","0,0,0,0",nhaA,0,1,0,3,0,0,0,0,0,0,l-lactate,3,6,3,0,90,6,1,0,1,NA,NA,NA,57.6,NA,NA,NA,NA
32,1,1,1,4,1,180.16,16.651865008880996,6,12,6,0,0,0,0,0,0,0,0,0,0,0,0,3,1,M9,37,2,ALS1317/pBR322-nhaR,"ilvG, rfb, rph, pflB","0,0,0,0",nhaR,0,1,0,3,0,0,0,0,0,0,l-lactate,3,6,3,0,90,6,1,0,1,NA,NA,NA,55.7,NA,NA,NA,NA
32,1,1,1,5,1,180.16,16.651865008880996,6,12,6,0,0,0,0,0,0,0,0,0,0,0,0,3,1,M9,37,2,ALS1317/pBR322-nhaAR,"ilvG, rfb, rph, pflB","0,0,0,0","nhaA, nhaR","0,0","1,1","0,0","3,3","0,0","0,0","0,0","0,0","0,0","0,0",l-lactate,3,6,3,0,90,6,1,0,1,NA,NA,NA,71.2,NA,NA,NA,NA
32,1,1,1,6,1,180.16,16.651865008880996,6,12,6,0,0,0,0,0,0,0,0,0,0,0,0,3,1,M9,37,2,ALS1317,"ilvG, rfb, rph, pflB","0,0,0,0",NA,NA,NA,NA,NA,NA,NA,NA,NA,NA,NA,succinate,4,6,4,0,118,NA,NA,NA,NA,NA,NA,NA,4.9000000000000004,NA,NA,NA,NA
32,1,1,1,7,1,180.16,16.651865008880996,6,12,6,0,0,0,0,0,0,0,0,0,0,0,0,3,1,M9,37,2,ALS1317/pBR322,"ilvG, rfb, rph, pflB","0,0,0,0",NA,NA,NA,NA,NA,NA,NA,NA,NA,NA,NA,succinate,4,6,4,0,118,NA,NA,NA,NA,NA,NA,NA,6,NA,NA,NA,NA
32,1,1,1,8,1,180.16,16.651865008880996,6,12,6,0,0,0,0,0,0,0,0,0,0,0,0,3,1,M9,37,2,ALS1317/pBR322-nhaA,"ilvG, rfb, rph, pflB","0,0,0,0",nhaA,0,1,0,3,0,0,0,0,0,0,succinate,4,6,4,0,118,NA,NA,NA,NA,NA,NA,NA,6.3,NA,NA,NA,NA
32,1,1,1,9,1,180.16,16.651865008880996,6,12,6,0,0,0,0,0,0,0,0,0,0,0,0,3,1,M9,37,2,ALS1317/pBR322-nhaR,"ilvG, rfb, rph, pflB","0,0,0,0",nhaR,0,1,0,3,0,0,0,0,0,0,succinate,4,6,4,0,118,NA,NA,NA,NA,NA,NA,NA,3.4,NA,NA,NA,NA
32,1,1,1,10,1,180.16,16.651865008880996,6,12,6,0,0,0,0,0,0,0,0,0,0,0,0,3,1,M9,37,2,ALS1317/pBR322-nhaAR,"ilvG, rfb, rph, pflB","0,0,0,0","nhaA, nhaR","0,0","1,1","0,0","3,3","0,0","0,0","0,0","0,0","0,0","0,0",succinate,4,6,4,0,118,NA,NA,NA,NA,NA,NA,NA,9.6999999999999993,NA,NA,NA,NA
33,1,1,1,1,9,92.09,217.1788467803236,3,8,3,0,0,0,0,0,0,0,0,0,0,0,0,1,1.4999999999999999E-2,M9,37,3,"Fig 2: dhaKLM+, gldA+","ilvG, rfb, rph","0,0,0","dhaK, dhaL, dhaM, gldA","0,0,0,0","1,1,1,1","0,0,0,0","0,0,0,0","0,0,0,0","0,0,0,0","0,0,0,0","0,0,0,0","0,0,0,0","0,0,0,0",l-lactate,3,6,3,0,90,6,1,0,1,9.166666666666666E-2,NA,1.3333333333333335,1.6161616161616164,4.4893378226711564E-2,36,1.2121212121212122,NA
33,1,1,1,2,9,92.09,217.1788467803236,3,8,3,0,0,0,0,0,0,0,0,0,0,0,0,1,1.4999999999999999E-2,M9,37,3,"Fig 2: glpK+, glpD+","ilvG, rfb, rph","0,0,0","glpk, glpD","0,0","1,1","0,0","0,0","0,0","0,0","0,0","0,0","0,0","0,0",l-lactate,3,6,3,0,90,6,1,0,1,0.29791666666666666,NA,4.8,4.8484848484848486,0.13468013468013468,36,1.0101010101010102,NA
33,1,1,1,3,9,92.09,217.1788467803236,3,8,3,0,0,0,0,0,0,0,0,0,0,0,0,1,1.4999999999999999E-2,M9,37,3,Fig 2: ldhA+,"ilvG, rfb, rph","0,0,0",ldhA,0,1,0,0,0,0,0,0,0,0,l-lactate,3,6,3,0,90,6,1,0,1,0.28541666666666665,NA,3.0909090909090908,3.4343434343434343,9.5398428731762061E-2,36,1.1111111111111112,NA
33,1,1,1,4,9,92.09,217.1788467803236,3,8,3,0,0,0,0,0,0,0,0,0,0,0,0,1,1.4999999999999999E-2,M9,37,3,Fig 3: LA01,"ilvG, rfb, rph, pflB, frdA","0,0,0,0,0",NA,NA,NA,NA,NA,NA,NA,NA,NA,NA,NA,l-lactate,3,6,3,0,90,6,1,0,1,0.67657992565055758,NA,8.9333333333333318,12.293577981651376,0.34148827726809378,36,1.3761467889908259,NA
33,1,1,1,5,9,92.09,217.1788467803236,3,8,3,0,0,0,0,0,0,0,0,0,0,0,0,1,1.4999999999999999E-2,M9,37,3,Fig 3: LA02,"ilvG, rfb, rph, pta, adhE, frdA","0,0,0,0,0,0",NA,NA,NA,NA,NA,NA,NA,NA,NA,NA,NA,l-lactate,3,6,3,0,90,6,1,0,1,0.6988847583643123,NA,9.1538461538461533,10.917431192660549,0.30326197757390416,36,1.1926605504587156,NA
33,1,1,1,6,9,92.09,217.1788467803236,3,8,3,0,0,0,0,0,0,0,0,0,0,0,0,1,1.4999999999999999E-2,M9,37,3,"Fig 4: dhaKLM+, gldA+ in LA01","ilvG, rfb, rph, pflB, frdA","0,0,0,0,0","dhaK, dhaL, dhaM, gldA","0,0,0,0","1,1,1,1","0,0,0,0","0,0,0,0","0,0,0,0","0,0,0,0","0,0,0,0","0,0,0,0","0,0,0,0","0,0,0,0",l-lactate,3,6,3,0,90,6,1,0,1,0.80303030303030298,NA,9,15.428571428571429,0.4285714285714286,36,1.7142857142857144,NA
33,1,1,1,7,9,92.09,217.1788467803236,3,8,3,0,0,0,0,0,0,0,0,0,0,0,0,1,1.4999999999999999E-2,M9,37,3,"Fig 4: glpK+, glpD+ in LA01","ilvG, rfb, rph, pflB, frdA","0,0,0,0,0","glpk, glpD","0,0","1,1","0,0","0,0","0,0","0,0","0,0","0,0","0,0","0,0",l-lactate,3,6,3,0,90,6,1,0,1,0.78787878787878785,NA,13.500000000000002,15.428571428571429,0.4285714285714286,36,1.1428571428571428,NA
33,1,1,1,8,9,92.09,217.1788467803236,3,8,3,0,0,0,0,0,0,0,0,0,0,0,0,1,1.4999999999999999E-2,M9,37,3,Fig 4: ldhA+ in LA01,"ilvG, rfb, rph, pflB, frdA","0,0,0,0,0",ldhA,0,1,0,0,0,0,0,0,0,0,l-lactate,3,6,3,0,90,6,1,0,1,0.77272727272727271,NA,9.4666666666666686,13.523809523809526,0.3756613756613757,36,1.4285714285714284,NA
33,1,1,1,9,9,92.09,217.1788467803236,3,8,3,0,0,0,0,0,0,0,0,0,0,0,0,1,1.4999999999999999E-2,M9,37,3,"Fig 4: dhaKLM+, gldA+ in LA02","ilvG, rfb, rph, pta, adhE, frdA","0,0,0,0,0,0","dhaK, dhaL, dhaM, gldA","0,0,0,0","1,1,1,1","0,0,0,0","0,0,0,0","0,0,0,0","0,0,0,0","0,0,0,0","0,0,0,0","0,0,0,0","0,0,0,0",l-lactate,3,6,3,0,90,6,1,0,1,0.77735849056603779,NA,12.083333333333332,13.679245283018867,0.37997903563941299,36,1.1320754716981132,NA
33,1,1,1,10,9,92.09,217.1788467803236,3,8,3,0,0,0,0,0,0,0,0,0,0,0,0,1,1.4999999999999999E-2,M9,37,3,"Fig 4: glpK+, glpD+ in LA02","ilvG, rfb, rph, pta, adhE, frdA","0,0,0,0,0,0","glpk, glpD","0,0","1,1","0,0","0,0","0,0","0,0","0,0","0,0","0,0","0,0",l-lactate,3,6,3,0,90,6,1,0,1,0.78867924528301891,NA,15.7,14.811320754716981,0.41142557651991613,36,0.94339622641509435,NA
33,1,1,1,11,9,92.09,217.1788467803236,3,8,3,0,0,0,0,0,0,0,0,0,0,0,0,1,1.4999999999999999E-2,M9,37,3,Fig 4: ldhA+ in LA02,"ilvG, rfb, rph, pta, adhE, frdA","0,0,0,0,0,0",ldhA,0,1,0,0,0,0,0,0,0,0,l-lactate,3,6,3,0,90,6,1,0,1,0.75471698113207553,NA,11.5,13.018867924528301,0.36163522012578614,36,1.1320754716981132,NA
33,1,1,0,no.1,9,92.09,217.1788467803236,3,8,3,0,0,0,0,0,0,0,0,0,0,0,0,1,1.4999999999999999E-2,M9,37,3,,NA,NA,NA,NA,NA,NA,NA,NA,NA,NA,NA,NA,NA,l-lactate,3,6,3,0,90,6,1,NA,NA,0.05,NA,0.90909090909090906,1,2.7777777777777776E-2,36,1.1000000000000001,NA
33,1,1,0,no.2,9,92.09,217.1788467803236,3,8,3,0,0,0,0,0,0,0,0,0,0,0,0,1,1.4999999999999999E-2,M9,37,3,,NA,NA,NA,NA,NA,NA,NA,NA,NA,NA,NA,NA,NA,l-lactate,3,6,3,0,90,6,1,NA,NA,7.4999999999999997E-2,NA,1.3636363636363635,1.5,4.1666666666666664E-2,36,1.1000000000000001,NA
33,1,1,0,no.3,9,92.09,217.1788467803236,3,8,3,0,0,0,0,0,0,0,0,0,0,0,0,1,1.4999999999999999E-2,M9,37,3,,NA,NA,NA,NA,NA,NA,NA,NA,NA,NA,NA,NA,NA,l-lactate,3,6,3,0,90,6,1,NA,NA,0.24500000000000002,NA,4.9000000000000004,4.9000000000000004,0.13611111111111113,36,1,NA
33,1,1,0,no.4,9,92.09,217.1788467803236,3,8,3,0,0,0,0,0,0,0,0,0,0,0,0,1,1.4999999999999999E-2,M9,37,3,,NA,NA,NA,NA,NA,NA,NA,NA,NA,NA,NA,NA,NA,l-lactate,3,6,3,0,90,6,1,NA,NA,0.15,NA,2.7272727272727271,3,8.3333333333333329E-2,36,1.1000000000000001,NA
33,1,1,0,no.5,9,92.09,217.1788467803236,3,8,3,0,0,0,0,0,0,0,0,0,0,0,0,1,1.4999999999999999E-2,M9,37,3,,NA,NA,NA,NA,NA,NA,NA,NA,NA,NA,NA,NA,NA,l-lactate,3,6,3,0,90,6,1,NA,NA,0.62,NA,62,12.4,0.34444444444444444,36,0.2,NA
33,1,1,0,no.6,9,92.09,217.1788467803236,3,8,3,0,0,0,0,0,0,0,0,0,0,0,0,1,1.4999999999999999E-2,M9,37,3,,NA,NA,NA,NA,NA,NA,NA,NA,NA,NA,NA,NA,NA,l-lactate,3,6,3,0,90,6,1,NA,NA,0.54500000000000004,NA,60.555555555555557,10.9,0.30277777777777781,36,0.18,NA
33,1,1,0,no.7,9,92.09,217.1788467803236,3,8,3,0,0,0,0,0,0,0,0,0,0,0,0,1,1.4999999999999999E-2,M9,37,3,,NA,NA,NA,NA,NA,NA,NA,NA,NA,NA,NA,NA,NA,l-lactate,3,6,3,0,90,6,1,NA,NA,0.55000000000000004,NA,7.333333333333333,11,0.30555555555555558,36,1.5,NA
33,1,1,0,no.8,9,92.09,217.1788467803236,3,8,3,0,0,0,0,0,0,0,0,0,0,0,0,1,1.4999999999999999E-2,M9,37,3,,NA,NA,NA,NA,NA,NA,NA,NA,NA,NA,NA,NA,NA,l-lactate,3,6,3,0,90,6,1,NA,NA,0.77500000000000002,NA,9.117647058823529,15.5,0.43055555555555558,36,1.7,NA
33,1,1,0,no.9,9,92.09,217.1788467803236,3,8,3,0,0,0,0,0,0,0,0,0,0,0,0,1,1.4999999999999999E-2,M9,37,3,,NA,NA,NA,NA,NA,NA,NA,NA,NA,NA,NA,NA,NA,l-lactate,3,6,3,0,90,6,1,NA,NA,0.79,NA,15.8,15.8,0.43888888888888888,36,1,NA
33,1,1,0,no.10,9,92.09,217.1788467803236,3,8,3,0,0,0,0,0,0,0,0,0,0,0,0,1,1.4999999999999999E-2,M9,37,3,,NA,NA,NA,NA,NA,NA,NA,NA,NA,NA,NA,NA,NA,l-lactate,3,6,3,0,90,6,1,NA,NA,0.65,NA,8.125,13,0.3611111111111111,36,1.6,NA
33,1,1,0,no.11,9,92.09,217.1788467803236,3,8,3,0,0,0,0,0,0,0,0,0,0,0,0,1,1.4999999999999999E-2,M9,37,3,,NA,NA,NA,NA,NA,NA,NA,NA,NA,NA,NA,NA,NA,l-lactate,3,6,3,0,90,6,1,NA,NA,0.49000000000000005,NA,6.5333333333333341,9.8000000000000007,0.27222222222222225,36,1.5,NA
33,1,1,0,no.12,9,92.09,217.1788467803236,3,8,3,0,0,0,0,0,0,0,0,0,0,0,0,1,1.4999999999999999E-2,M9,37,3,,NA,NA,NA,NA,NA,NA,NA,NA,NA,NA,NA,NA,NA,l-lactate,3,6,3,0,90,6,1,NA,NA,0.65,NA,9.2857142857142865,13,0.3611111111111111,36,1.4,NA
33,1,1,0,no.13,9,92.09,217.1788467803236,3,8,3,0,0,0,0,0,0,0,0,0,0,0,0,1,1.4999999999999999E-2,M9,37,3,,NA,NA,NA,NA,NA,NA,NA,NA,NA,NA,NA,NA,NA,l-lactate,3,6,3,0,90,6,1,NA,NA,0.745,NA,11.461538461538462,14.9,0.41388888888888892,36,1.3,NA
33,1,1,0,no.14,9,92.09,217.1788467803236,3,8,3,0,0,0,0,0,0,0,0,0,0,0,0,1,1.4999999999999999E-2,M9,37,3,,NA,NA,NA,NA,NA,NA,NA,NA,NA,NA,NA,NA,NA,l-lactate,3,6,3,0,90,6,1,NA,NA,0.64,NA,9.1428571428571441,12.8,0.35555555555555557,36,1.4,NA
33,1,1,0,no.15,9,92.09,434.35769356064719,3,8,3,0,0,0,0,0,0,0,0,0,0,0,0,1,1.4999999999999999E-2,M9,37,3,,NA,NA,NA,NA,NA,NA,NA,NA,NA,NA,NA,NA,NA,l-lactate,3,6,3,0,90,6,1,NA,NA,0.75,NA,23.4375,30,0.41666666666666669,72,1.28,NA
33,1,1,0,no.16,9,92.09,434.35769356064719,3,8,3,0,0,0,0,0,0,0,0,0,0,0,0,1,1.4999999999999999E-2,M9,37,3,,NA,NA,NA,NA,NA,NA,NA,NA,NA,NA,NA,NA,NA,l-lactate,3,6,3,0,90,6,1,NA,NA,0.80749999999999988,NA,26.916666666666664,32.299999999999997,0.53833333333333333,60,1.2,NA
34,1,1,1,no.1,1,180.16,199.82238010657193,6,12,6,0,0,0,0,0,0,0,0,0,0,0,0,1,0.02,M9,30,NA,kivd/pSA55 table 1,"lacZ, hsdR, araB, araA, araD, rhaB, rhaA, rhaD, proA, proB, lacIq","0,0,0,0,0,0,0,0,0,0,1","kivd, ADH2","0,0","1,1","1,1","3,3","0,0","0,0","0,0","0,0","0,0","0,0",Isobutanol,4,10,1,0,74,17,1,NA,NA,4.4444444444444444E-3,NA,NA,0.16,4.0000000000000001E-3,40,NA,NA
34,1,1,1,no.2,1,180.16,199.82238010657193,6,12,6,0,0,0,0,0,0,0,0,0,0,0,0,1,0.02,M9,30,NA,Aro10/pSA56 table 1,"lacZ, hsdR, araB, araA, araD, rhaB, rhaA, rhaD, proA, proB, lacIq","0,0,0,0,0,0,0,0,0,0,1","Aro10, ADH2","0,0","1,1","1,1","3,3","0,0","0,0","0,0","0,0","0,0","0,0",Isobutanol,4,10,1,0,74,17,1,NA,NA,4.3055555555555555E-3,NA,NA,0.155,3.875E-3,40,NA,NA
34,1,1,1,no.3,1,180.16,199.82238010657193,6,12,6,0,0,0,0,0,0,0,0,0,0,0,0,1,0.02,M9,30,NA,Pdc6/pSA49 table 1,"lacZ, hsdR, araB, araA, araD, rhaB, rhaA, rhaD, proA, proB, lacIq","0,0,0,0,0,0,0,0,0,0,1","Pdc6, ADH2","0,0","1,1","1,1","3,3","0,0","0,0","0,0","0,0","0,0","0,0",Isobutanol,4,10,1,0,74,17,1,NA,NA,5.2777777777777773E-4,NA,NA,1.9E-2,4.75E-4,40,NA,NA
34,1,1,1,no.4,1,180.16,199.82238010657193,6,12,6,0,0,0,0,0,0,0,0,0,0,0,0,1,0.02,M9,30,NA,Pdc/pSA58 table 1,"lacZ, hsdR, araB, araA, araD, rhaB, rhaA, rhaD, proA, proB, lacIq","0,0,0,0,0,0,0,0,0,0,1","Pdc, ADH2","0,0","1,1","1,1","3,3","0,0","0,0","0,0","0,0","0,0","0,0",Isobutanol,4,10,1,0,74,17,1,NA,NA,1.5416666666666668E-4,NA,NA,5.5500000000000002E-3,1.3875000000000001E-4,40,NA,NA
34,1,1,1,no.5,1,180.16,199.82238010657193,6,12,6,0,0,0,0,0,0,0,0,0,0,0,0,1,0.02,M9,30,NA,kivd/pSA55 table 1,"lacZ, hsdR, araB, araA, araD, rhaB, rhaA, rhaD, proA, proB, lacIq","0,0,0,0,0,0,0,0,0,0,1","kivd, ADH2","0,0","1,1","1,1","3,3","0,0","0,0","0,0","0,0","0,0","0,0",butanol,4,10,1,0,74,16,1,NA,NA,4.5277777777777775E-4,NA,NA,1.6299999999999999E-2,4.0749999999999998E-4,40,NA,NA
34,1,1,1,no.6,1,180.16,199.82238010657193,6,12,6,0,0,0,0,0,0,0,0,0,0,0,0,1,0.02,M9,30,NA,Aro10/pSA56 table 1,"lacZ, hsdR, araB, araA, araD, rhaB, rhaA, rhaD, proA, proB, lacIq","0,0,0,0,0,0,0,0,0,0,1","Aro10, ADH2","0,0","1,1","1,1","3,3","0,0","0,0","0,0","0,0","0,0","0,0",butanol,4,10,1,0,74,16,1,NA,NA,1.9527777777777778E-4,NA,NA,7.0299999999999998E-3,1.7574999999999999E-4,40,NA,NA
34,1,0,1,no.7,1,180.16,199.82238010657193,6,12,6,0,0,0,0,0,0,0,0,0,0,0,0,1,0.02,M9,30,NA,2-ketobutyrate table 2,"lacZ, hsdR, araB, araA, araD, rhaB, rhaA, rhaD, proA, proB, lacIq","0,0,0,0,0,0,0,0,0,0,1","kivd, ADH2","0,0","1,1","1,1","3,3","0,0","0,0","0,0","0,0","0,0","0,0",Isobutanol,4,10,1,0,74,17,1,NA,NA,2.0138888888888889E-4,NA,NA,7.2500000000000004E-3,1.8125000000000001E-4,40,NA,NA
34,1,0,1,no.8,1,180.16,199.82238010657193,6,12,6,0,0,0,0,0,0,0,0,0,0,0,0,1,0.02,M9,30,NA,2-keto-isovalerate table 2,"lacZ, hsdR, araB, araA, araD, rhaB, rhaA, rhaD, proA, proB, lacIq","0,0,0,0,0,0,0,0,0,0,1","kivd, ADH2","0,0","1,1","1,1","3,3","0,0","0,0","0,0","0,0","0,0","0,0",Isobutanol,4,10,1,0,74,17,1,NA,NA,2.0555555555555556E-2,NA,NA,0.74,1.8499999999999999E-2,40,NA,NA
34,1,0,1,no.9,1,180.16,199.82238010657193,6,12,6,0,0,0,0,0,0,0,0,0,0,0,0,1,0.02,M9,30,NA,phenylpyruvate table 2,"lacZ, hsdR, araB, araA, araD, rhaB, rhaA, rhaD, proA, proB, lacIq","0,0,0,0,0,0,0,0,0,0,1","kivd, ADH2","0,0","1,1","1,1","3,3","0,0","0,0","0,0","0,0","0,0","0,0",Isobutanol,4,10,1,0,74,17,1,NA,NA,1.3166666666666668E-4,NA,NA,4.7400000000000003E-3,1.1850000000000001E-4,40,NA,NA
34,1,0,1,no.10,1,180.16,199.82238010657193,6,12,6,0,0,0,0,0,0,0,0,0,0,0,0,1,0.02,M9,30,NA,2-ketobutyrate table 2,"lacZ, hsdR, araB, araA, araD, rhaB, rhaA, rhaD, proA, proB, lacIq","0,0,0,0,0,0,0,0,0,0,1","kivd, ADH2","0,0","1,1","1,1","3,3","0,0","0,0","0,0","0,0","0,0","0,0",butanol,4,10,1,0,74,16,1,NA,NA,1.0111111111111112E-4,NA,NA,3.64E-3,9.1000000000000003E-5,40,NA,NA
34,1,0,1,no.11,1,180.16,199.82238010657193,6,12,6,0,0,0,0,0,0,0,0,0,0,0,0,1,0.02,M9,30,NA,2-ketovalerate table 2,"lacZ, hsdR, araB, araA, araD, rhaB, rhaA, rhaD, proA, proB, lacIq","0,0,0,0,0,0,0,0,0,0,1","kivd, ADH2","0,0","1,1","1,1","3,3","0,0","0,0","0,0","0,0","0,0","0,0",butanol,4,10,1,0,74,16,1,NA,NA,8.0694444444444433E-3,NA,NA,0.29049999999999998,7.2624999999999999E-3,40,NA,NA
34,1,0,1,no.12,1,180.16,199.82238010657193,6,12,6,0,0,0,0,0,0,0,0,0,0,0,0,1,0.02,M9,30,NA,phenylpyruvate table 2,"lacZ, hsdR, araB, araA, araD, rhaB, rhaA, rhaD, proA, proB, lacIq","0,0,0,0,0,0,0,0,0,0,1","kivd, ADH2","0,0","1,1","1,1","3,3","0,0","0,0","0,0","0,0","0,0","0,0",butanol,4,10,1,0,74,16,1,NA,NA,4.7277777777777779E-5,NA,NA,1.702E-3,4.2549999999999997E-5,40,NA,NA
34,1,1,1,no.13,1,180.16,199.82238010657193,6,12,6,0,0,0,0,0,0,0,0,0,0,0,0,1,0.02,M9,30,NA,Figure 2a,"lacZ, hsdR, araB, araA, araD, rhaB, rhaA, rhaD, proA, proB, lacIq","0,0,0,0,0,0,0,0,0,0,1","kivd, ADH2","0,0","1,1","1,1","3,3","0,0","0,0","0,0","0,0","0,0","0,0",Isobutanol,4,10,1,0,74,17,1,NA,NA,4.2527777777777781E-3,NA,NA,0.15310000000000001,9.5687500000000009E-3,16,NA,NA
34,1,1,1,no.14,1,180.16,199.82238010657193,6,12,6,0,0,0,0,0,0,0,0,0,0,0,0,1,0.02,M9,30,NA,Figure 2a,"lacZ, hsdR, araB, araA, araD, rhaB, rhaA, rhaD, proA, proB, lacIq","0,0,0,0,0,0,0,0,0,0,1","kivd, ADH2","0,0","1,1","1,1","3,3","0,0","0,0","0,0","0,0","0,0","0,0",Isobutanol,4,10,1,0,74,17,1,NA,NA,4.4638888888888888E-3,NA,NA,0.16070000000000001,6.695833333333334E-3,24,NA,NA
34,1,1,1,no.15,1,180.16,199.82238010657193,6,12,6,0,0,0,0,0,0,0,0,0,0,0,0,1,0.02,M9,30,NA,Figure 2a,"lacZ, hsdR, araB, araA, araD, rhaB, rhaA, rhaD, proA, proB, lacIq","0,0,0,0,0,0,0,0,0,0,1","kivd, ADH2, ilvI, ilvH, ilvC, ilvD","0,0,0,0,0,0","1,1,1,1,1,1","1,1,0,0,0,0","3,3,1,1,1,1","0,0,0,0,0,0","0,0,0,0,0,0","0,0,0,0,0,0","0,0,0,0,0,0","0,0,0,0,0,0","0,0,0,0,0,0",Isobutanol,4,10,1,0,74,17,1,NA,NA,2.6677777777777779E-2,NA,NA,0.96040000000000003,6.0025000000000002E-2,16,NA,NA
34,1,1,1,no.16,1,180.16,199.82238010657193,6,12,6,0,0,0,0,0,0,0,0,0,0,0,0,1,0.02,M9,30,NA,Figure 2a,"lacZ, hsdR, araB, araA, araD, rhaB, rhaA, rhaD, proA, proB, lacIq","0,0,0,0,0,0,0,0,0,0,1","kivd, ADH2, ilvI, ilvH, ilvC, ilvD","0,0,0,0,0,0","1,1,1,1,1,1","1,1,0,0,0,0","3,3,1,1,1,1","0,0,0,0,0,0","0,0,0,0,0,0","0,0,0,0,0,0","0,0,0,0,0,0","0,0,0,0,0,0","0,0,0,0,0,0",Isobutanol,4,10,1,0,74,17,1,NA,NA,4.2783333333333333E-2,NA,NA,1.5402,6.4174999999999996E-2,24,NA,NA
34,1,1,1,no.17,1,180.16,199.82238010657193,6,12,6,0,0,0,0,0,0,0,0,0,0,0,0,1,0.02,M9,30,NA,Figure 2a,"lacZ, hsdR, araB, araA, araD, rhaB, rhaA, rhaD, proA, proB, lacIq, adh, ldh, frd, fnr, pta","0,0,0,0,0,0,0,0,0,0,1,0,0,0,0,0","kivd, ADH2, ilvI, ilvH, ilvC, ilvD","0,0,0,0,0,0","1,1,1,1,1,1","1,1,0,0,0,0","3,3,1,1,1,1","0,0,0,0,0,0","0,0,0,0,0,0","0,0,0,0,0,0","0,0,0,0,0,0","0,0,0,0,0,0","0,0,0,0,0,0",Isobutanol,4,10,1,0,74,17,1,NA,NA,2.8352777777777775E-2,NA,NA,1.0206999999999999,6.3793749999999996E-2,16,NA,NA
34,1,1,1,no.18,1,180.16,199.82238010657193,6,12,6,0,0,0,0,0,0,0,0,0,0,0,0,1,0.02,M9,30,NA,Figure 2a,"lacZ, hsdR, araB, araA, araD, rhaB, rhaA, rhaD, proA, proB, lacIq, adh, ldh, frd, fnr, pta","0,0,0,0,0,0,0,0,0,0,1,0,0,0,0,0","kivd, ADH2, ilvI, ilvH, ilvC, ilvD","0,0,0,0,0,0","1,1,1,1,1,1","1,1,0,0,0,0","3,3,1,1,1,1","0,0,0,0,0,0","0,0,0,0,0,0","0,0,0,0,0,0","0,0,0,0,0,0","0,0,0,0,0,0","0,0,0,0,0,0",Isobutanol,4,10,1,0,74,17,1,NA,NA,6.3536111111111113E-2,NA,NA,2.2873000000000001,9.5304166666666676E-2,24,NA,NA
34,0,1,1,no.19,1,180.16,199.82238010657193,6,12,6,0,0,0,0,0,0,0,0,0,0,0,0,1,0.02,M9,30,NA,couldn't find the strain,NA,NA,NA,NA,NA,NA,NA,NA,NA,NA,NA,NA,NA,Isobutanol,4,10,1,0,74,17,1,NA,NA,4.5222222222222219E-2,NA,NA,1.6279999999999999,0.10174999999999999,16,NA,NA
34,0,1,1,no.20,1,180.16,199.82238010657193,6,12,6,0,0,0,0,0,0,0,0,0,0,0,0,1,0.02,M9,30,NA,couldn't find the strain,NA,NA,NA,NA,NA,NA,NA,NA,NA,NA,NA,NA,NA,Isobutanol,4,10,1,0,74,17,1,NA,NA,0.10277777777777779,NA,NA,3.7,0.15416666666666667,24,NA,NA
34,1,1,1,no.21,1,180.16,199.82238010657193,6,12,6,0,0,0,0,0,0,0,0,0,0,0,0,1,0.02,YE,30,NA,Fig 2b,"lacZ, hsdR, araB, araA, araD, rhaB, rhaA, rhaD, proA, proB, lacIq, adhE, ldhA, frdB, frdC, fnr, pta, pflB","0,0,0,0,0,0,0,0,0,0,1,0,0,0,0,0,0,0","kivd, ADH2, alsS, ilvC, ilvD","0,0,0,0,0","1,1,1,1,1","1,1,1,0,0","3,3,1,1,1","0,0,0,0,0","0,0,0,0,0","0,0,0,0,0","0,0,0,0,0","0,0,0,0,0","0,0,0,0,0",Isobutanol,4,10,1,0,74,17,1,NA,NA,0.2466666666666667,NA,NA,8.8800000000000008,0.37000000000000005,24,NA,NA
34,1,1,1,no.22,1,180.16,199.82238010657193,6,12,6,0,0,0,0,0,0,0,0,0,0,0,0,1,0.02,YE,30,NA,Fig 2b,"lacZ, hsdR, araB, araA, araD, rhaB, rhaA, rhaD, proA, proB, lacIq, adhE, ldhA, frdB, frdC, fnr, pta, pflB","0,0,0,0,0,0,0,0,0,0,1,0,0,0,0,0,0,0","kivd, ADH2, alsS, ilvC, ilvD","0,0,0,0,0","1,1,1,1,1","1,1,1,0,0","3,3,1,1,1","0,0,0,0,0","0,0,0,0,0","0,0,0,0,0","0,0,0,0,0","0,0,0,0,0","0,0,0,0,0",Isobutanol,4,10,1,0,74,17,1,NA,NA,0.3288888888888889,NA,NA,11.84,0.29599999999999999,40,NA,NA
34,1,1,1,no.23,1,180.16,366.3410301953819,6,12,6,0,0,0,0,0,0,0,0,0,0,0,0,1,0.02,YE,30,NA,Fig 2b,"lacZ, hsdR, araB, araA, araD, rhaB, rhaA, rhaD, proA, proB, lacIq, adhE, ldhA, frdB, frdC, fnr, pta, pflB","0,0,0,0,0,0,0,0,0,0,1,0,0,0,0,0,0,0","kivd, ADH2, alsS, ilvC, ilvD","0,0,0,0,0","1,1,1,1,1","1,1,1,0,0","3,3,1,1,1","0,0,0,0,0","0,0,0,0,0","0,0,0,0,0","0,0,0,0,0","0,0,0,0,0","0,0,0,0,0",Isobutanol,4,10,1,0,74,17,1,NA,NA,0.33636363636363636,NA,NA,22.2,0.1982142857142857,112,NA,NA
34,1,1,1,no.24,1,180.16,199.82238010657193,6,12,6,0,0,0,0,0,0,0,0,0,0,0,0,1,0.02,M9,30,NA,Fig 2c,"lacZ, hsdR, araB, araA, araD, rhaB, rhaA, rhaD, proA, proB, lacIq","0,0,0,0,0,0,0,0,0,0,1","kivd, ADH2, ilvA, leuA, leuB, leuC, leuD","0,0,0,0,0,0,0","1,1,1,1,1,1,1","1,1,0,0,0,0,0","3,3,1,1,1,1,1","0,0,0,0,0,0,0","0,0,0,0,0,0,0","0,0,0,0,0,0,0","0,0,0,0,0,0,0","0,0,0,0,0,0,0","0,0,0,0,0,0,0",butanol,4,10,1,0,74,17,1,NA,NA,4.5277777777777775E-4,NA,NA,1.6299999999999999E-2,4.0749999999999998E-4,40,NA,NA
34,1,1,1,no.25,1,180.16,199.82238010657193,6,12,6,0,0,0,0,0,0,0,0,0,0,0,0,1,0.02,M9,30,NA,Fig 2c,"lacZ, hsdR, araB, araA, araD, rhaB, rhaA, rhaD, proA, proB, lacIq","0,0,0,0,0,0,0,0,0,0,1","kivd, ADH2, ilvA, leuA, leuB, leuC, leuD","0,0,0,0,0,0,0","1,1,1,1,1,1,1","1,1,0,0,0,0,0","3,3,1,1,1,1,1","0,0,0,0,0,0,0","0,0,0,0,0,0,0","0,0,0,0,0,0,0","0,0,0,0,0,0,0","0,0,0,0,0,0,0","0,0,0,0,0,0,0",butanol,4,10,1,0,74,17,1,NA,NA,1.1972222222222221E-3,NA,NA,4.3099999999999999E-2,1.0774999999999999E-3,40,NA,NA
34,1,0,1,no.26,1,180.16,199.82238010657193,6,12,6,0,0,0,0,0,0,0,0,0,0,0,0,1,0.02,M9,30,NA,Fig 2d,"lacZ, hsdR, araB, araA, araD, rhaB, rhaA, rhaD, proA, proB, lacIq, ilvD","0,0,0,0,0,0,0,0,0,0,1,0","kivd, ADH2, ilvA, leuA, leuB, leuC, leuD","0,0,0,0,0,0,0","1,1,1,1,1,1,1","1,1,0,0,0,0,0","3,3,1,1,1,1,1","0,0,0,0,0,0,0","0,0,0,0,0,0,0","0,0,0,0,0,0,0","0,0,0,0,0,0,0","0,0,0,0,0,0,0","0,0,0,0,0,0,0",butanol,4,10,1,0,74,17,1,NA,NA,6.4888888888888887E-3,NA,NA,0.2336,5.8399999999999997E-3,40,NA,NA
34,1,0,1,no.27,1,180.16,199.82238010657193,6,12,6,0,0,0,0,0,0,0,0,0,0,0,0,1,0.02,M9,30,NA,Fig 2d,"lacZ, hsdR, araB, araA, araD, rhaB, rhaA, rhaD, proA, proB, lacIq, ilvD","0,0,0,0,0,0,0,0,0,0,1,0","kivd, ADH2, ilvA, leuA, leuB, leuC, leuD","0,0,0,0,0,0,0","1,1,1,1,1,1,1","1,1,0,0,0,0,0","3,3,1,1,1,1,1","0,0,0,0,0,0,0","0,0,0,0,0,0,0","0,0,0,0,0,0,0","0,0,0,0,0,0,0","0,0,0,0,0,0,0","0,0,0,0,0,0,0",butanol,4,10,1,0,74,17,1,NA,NA,1.8977777777777777E-2,NA,NA,0.68320000000000003,1.7080000000000001E-2,40,NA,NA
35,1,1,1,No.1,1,180.16,55.506216696269981,6,12,6,0,0,0,0,0,0,0,0,0,0,0,0,1,5.0000000000000001E-3,LB,37,3,"AD12 ldhA, pflB","lacZ, hsdR, araB, araA, araD, rhaB, rhaA, rhaD, proA, proB, lacIq, ldhA, pflB","0,0,0,0,0,0,0,0,0,0,1,0,0",NA,NA,NA,NA,NA,NA,NA,NA,NA,NA,NA,succinate,4,6,4,0,118,4,6,0,1,5.7599999999999998E-2,NA,NA,0.57599999999999996,8.0000000000000002E-3,72,NA,NA
35,1,1,1,No.2,1,180.16,55.506216696269981,6,12,6,0,0,0,0,0,0,0,0,0,0,0,0,1,5.0000000000000001E-3,LB,37,3,"AD32 ldhA, pflB, ptsG","lacZ, hsdR, araB, araA, araD, rhaB, rhaA, rhaD, proA, proB, lacIq, ldhA, pflB, ptsG","0,0,0,0,0,0,0,0,0,0,1,0,0,0",NA,NA,NA,NA,NA,NA,NA,NA,NA,NA,NA,succinate,4,6,4,0,118,4,6,0,1,0.4032,NA,NA,4.032,5.6000000000000001E-2,72,NA,NA
35,1,1,1,No.3,1,180.16,55.506216696269981,6,12,6,0,0,0,0,0,0,0,0,0,0,0,0,1,5.0000000000000001E-3,LB,37,3,"AD32 ldhA, pflB, ptsG, ppc","lacZ, hsdR, araB, araA, araD, rhaB, rhaA, rhaD, proA, proB, lacIq, ldhA, pflB, ptsG, ppc","0,0,0,0,0,0,0,0,0,0,1,0,0,0,0",NA,NA,NA,NA,NA,NA,NA,NA,NA,NA,NA,succinate,4,6,4,0,118,4,6,0,1,0,NA,NA,0,0,72,NA,NA
35,0,1,1,No.4,1,180.16,55.506216696269981,6,12,6,0,0,0,0,0,0,0,0,0,0,0,0,1,5.0000000000000001E-3,LB,37,3,"AD216 ldhA, pflB, ptsG, ppc","lacZ, hsdR, araB, araA, araD, rhaB, rhaA, rhaD, proA, proB, lacIq, ldhA, pflB, ptsG, ppc","0,0,0,0,0,0,0,0,0,0,1,0,0,0,0",PEPCK,0,1,1,NA,0,0,0,0,0,0,succinate,4,6,4,0,118,4,7,-1,1,0.6,NA,NA,6,8.3000000000000004E-2,72,NA,NA
36,1,1,1,No.1,1,180.16,277.53108348134992,6,12,6,0,0,0,0,0,0,0,0,0,0,0,0,NA,0.3,M9,37,2,,NA,NA,NA,NA,NA,NA,NA,NA,NA,NA,NA,NA,NA,succinate,4,6,4,0,118,4,6,0,2,0.10489999999999999,NA,NA,27.6,0.38300000000000001,72,NA,NA
36,1,1,1,No.2,1,180.16,277.53108348134992,6,12,6,0,0,0,0,0,0,0,0,0,0,0,0,NA,0.3,M9,37,2,,NA,NA,NA,NA,NA,NA,NA,NA,NA,NA,NA,NA,NA,succinate,4,6,4,0,118,4,6,0,2,9.8000000000000004E-2,NA,NA,25.8,0.35799999999999998,72,NA,NA
36,1,1,1,No.3,1,180.16,277.53108348134992,6,12,6,0,0,0,0,0,0,0,0,0,0,0,0,NA,0.3,M9,37,2,,NA,NA,NA,NA,NA,NA,NA,NA,NA,NA,NA,NA,NA,succinate,4,6,4,0,118,4,6,0,2,0.11799999999999999,NA,NA,19.670000000000002,0.27300000000000002,72,NA,NA
36,1,1,1,No.4,1,180.16,277.53108348134992,6,12,6,0,0,0,0,0,0,0,0,0,0,0,0,NA,0.3,M9,37,2,,NA,NA,NA,NA,NA,NA,NA,NA,NA,NA,NA,NA,NA,succinate,4,6,4,0,118,4,6,0,2,5.8999999999999997E-2,NA,NA,10.23,0.14199999999999999,72,NA,NA
36,1,1,1,NO.5,1,180.16,256.77175843694494,6,12,6,0,0,0,0,0,0,0,0,0,0,0,0,NA,0.3,LB,37,2,,NA,NA,NA,NA,NA,NA,NA,NA,NA,NA,NA,NA,NA,succinate,4,6,4,0,118,4,6,0,2,8.5000000000000006E-2,NA,NA,13.37,0.186,72,NA,NA
36,1,1,1,NO.6,1,180.16,256.77175843694494,6,12,6,0,0,0,0,0,0,0,0,0,0,0,0,NA,0.3,LB,37,2,,NA,NA,NA,NA,NA,NA,NA,NA,NA,NA,NA,NA,NA,succinate,4,6,4,0,118,4,6,0,2,0.13769999999999999,NA,NA,21.63,0.3,72,NA,NA
36,1,1,1,NO.7,1,180.16,267.76198934280643,6,12,6,0,0,0,0,0,0,0,0,0,0,0,0,NA,0.3,LB,37,2,,NA,NA,NA,NA,NA,NA,NA,NA,NA,NA,NA,NA,NA,succinate,4,6,4,0,118,4,6,0,2,7.1999999999999995E-2,NA,NA,11.8,0.16400000000000001,72,NA,NA
36,1,1,1,NO.8,1,180.16,260.76820603907635,6,12,6,0,0,0,0,0,0,0,0,0,0,0,0,NA,0.3,LB,37,2,,NA,NA,NA,NA,NA,NA,NA,NA,NA,NA,NA,NA,NA,succinate,4,6,4,0,118,4,6,0,2,5.8999999999999997E-2,NA,NA,9.44,0.13100000000000001,72,NA,NA
36,1,1,1,NO.9,1,180.16,277.53108348134992,6,12,6,0,0,0,0,0,0,0,0,0,0,0,0,NA,0.3,M9,37,2,,NA,NA,NA,NA,NA,NA,NA,NA,NA,NA,NA,NA,NA,succinate,4,6,4,0,118,4,7,-1,2,0.17699999999999999,NA,NA,28.71,0.39900000000000002,72,NA,NA
36,1,1,1,NO.10,1,180.16,277.53108348134992,6,12,6,0,0,0,0,0,0,0,0,0,0,0,0,NA,0.3,M9,37,2,,NA,NA,NA,NA,NA,NA,NA,NA,NA,NA,NA,NA,NA,succinate,4,6,4,0,118,4,7,-1,2,0.14399999999999999,NA,NA,23.99,0.33300000000000002,72,NA,NA
36,1,1,1,NO.11,1,180.16,277.53108348134992,6,12,6,0,0,0,0,0,0,0,0,0,0,0,0,NA,0.3,M9,37,2,,NA,NA,NA,NA,NA,NA,NA,NA,NA,NA,NA,NA,NA,succinate,4,6,4,0,118,4,7,-1,2,0.14399999999999999,NA,NA,23.99,0.33300000000000002,72,NA,NA
36,1,1,1,NO.12,1,180.16,277.53108348134992,6,12,6,0,0,0,0,0,0,0,0,0,0,0,0,NA,0.3,M9,37,2,,NA,NA,NA,NA,NA,NA,NA,NA,NA,NA,NA,NA,NA,succinate,4,6,4,0,118,4,7,-1,2,0.184,NA,NA,27.53,0.38200000000000001,72,NA,NA
36,1,1,1,NO.13,1,180.16,277.53108348134992,6,12,6,0,0,0,0,0,0,0,0,0,0,0,0,NA,0.3,M9,37,2,,NA,NA,NA,NA,NA,NA,NA,NA,NA,NA,NA,NA,NA,succinate,4,6,4,0,118,4,7,-1,2,9.1999999999999998E-2,NA,NA,15.34,0.21299999999999999,72,NA,NA
36,1,1,1,NO.14,1,180.16,258.88099467140319,6,12,6,0,0,0,0,0,0,0,0,0,0,0,0,NA,0.3,M9,37,2,,NA,NA,NA,NA,NA,NA,NA,NA,NA,NA,NA,NA,NA,succinate,4,6,4,0,118,4,6,0,2,9.1999999999999998E-2,NA,NA,13.77,0.191,72,NA,NA
36,1,1,1,NO.15,1,180.16,241.78507992895206,6,12,6,0,0,0,0,0,0,0,0,0,0,0,0,NA,0.3,M9,37,2,,NA,NA,NA,NA,NA,NA,NA,NA,NA,NA,NA,NA,NA,succinate,4,6,4,0,118,4,7,-1,2,0.58340000000000003,NA,NA,84.96,1.18,72,NA,NA
36,1,1,1,NO.16,1,180.16,223.80106571936057,6,12,6,0,0,0,0,0,0,0,0,0,0,0,0,NA,0.3,M9,37,2,,NA,NA,NA,NA,NA,NA,NA,NA,NA,NA,NA,NA,NA,succinate,4,6,4,0,118,4,7,-1,2,0.49199999999999999,NA,NA,65.680000000000007,0.91200000000000003,72,NA,NA
36,1,1,1,NO.17,1,180.16,244.78241563055064,6,12,6,0,0,0,0,0,0,0,0,0,0,0,0,NA,0.3,M9,37,2,,NA,NA,NA,NA,NA,NA,NA,NA,NA,NA,NA,NA,NA,succinate,4,6,4,0,118,4,7,-1,2,0.55100000000000005,NA,NA,81.03,1.125,72,NA,NA
36,1,1,1,NO.18,1,180.16,265.76376554174067,6,12,6,0,0,0,0,0,0,0,0,0,0,0,0,NA,0.3,M9,37,2,,NA,NA,NA,NA,NA,NA,NA,NA,NA,NA,NA,NA,NA,succinate,4,6,4,0,118,4,7,-1,2,0.439,NA,NA,70.41,0.97799999999999998,72,NA,NA
36,1,1,1,NO.19,1,180.16,268.76110124333928,6,12,6,0,0,0,0,0,0,0,0,0,0,0,0,NA,0.3,M9,37,2,,NA,NA,NA,NA,NA,NA,NA,NA,NA,NA,NA,NA,NA,succinate,4,6,4,0,118,4,7,-1,2,0.41199999999999998,NA,NA,66.87,0.92900000000000005,72,NA,NA
36,1,1,1,NO.20,1,180.16,261.7673179396092,6,12,6,0,0,0,0,0,0,0,0,0,0,0,0,NA,0.3,M9,37,2,,NA,NA,NA,NA,NA,NA,NA,NA,NA,NA,NA,NA,NA,succinate,4,6,4,0,118,4,7,-1,2,0.81899999999999995,NA,NA,128.6,1.786,72,NA,NA
36,1,1,1,NO.21,1,180.16,258.76998223801064,6,12,6,0,0,0,0,0,0,0,0,0,0,0,0,NA,0.3,M9,37,2,,NA,NA,NA,NA,NA,NA,NA,NA,NA,NA,NA,NA,NA,succinate,4,6,4,0,118,4,7,-1,2,0.56399999999999995,NA,NA,87.32,1.2130000000000001,72,NA,NA
37,1,1,1,NO.1,1,180.16,249.77797513321494,6,12,6,0,0,0,0,0,0,0,0,0,0,0,0,1,NA,LB,NA,1,QZ1111,"ilvG, rfb, rph, sdhA, ptsG, poxB, pta, iclR","0,0,0,0,0,0,0,0",NA,NA,NA,NA,NA,NA,NA,NA,NA,NA,NA,succinate,4,6,4,0,118,7,2,-1,-3,0.45100000000000001,NA,2.2599999999999998,20.3,0.317,64,NA,NA
37,1,1,1,NO.2,1,180.16,249.77797513321494,6,12,6,0,0,0,0,0,0,0,0,0,0,0,0,1,NA,LB,NA,1,QZ1112,"ilvG, rfb, rph, sdhA, ptsG, poxB, pta, iclR","0,0,0,0,0,0,0,0","phbC, phbA, phbB","0,0,0","1,1,1","1,1,1","6,6,6","0,0,0","0,0,0","0,0,0","0,0,0","0,0,0","0,0,0",succinate,4,6,4,0,118,7,2,-1,-3,0.54700000000000004,NA,3.49,24.6,0.38400000000000001,64,NA,NA
38,1,0,1,No.1,9,92.09,217.1788467803236,3,8,3,0,0,0,0,0,0,0,0,0,0,0,0,NA,0.04,M9,37,2,,NA,NA,NA,NA,NA,NA,NA,NA,NA,NA,NA,NA,NA,succinate,4,6,4,0,118,4,5,0,1,0.10500000000000001,NA,NA,2.1,4.3750000000000004E-2,48,NA,PH is around 6
38,1,1,1,No.2,9,92.09,217.1788467803236,3,8,3,0,0,0,0,0,0,0,0,0,0,0,0,NA,0.04,M9,37,2,,NA,NA,NA,NA,NA,NA,NA,NA,NA,NA,NA,NA,NA,succinate,4,6,4,0,118,5,6,0,1,0.26500000000000001,NA,NA,5.3,0.11041666666666666,48,NA,NA
38,1,1,1,No.3,9,92.09,217.1788467803236,3,8,3,0,0,0,0,0,0,0,0,0,0,0,0,NA,0.04,M9,37,2,,NA,NA,NA,NA,NA,NA,NA,NA,NA,NA,NA,NA,NA,succinate,4,6,4,0,118,4,4,0,1,0.06,NA,NA,1.2,2.4999999999999998E-2,48,NA,NA
38,1,1,1,No.4,9,92.09,217.1788467803236,3,8,3,0,0,0,0,0,0,0,0,0,0,0,0,NA,0.04,M9,37,2,,NA,NA,NA,NA,NA,NA,NA,NA,NA,NA,NA,NA,NA,succinate,4,6,4,0,118,4,4,-1,1,0.14499999999999999,NA,NA,2.9,6.0416666666666667E-2,48,NA,NA
38,1,1,1,No.5,9,92.09,217.1788467803236,3,8,3,0,0,0,0,0,0,0,0,0,0,0,0,NA,0.04,M9,37,2,,NA,NA,NA,NA,NA,NA,NA,NA,NA,NA,NA,NA,NA,succinate,4,6,4,0,118,4,4,-1,1,0.13999999999999999,NA,NA,2.8,5.8333333333333327E-2,48,NA,NA
38,1,1,1,No.6,9,92.09,217.1788467803236,3,8,3,0,0,0,0,0,0,0,0,0,0,0,0,NA,0.04,M9,37,2,,NA,NA,NA,NA,NA,NA,NA,NA,NA,NA,NA,NA,NA,succinate,4,6,4,0,118,4,5,-1,1,0.06,NA,NA,1.2,2.4999999999999998E-2,48,NA,NA
38,1,1,1,No.7,9,92.09,217.1788467803236,3,8,3,0,0,0,0,0,0,0,0,0,0,0,0,NA,0.04,M9,37,2,,NA,NA,NA,NA,NA,NA,NA,NA,NA,NA,NA,NA,NA,succinate,4,6,4,0,118,4,5,-1,1,6.5000000000000002E-2,NA,NA,1.3,2.7083333333333334E-2,48,NA,NA
38,1,1,1,No.8,9,92.09,217.1788467803236,3,8,3,0,0,0,0,0,0,0,0,0,0,0,0,NA,0.04,M9,37,2,,NA,NA,NA,NA,NA,NA,NA,NA,NA,NA,NA,NA,NA,succinate,4,6,4,0,118,4,5,0,1,5.5000000000000007E-2,NA,NA,1.1000000000000001,2.2916666666666669E-2,48,NA,NA
38,1,1,1,No.9,9,92.09,217.1788467803236,3,8,3,0,0,0,0,0,0,0,0,0,0,0,0,NA,0.04,M9,37,2,,NA,NA,NA,NA,NA,NA,NA,NA,NA,NA,NA,NA,NA,succinate,4,6,4,0,118,4,5,0,1,0.19,NA,NA,3.8,7.9166666666666663E-2,48,NA,NA
38,1,1,1,No.10,9,92.09,217.1788467803236,3,8,3,0,0,0,0,0,0,0,0,0,0,0,0,NA,0.04,M9,37,2,,NA,NA,NA,NA,NA,NA,NA,NA,NA,NA,NA,NA,NA,succinate,4,6,4,0,118,4,5,0,1,0.215,NA,NA,4.3,8.9583333333333334E-2,48,NA,NA
38,1,1,1,No.11,9,92.09,217.1788467803236,3,8,3,0,0,0,0,0,0,0,0,0,0,0,0,NA,0.04,M9,37,2,,NA,NA,NA,NA,NA,NA,NA,NA,NA,NA,NA,NA,NA,succinate,4,6,4,0,118,4,5,0,1,0.1,NA,NA,2,4.1666666666666664E-2,48,NA,NA
38,1,1,1,No.12,9,92.09,217.1788467803236,3,8,3,0,0,0,0,0,0,0,0,0,0,0,0,NA,0.04,M9,37,2,,NA,NA,NA,NA,NA,NA,NA,NA,NA,NA,NA,NA,NA,succinate,4,6,4,0,118,4,5,0,1,0.09,NA,NA,1.8,3.7499999999999999E-2,48,NA,NA
38,1,1,1,No.13,9,92.09,217.1788467803236,3,8,3,0,0,0,0,0,0,0,0,0,0,0,0,NA,0.04,M9,37,2,,NA,NA,NA,NA,NA,NA,NA,NA,NA,NA,NA,NA,NA,succinate,4,6,4,0,118,4,5,0,1,0.19500000000000001,NA,NA,3.9,8.1250000000000003E-2,48,NA,NA
38,1,1,1,No.14,9,92.09,217.1788467803236,3,8,3,0,0,0,0,0,0,0,0,0,0,0,0,NA,0.04,M9,37,2,,NA,NA,NA,NA,NA,NA,NA,NA,NA,NA,NA,NA,NA,succinate,4,6,4,0,118,5,6,0,1,0.44000000000000006,NA,NA,8.8000000000000007,0.18333333333333335,48,NA,NA
38,1,1,1,No.15,9,92.09,217.1788467803236,3,8,3,0,0,0,0,0,0,0,0,0,0,0,0,NA,0.04,M9,37,2,,NA,NA,NA,NA,NA,NA,NA,NA,NA,NA,NA,NA,NA,succinate,4,6,4,0,118,5,6,0,1,0.65,NA,NA,13,0.27083333333333331,48,NA,NA
38,1,1,1,No.16,9,92.09,217.1788467803236,3,8,3,0,0,0,0,0,0,0,0,0,0,0,0,NA,0.04,M9,37,2,,NA,NA,NA,NA,NA,NA,NA,NA,NA,NA,NA,NA,NA,succinate,4,6,4,0,118,5,6,0,1,0.39,NA,NA,7.8,0.16250000000000001,48,NA,NA
38,1,1,1,No.17,9,92.09,217.1788467803236,3,8,3,0,0,0,0,0,0,0,0,0,0,0,0,NA,0.04,M9,37,2,,NA,NA,NA,NA,NA,NA,NA,NA,NA,NA,NA,NA,NA,succinate,4,6,4,0,118,5,6,0,1,0.7,NA,NA,14,0.19444444444444445,72,NA,NA
39,1,1,1,No.1,1,180.16,111.01243339253996,6,12,6,0,0,0,0,0,0,0,0,0,0,0,0,NA,0.6,LB,37,3,Fig 3 SBS550MG-Cms243(pHL413Km),"adhE, ldhA, iclR, ack, pta","0,0,0,0,0",pycA,0,1,1,4,0,0,0,0,0,0,succinate,4,6,4,0,118,4,NA,0,2,1.1299999999999999,NA,NA,20.34084,0.84799999999999998,24,NA,NA
39,1,1,1,No.2,1,180.16,111.01243339253996,6,12,6,0,0,0,0,0,0,0,0,0,0,0,0,NA,0.6,LB,37,3,Fig 3 SBS550MG-Cms243(pHL413KF1),"adhE, ldhA, iclR, ack, pta","0,0,0,0,0","pycA, fdh1","0,0","1,1","1,1","4,4","0,0","0,0","0,0","0,0","0,0","0,0",succinate,4,6,4,0,118,4,NA,0,2,1.1399999999999999,NA,NA,20.272400000000001,0.84499999999999997,24,NA,NA
39,1,1,1,No.3,1,180.16,111.01243339253996,6,12,6,0,0,0,0,0,0,0,0,0,0,0,0,NA,0.6,LB,37,3,Fig 5B SBS550MG(pHL413Km),"adhE, ldhA, iclR, ack, pta","0,0,0,0,0",pycA,0,1,1,4,0,0,0,0,0,0,succinate,4,6,4,0,118,4,NA,0,2,0.72099999999999997,NA,NA,20.77,0.86499999999999999,24,NA,NA
39,1,1,1,No.4,1,180.16,111.01243339253996,6,12,6,0,0,0,0,0,0,0,0,0,0,0,0,NA,0.6,LB,37,3,Fig 5B SBS550MG(pHL413KF1),"adhE, ldhA, iclR, ack, pta","0,0,0,0,0","pycA, fdh1","0,0","1,1","1,1","4,4","0,0","0,0","0,0","0,0","0,0","0,0",succinate,4,6,4,0,118,4,NA,0,2,0.995,NA,NA,39.409999999999997,1.6419999999999999,24,NA,NA
40,1,1,1,No.1,1,180.16,75.488454706927186,6,12,6,0,0,0,0,0,0,0,0,0,0,0,0,NA,0.01,LB,37,2,SD130,"ompT, gal, dcm, lon, hsdSb, lacI, T7 RNApolymerase","0,0,0,0,0,1,1",NA,NA,NA,NA,NA,NA,NA,NA,NA,NA,NA,succinate,4,6,4,0,118,4,2,0,2,0.122,NA,NA,1.74,5.8000000000000003E-2,30,NA,SD130
40,1,1,1,No.2,1,180.16,75.488454706927186,6,12,6,0,0,0,0,0,0,0,0,0,0,0,0,NA,0.01,LB,37,2,SD131,"ompT, gal, dcm, lon, hsdSb, lacI, T7 RNApolymerase","0,0,0,0,0,1,1",ecaA,0,1,1,4,0,0,0,0,0,0,succinate,4,6,4,0,118,4,3,0,2,0.25600000000000001,NA,NA,3.48,0.11600000000000001,30,NA,SD131
40,1,1,1,No.3,1,180.16,75.488454706927186,6,12,6,0,0,0,0,0,0,0,0,0,0,0,0,NA,0.01,LB,37,2,SD132,"rpoS, rph, pflA, ldhA, ptsG","0,0,0,0,0",NA,NA,NA,NA,NA,NA,NA,NA,NA,NA,NA,succinate,4,6,4,0,118,4,2,0,2,0.61299999999999999,NA,NA,6.84,0.22800000000000001,30,NA,SD132
40,1,1,1,No.4,1,180.16,75.488454706927186,6,12,6,0,0,0,0,0,0,0,0,0,0,0,0,NA,0.01,LB,37,2,SD133,"rpoS, rph, pflA, ldhA, ptsG","0,0,0,0,0",ecaA,0,1,1,4,0,0,0,0,0,0,succinate,4,6,4,0,118,4,3,0,2,0.82699999999999996,NA,NA,9.39,0.313,30,NA,SD133
41,1,1,1,No.1,12,150.13,133.21787783920601,5,10,5,0,0,0,0,0,0,0,0,0,0,0,0,NA,0.05,LB,37,2,E coli K12,"rpoS, rph","0,0",NA,NA,NA,NA,NA,NA,NA,NA,NA,NA,NA,succinate,4,6,4,0,118,4,2,-1,0,4.3999999999999997E-2,NA,0.48299999999999998,0.87999999999999989,1.833333333333333E-2,48,NA,E coli K12
41,1,1,1,No.2,12,150.13,133.21787783920601,5,10,5,0,0,0,0,0,0,0,0,0,0,0,0,NA,0.05,LB,37,2,BA001,"rpoS, rph, ldhA","0,0,0",NA,NA,NA,NA,NA,NA,NA,NA,NA,NA,NA,succinate,4,6,4,0,118,4,2,-1,0,4.9000000000000002E-2,NA,0.64700000000000002,0.98,2.0416666666666666E-2,48,NA,BA001
41,1,1,1,No.3,12,150.13,133.21787783920601,5,10,5,0,0,0,0,0,0,0,0,0,0,0,0,NA,0.05,LB,37,2,BA002,"rpoS, rph, pflB, ldhA","0,0,0,0",NA,NA,NA,NA,NA,NA,NA,NA,NA,NA,NA,succinate,4,6,4,0,118,4,2,-1,0,1E-3,NA,0.125,0.02,4.1666666666666669E-4,48,NA,BA002
41,1,1,1,No.4,12,150.13,133.21787783920601,5,10,5,0,0,0,0,0,0,0,0,0,0,0,0,NA,0.05,LB,37,2,BA102,"rpoS, rph, pflB, ldhA, ptsG","0,0,0,0,0",NA,NA,NA,NA,NA,NA,NA,NA,NA,NA,NA,succinate,4,6,4,0,118,4,2,-1,0,5.0000000000000001E-4,NA,6.3E-2,0.01,2.0833333333333335E-4,48,NA,BA102
41,1,1,1,No.5,12,150.13,133.21787783920601,5,10,5,0,0,0,0,0,0,0,0,0,0,0,0,NA,0.05,LB,37,2,BA203,"rpoS, rph, pflB, ldhA, ppc","0,0,0,0,0",NA,NA,NA,NA,NA,NA,NA,NA,NA,NA,NA,succinate,4,6,4,0,118,4,1,-1,0,1.5E-3,NA,0.107,0.03,6.2500000000000001E-4,48,NA,BA203
41,1,1,1,No.6,12,150.13,133.21787783920601,5,10,5,0,0,0,0,0,0,0,0,0,0,0,0,NA,0.05,LB,37,2,BA204,"rpoS, rph, pflB, ldhA, ppc","0,0,0,0,0",pck,0,1,1,4,0,0,0,0,0,0,succinate,4,6,4,0,118,4,1,-1,0,0.58199999999999996,NA,6.9000000000000006E-2,11.639999999999999,0.24249999999999997,48,NA,BA204
41,0,1,1,No.7,12,150.13,133.21787783920601,5,10,5,0,0,0,0,0,0,0,0,0,0,0,0,NA,0.05,LB,37,3,BA204a,"rpoS, rph, pflB, ldhA, ppc","0,0,0,0,0",NA,NA,NA,NA,NA,NA,NA,NA,NA,NA,NA,succinate,4,6,4,0,118,4,1,-1,0,1E-3,NA,4.6520000000000001,0.02,4.1666666666666669E-4,48,NA,BA204a
41,1,0,1,No.8,12,150.13,133.21787783920601,5,10,5,0,0,0,0,0,0,0,0,0,0,0,0,NA,0.08,LB,37,3,E coli K12,"rpoS, rph","0,0",NA,NA,NA,NA,NA,NA,NA,NA,NA,NA,NA,succinate,4,6,4,0,118,4,2,-1,0,9.35E-2,NA,0.35961538461538461,1.87,0.11687500000000001,16,NA,E coli K12
41,1,1,1,No.9,12,150.13,133.21787783920601,5,10,5,0,0,0,0,0,0,0,0,0,0,0,0,NA,0.08,LB,37,3,BA001,"rpoS, rph, ldhA","0,0,0",NA,NA,NA,NA,NA,NA,NA,NA,NA,NA,NA,succinate,4,6,4,0,118,4,2,-1,0,9.8500000000000004E-2,NA,0.3675373134328358,1.97,0.123125,16,NA,BA001
41,1,1,1,No.10,12,150.13,133.21787783920601,5,10,5,0,0,0,0,0,0,0,0,0,0,0,0,NA,0.08,LB,37,3,BA002,"rpoS, rph, pflB, ldhA","0,0,0,0",NA,NA,NA,NA,NA,NA,NA,NA,NA,NA,NA,succinate,4,6,4,0,118,4,2,-1,0,3.6499999999999998E-2,NA,0.2050561797752809,0.73,4.5624999999999999E-2,16,NA,BA002
41,1,1,1,No.11,12,150.13,133.21787783920601,5,10,5,0,0,0,0,0,0,0,0,0,0,0,0,NA,0.08,LB,37,3,BA102,"rpoS, rph, pflB, ldhA, ptsG","0,0,0,0,0",NA,NA,NA,NA,NA,NA,NA,NA,NA,NA,NA,succinate,4,6,4,0,118,4,2,-1,0,3.7499999999999999E-2,NA,0.22590361445783133,0.75,4.6875E-2,16,NA,BA102
41,1,1,1,No.12,12,150.13,133.21787783920601,5,10,5,0,0,0,0,0,0,0,0,0,0,0,0,NA,0.08,LB,37,3,BA203,"rpoS, rph, pflB, ldhA, ppc","0,0,0,0,0",NA,NA,NA,NA,NA,NA,NA,NA,NA,NA,NA,succinate,4,6,4,0,118,4,1,-1,0,2.2499999999999999E-2,NA,0.13392857142857142,0.45,2.8125000000000001E-2,16,NA,BA203
41,1,1,1,No.13,12,150.13,133.21787783920601,5,10,5,0,0,0,0,0,0,0,0,0,0,0,0,NA,0.08,LB,37,3,BA204,"rpoS, rph, pflB, ldhA, ppc","0,0,0,0,0",pck,0,1,1,4,0,0,0,0,0,0,succinate,4,6,4,0,118,4,1,-1,0,0.47899999999999998,NA,1.9471544715447155,9.58,0.59875,16,NA,BA204
41,1,1,1,No.14,12,150.13,133.21787783920601,5,10,5,0,0,0,0,0,0,0,0,0,0,0,0,NA,0.08,LB,37,3,BA204a,"rpoS, rph, pflB, ldhA, ppc","0,0,0,0,0",NA,NA,NA,NA,NA,NA,NA,NA,NA,NA,NA,succinate,4,6,4,0,118,4,1,-1,0,2.0499999999999997E-2,NA,0.12312312312312311,0.41,2.5624999999999998E-2,16,NA,BA204a
41,1,1,1,No.15,1,180.16,11.101243339253998,6,12,6,12,150.13,12,5,10,5,0,0,0,0,0,0,NA,0.08,LB,37,3,BA002,"rpoS, rph, pflB, ldhA","0,0,0,0",NA,NA,NA,NA,NA,NA,NA,NA,NA,NA,NA,succinate,4,6,4,0,118,4,2,-1,0,0.55806451612903218,NA,0.37608695652173918,1.73,0.108125,16,NA,BA002
41,1,1,1,No.16,1,180.16,11.101243339253998,6,12,6,12,150.13,12,5,10,5,0,0,0,0,0,0,NA,0.08,LB,37,3,BA203,"rpoS, rph, pflB, ldhA, ppc","0,0,0,0,0",NA,NA,NA,NA,NA,NA,NA,NA,NA,NA,NA,succinate,4,6,4,0,118,4,1,-1,0,0.34634146341463418,NA,0.30212765957446808,1.42,8.8749999999999996E-2,16,NA,BA203
41,1,1,1,No.17,1,180.16,11.101243339253998,6,12,6,12,150.13,12,5,10,5,0,0,0,0,0,0,NA,0.08,LB,37,3,BA204,"rpoS, rph, pflB, ldhA, ppc","0,0,0,0,0",pck,0,1,1,4,0,0,0,0,0,0,succinate,4,6,4,0,118,4,1,-1,0,0.70615384615384613,NA,2.04,9.18,0.57374999999999998,16,NA,BA204
41,1,1,1,No.18,1,180.16,11.101243339253998,6,12,6,12,150.13,12,5,10,5,0,0,0,0,0,0,NA,0.08,LB,37,3,BA204a,"rpoS, rph, pflB, ldhA, ppc","0,0,0,0,0",NA,NA,NA,NA,NA,NA,NA,NA,NA,NA,NA,succinate,4,6,4,0,118,4,1,-1,0,0.19736842105263158,NA,0.15306122448979589,0.75,4.6875E-2,16,NA,BA204a
41,1,1,1,No.19,1,180.16,37.744227353463593,6,12,6,12,150.13,40.6,5,10,5,0,0,0,0,0,0,NA,0.08,LB,37,3,BA002,"rpoS, rph, pflB, ldhA","0,0,0,0",NA,NA,NA,NA,NA,NA,NA,NA,NA,NA,NA,succinate,4,6,4,0,118,4,2,-1,0,0.35434782608695653,NA,0.56206896551724139,1.63,0.10187499999999999,16,NA,BA002
41,1,1,1,No.20,1,180.16,37.744227353463593,6,12,6,12,150.13,40.6,5,10,5,0,0,0,0,0,0,NA,0.08,LB,37,3,BA203,"rpoS, rph, pflB, ldhA, ppc","0,0,0,0,0",NA,NA,NA,NA,NA,NA,NA,NA,NA,NA,NA,succinate,4,6,4,0,118,4,1,-1,0,0.11063829787234042,NA,0.16250000000000001,0.52,3.2500000000000001E-2,16,NA,BA203
41,1,1,1,No.21,1,180.16,37.744227353463593,6,12,6,12,150.13,40.6,5,10,5,0,0,0,0,0,0,NA,0.08,LB,37,3,BA2024,"rpoS, rph, pflB, ldhA, ppc","0,0,0,0,0",pck,0,1,1,4,0,0,0,0,0,0,succinate,4,6,4,0,118,4,1,-1,0,2.3187500000000001,NA,1.0211009174311927,11.13,0.69562500000000005,16,NA,BA2024
41,1,1,1,No.22,1,180.16,37.744227353463593,6,12,6,12,150.13,40.6,5,10,5,0,0,0,0,0,0,NA,0.08,LB,37,3,BA204a,"rpoS, rph, pflB, ldhA, ppc","0,0,0,0,0",NA,NA,NA,NA,NA,NA,NA,NA,NA,NA,NA,succinate,4,6,4,0,118,4,1,-1,0,0.15714285714285717,NA,0.16666666666666669,0.55000000000000004,3.4375000000000003E-2,16,NA,BA204a
42,0,1,1,No.1,2,342.3,54.922582529944492,12,22,11,0,0,0,0,0,0,0,0,0,0,0,0,3,0.6,LB,37,3,SBS550MG PHL413 pUR400,"ldhA, adhE, iclR, ack, pta","0,0,0,0,0","pyc, scrK, scrY, scrA, scrB, scrR","0,0,0,0,0,0","1,1,1,1,1,1","1,0,0,0,0,0","4, NA, NA, NA, NA, NA","0,0,0,0,0,0","0,0,0,0,0,0","0,0,0,0,0,0","0,0,0,0,0,0","0,0,0,0,0,0","0,0,0,0,0,0",succinate,4,6,4,0,118,4,2,-2,-1,2.35,NA,NA,44.16,0.46,96,NA,400rpm
42,0,1,1,No.2,2,342.3,54.922582529944492,12,22,11,0,0,0,0,0,0,0,0,0,0,0,0,3,0.6,LB,37,3,SBS500MG PHL413 pUR400,"ldhA, adhE, iclR, ack, pta","0,0,0,0,0","pyc, scrK, scrY, scrA, scrB, scrR","0,0,0,0,0,0","1,1,1,1,1,1","1,0,0,0,0,0","4, NA, NA, NA, NA, NA","0,0,0,0,0,0","0,0,0,0,0,0","0,0,0,0,0,0","0,0,0,0,0,0","0,0,0,0,0,0","0,0,0,0,0,0",succinate,4,6,4,0,118,4,2,-2,-1,2.4500000000000002,NA,NA,46.08,0.48,96,NA,500rpm
42,1,1,1,No.3,2,342.3,54.922582529944492,12,22,11,0,0,0,0,0,0,0,0,0,0,0,0,3,0.6,LB,37,3,SBS500MG pHL413 pUR400,"ldhA, adhE, iclR, ack, pta","0,0,0,0,0","pyc, scrK, scrY, scrA, scrB, scrR","0,0,0,0,0,0","1,1,1,1,1,1","1,0,0,0,0,0",4,"0,0,0,0,0,0","0,0,0,0,0,0","0,0,0,0,0,0","0,0,0,0,0,0","0,0,0,0,0,0","0,0,0,0,0,0",succinate,4,6,4,0,118,4,2,-2,-1,3.06,NA,NA,57.6,0.6,96,NA,800rpm
42,1,1,1,No.4,3,180.16,89.920071047957364,6,12,6,0,0,0,0,0,0,0,0,0,0,0,0,3,0.6,LB,37,3,SBS50MG pHL413,"ldhA, adhE, iclR, ack, pta","0,0,0,0,0",pyc,"0,0,0,0,0,0","1,1,1,1,1,1","1,0,0,0,0,0",4,0,0,0,0,0,0,succinate,4,6,4,0,118,4,2,-2,-1,3.21,NA,NA,52.07,0.82,63.5,NA,NA
42,1,1,1,No.5,1,180.16,54.951154529307288,6,12,6,3,180.16,9.9,6,12,6,0,0,0,0,0,0,3,0.6,LB,37,3,SBS550MG PHL413,"ldhA, adhE, iclR, ack, pta","0,0,0,0,0",pyc,"0,0,0,0,0,0","1,1,1,1,1,1","1,0,0,0,0,0",4,0,0,0,0,0,0,succinate,4,6,4,0,118,4,2,-2,-1,1.19,NA,NA,28.434999999999999,1.21,23.5,NA,NA
42,1,1,1,No.6,1,180.16,29.97335701598579,6,12,6,2,342.3,12.7,12,22,11,3,180.16,4.68,6,12,6,3,0.6,LB,37,3,SBS500MG PHL413 pUR400,"ldhA, adhE, iclR, ack, pta","0,0,0,0,0","pyc, scrK, scrY, scrA, scrB, scrR","0,0,0,0,0,0","1,1,1,1,1,1","1,0,0,0,0,0","4, NA, NA, NA, NA, NA","0,0,0,0,0,0","0,0,0,0,0,0","0,0,0,0,0,0","0,0,0,0,0,0","0,0,0,0,0,0","0,0,0,0,0,0",succinate,4,6,4,0,118,4,2,-2,-1,1.75,NA,NA,39.78,0.85,46.8,NA,NA
43,1,1,1,No.1,1,180.16,277.53108348134992,6,12,6,0,0,0,0,0,0,0,0,0,0,0,0,1,0.25,M9,37,2,Suc-T110,"ptsl, ldhA, pflB, galP, pck","0,0,0,1,1",NA,NA,NA,NA,NA,NA,NA,NA,NA,NA,NA,succinate,4,6,4,0,118,4,4,NA,NA,0.73399999999999999,NA,21.59,33.04,NA,NA,NA,NA
43,1,1,1,No.2,1,180.16,277.53108348134992,6,12,6,0,0,0,0,0,0,0,0,0,0,0,0,1,0.25,M9,37,2,NZ-035,"ptsl, ldhA, pflB, ackA, pta, galP, pck","0,0,0,0,0,1,1",NA,NA,NA,NA,NA,NA,NA,NA,NA,NA,NA,succinate,4,6,4,0,118,4,4,NA,NA,0.76,NA,22.35,33.75,NA,NA,NA,NA
43,1,1,1,No.3,1,180.16,277.53108348134992,6,12,6,0,0,0,0,0,0,0,0,0,0,0,0,1,0.25,M9,37,2,NZ-036,"ptsl, ldhA, pflB, ackA, pta, galP, pck, aceB, aceA","0,0,0,0,0,1,1,1,1",NA,NA,NA,NA,NA,NA,NA,NA,NA,NA,NA,succinate,4,6,4,0,118,4,4,NA,NA,0.78,NA,23.76,35.159999999999997,NA,NA,NA,NA
43,1,1,1,No.4,1,180.16,277.53108348134992,6,12,6,0,0,0,0,0,0,0,0,0,0,0,0,1,0.25,M9,37,2,NZ-037,"ptsl, ldhA, pflB, ackA, pta, galP, pck, aceB, aceA, dcuC","0,0,0,0,0,1,1,1,1,1",NA,NA,NA,NA,NA,NA,NA,NA,NA,NA,NA,succinate,4,6,4,0,118,4,4,NA,NA,0.83899999999999997,NA,28.08,42.13,NA,NA,NA,NA
43,1,1,1,No.5,1,180.16,666.0746003552398,6,12,6,0,0,0,0,0,0,0,0,0,0,0,0,1,0.25,M9,37,2,NZ-037,"ptsl, ldhA, pflB, ackA, pta, galP, pck, aceB, aceA, dcuC","0,0,0,0,0,1,1,1,1,1",NA,NA,NA,NA,NA,NA,NA,NA,NA,NA,NA,succinate,4,6,4,0,118,4,4,NA,NA,0.81899999999999995,NA,24.27,21.36,NA,NA,NA,NA
43,1,1,1,No.6,1,180.16,666.0746003552398,6,12,6,0,0,0,0,0,0,0,0,0,0,0,0,1,0.25,M9,37,2,HX021,"ptsl, ldhA, pflB, ackA, pta, galP, pck, aceB, aceA, dcuC","0,0,0,0,0,1,1,1,1,1",NA,NA,NA,NA,NA,NA,NA,NA,NA,1,NA,succinate,4,6,4,0,118,4,4,NA,NA,0.83299999999999996,NA,30.59,74.34,NA,NA,NA,Metabolic evolution of NZ-037 for 1080 generations
43,1,1,1,No.7,1,180.16,666.0746003552398,6,12,6,0,0,0,0,0,0,0,0,0,0,0,0,1,0.25,M9,37,2,HX023,"ptsl, ldhA, pflB, ackA, pta, galP, pck, aceB, aceA, dcuC, mgsA","0,0,0,0,0,1,1,1,1,1,0",NA,NA,NA,NA,NA,NA,NA,NA,NA,1,NA,succinate,4,6,4,0,118,4,4,NA,NA,0.83899999999999997,NA,33.96,72,NA,NA,NA,NA
43,1,1,1,No.8,1,180.16,666.0746003552398,6,12,6,0,0,0,0,0,0,0,0,0,0,0,0,1,0.25,M9,37,2,HX024,"ptsl, ldhA, pflB, ackA, pta, galP, pck, aceB, aceA, dcuC, mgsA","0,0,0,0,0,1,1,1,1,1,0",NA,NA,NA,NA,NA,NA,NA,NA,NA,1,NA,succinate,4,6,4,0,118,4,4,NA,NA,0.89200000000000002,NA,34.89,95.93,NA,NA,NA,Metabolic evolution of HX023 for 360 generations
43,1,1,1,No.9,1,180.16,666.0746003552398,6,12,6,0,0,0,0,0,0,0,0,0,0,0,0,1,0.25,M9,37,2,ZT-251,"ptsl, ldhA, pflB, galP, pck, tktA","0,0,0,1,1,1",NA,NA,NA,NA,NA,NA,NA,NA,NA,NA,NA,succinate,4,6,4,0,118,4,4,NA,NA,0.83099999999999996,NA,25.16,34.22,NA,NA,NA,NA
43,1,1,1,No.10,1,180.16,666.0746003552398,6,12,6,0,0,0,0,0,0,0,0,0,0,0,0,1,0.25,M9,37,2,ZT-252,"ptsl, ldhA, pflB, galP, pck, sthA","0,0,0,1,1,1",NA,NA,NA,NA,NA,NA,NA,NA,NA,NA,NA,succinate,4,6,4,0,118,4,4,NA,NA,0.83299999999999996,NA,27.88,34.57,NA,NA,NA,NA
43,1,1,1,No.11,1,180.16,666.0746003552398,6,12,6,0,0,0,0,0,0,0,0,0,0,0,0,1,0.25,M9,37,2,ZT-253,"ptsl, ldhA, pflB, galP, pck, tktA, sthA","0,0,0,1,1,1,1",NA,NA,NA,NA,NA,NA,NA,NA,NA,NA,NA,succinate,4,6,4,0,118,4,4,NA,NA,0.872,NA,29.69,36.229999999999997,NA,NA,NA,NA
43,1,1,1,No.12,1,180.16,666.0746003552398,6,12,6,0,0,0,0,0,0,0,0,0,0,0,0,1,0.25,M9,37,2,ZT-273,"ptsl, ldhA, pflB, galP, pck, tktA, sthA, aceE, aceF, ackA, pta, lpdA","0,0,0,1,1,1,1,1,1,0,0,1",NA,NA,NA,NA,NA,NA,NA,NA,NA,NA,NA,succinate,4,6,4,0,118,4,4,NA,NA,0.98299999999999998,NA,27.22,40.83,NA,NA,NA,NA
43,1,1,1,No.13,1,180.16,666.0746003552398,6,12,6,0,0,0,0,0,0,0,0,0,0,0,0,1,0.25,M9,37,2,HX024,"ptsl, ldhA, pflB, ackA, pta, galP, pck, aceB, aceA, dcuC, mgsA","0,0,0,0,0,1,1,1,1,1,0",NA,NA,NA,NA,NA,NA,NA,NA,NA,1,NA,succinate,4,6,4,0,118,4,4,NA,NA,0.872,NA,34.619999999999997,94.16,NA,NA,NA,Metabolic evolution of HX023 for 360 generations
43,1,1,1,No.14,1,180.16,666.0746003552398,6,12,6,0,0,0,0,0,0,0,0,0,0,0,0,1,0.25,M9,37,2,HX041,"ptsl, ldhA, pflB, ackA, pta, galP, pck, aceB, aceA, dcuC, mgsA, pck","0,0,0,0,0,1,1,1,1,1,0,0",NA,NA,NA,NA,NA,NA,NA,NA,NA,1,NA,succinate,4,6,4,0,118,4,4,NA,NA,0.85899999999999999,NA,29.03,58.06,NA,NA,NA,Metabolic evolution of HX023 for 360 generations
43,1,1,1,No.15,1,180.16,666.0746003552398,6,12,6,0,0,0,0,0,0,0,0,0,0,0,0,1,0.25,M9,37,2,HX042,"ptsl, ldhA, pflB, ackA, pta, galP, pck, aceB, aceA, dcuC, mgsA, sfcA","0,0,0,0,0,1,1,1,1,1,0,0",NA,NA,NA,NA,NA,NA,NA,NA,NA,1,NA,succinate,4,6,4,0,118,4,4,NA,NA,0.85899999999999999,NA,24.89,47.79,NA,NA,NA,Metabolic evolution of HX023 for 360 generations
43,1,1,1,No.16,1,180.16,666.0746003552398,6,12,6,0,0,0,0,0,0,0,0,0,0,0,0,1,0.25,M9,37,2,HX043,"ptsl, ldhA, pflB, ackA, pta, galP, pck, aceB, aceA, dcuC, mgsA, maeB","0,0,0,0,0,1,1,1,1,1,0,0",NA,NA,NA,NA,NA,NA,NA,NA,NA,1,NA,succinate,4,6,4,0,118,4,4,NA,NA,0.872,NA,30.64,66.790000000000006,NA,NA,NA,Metabolic evolution of HX023 for 360 generations
43,1,1,1,No.17,1,180.16,666.0746003552398,6,12,6,0,0,0,0,0,0,0,0,0,0,0,0,1,0.25,LB,37,2,HX044,"ptsl, ldhA, pflB, ackA, pta, galP, pck, aceB, aceA, dcuC, mgsA, ppc","0,0,0,0,0,1,1,1,1,1,0,0",NA,NA,NA,NA,NA,NA,NA,NA,NA,1,NA,succinate,4,6,4,0,118,4,4,NA,NA,0.97699999999999998,NA,19.09,28.44,NA,NA,NA,Metabolic evolution of HX023 for 360 generations
44,1,1,1,No.1,1,180.16,16.651865008880996,6,12,6,0,0,0,0,0,0,0,0,0,0,0,0,NA,0.1,LB,37,2,NZN111,"pflB, ldhA","0,0",NA,NA,NA,NA,NA,NA,NA,NA,NA,NA,NA,succinate,4,6,4,0,118,NA,NA,NA,NA,8.6400000000000005E-2,NA,0.54,9.1999999999999998E-2,1.2999999999999999E-3,72,NA,NA
44,1,1,1,No.2,1,180.16,16.651865008880996,6,12,6,0,0,0,0,0,0,0,0,0,0,0,0,NA,0.1,LB,37,2,NZN111/pTrc99A,"pflB, ldhA","0,0",NA,NA,NA,NA,NA,NA,NA,NA,NA,NA,NA,succinate,4,6,4,0,118,NA,NA,NA,NA,9.0300000000000005E-2,NA,0.64500000000000002,0.1,1.4E-3,72,NA,NA
44,1,1,1,No.3,1,180.16,16.651865008880996,6,12,6,0,0,0,0,0,0,0,0,0,0,0,0,NA,0.1,LB,37,2,NZN111/pTrc99A-mdh,"pflB, ldhA","0,0",mdh,0,1,0,4,0,0,0,0,0,0,succinate,4,6,4,0,118,NA,NA,NA,NA,0.2016,NA,0.77600000000000002,0.55000000000000004,7.6E-3,72,NA,NA
44,1,1,1,No.4,1,180.16,16.651865008880996,6,12,6,0,0,0,0,0,0,0,0,0,0,0,0,NA,0.1,LB,37,2,NZN111/pTrc99A,"pflB, ldhA","0,0",NA,NA,NA,NA,NA,NA,NA,NA,NA,NA,NA,succinate,4,6,4,0,118,NA,NA,NA,NA,0.11219999999999999,NA,0.70099999999999996,0.28599999999999998,4.0000000000000001E-3,72,NA,NA
44,1,0,1,No.5,1,180.16,16.651865008880996,6,12,6,0,0,0,0,0,0,0,0,0,0,0,0,NA,0.1,LB,37,2,NZN111/pTrc99A,"pflB, ldhA","0,0",NA,NA,NA,NA,NA,NA,NA,NA,NA,NA,NA,succinate,4,6,4,0,118,NA,NA,NA,NA,0.73580000000000001,NA,3.1989999999999998,5.1280000000000001,7.1199999999999999E-2,72,NA,Bicarbonate 10g/L
44,1,1,1,No.6,1,180.16,16.651865008880996,6,12,6,0,0,0,0,0,0,0,0,0,0,0,0,NA,0.1,LB,37,2,NZN111/pTrc99A-mdh,"pflB, ldhA","0,0",mdh,0,1,0,4,0,0,0,0,0,0,succinate,4,6,4,0,118,NA,NA,NA,NA,0.13150000000000001,NA,0.57199999999999995,0.496,6.8999999999999999E-3,72,NA,NA
44,1,0,1,No.7,1,180.16,16.651865008880996,6,12,6,0,0,0,0,0,0,0,0,0,0,0,0,NA,0.1,LB,37,2,NZN111/pTrc99A-mdh,"pflB, ldhA","0,0",mdh,0,1,0,4,0,0,0,0,0,0,succinate,4,6,4,0,118,NA,NA,NA,NA,0.74619999999999997,NA,3.2440000000000002,5.6749999999999998,7.8799999999999995E-2,72,NA,Bicarbonate 10g/L
45,1,1,1,No.1,4,342.3,146.07069821793746,12,22,11,0,0,0,0,0,0,0,0,0,0,0,0,1,0.35,LB,37,2,Fig 2 KJ122-pKJSUC-24T,"ldhA, adhE, ackA, focA, pflB, mgsA, poxB, tdcD, tdcE, citF, aspC, sfcA","0,0,0,0,0,0,0,0,0,0,0,0","cscK, cscB, cscA","0,0,0","1,1,1","0,0,0","6,6,6","0,0,0","0,0,0","0,0,0","0,0,0","0,0,0","0,0,0",succinate,4,6,4,0,118,4,9,NA,NA,0.5,NA,9.69,25,1.042,24,NA,NA
45,1,1,1,No.2,4,342.3,146.07069821793746,12,22,11,0,0,0,0,0,0,0,0,0,0,0,0,1,0.35,LB,37,2,Fig 2 KJ122-pKJSUC-24T,"ldhA, adhE, ackA, focA, pflB, mgsA, poxB, tdcD, tdcE, citF, aspC, sfcA","0,0,0,0,0,0,0,0,0,0,0,0","cscK, cscB, cscA","0,0,0","1,1,1","0,0,0","6,6,6","0,0,0","0,0,0","0,0,0","0,0,0","0,0,0","0,0,0",succinate,4,6,4,0,118,4,9,NA,NA,0.875,NA,7.87,43.75,0.91100000000000003,48,NA,NA
45,1,1,1,No.3,4,342.3,146.07069821793746,12,22,11,0,0,0,0,0,0,0,0,0,0,0,0,1,0.35,LB,37,2,Fig 2 KJ122-pKJSUC-24T,"ldhA, adhE, ackA, focA, pflB, mgsA, poxB, tdcD, tdcE, citF, aspC, sfcA","0,0,0,0,0,0,0,0,0,0,0,0","cscK, cscB, cscA","0,0,0","1,1,1","0,0,0","6,6,6","0,0,0","0,0,0","0,0,0","0,0,0","0,0,0","0,0,0",succinate,4,6,4,0,118,4,9,NA,NA,0.88,NA,20.47,44,0.61099999999999999,72,NA,NA
45,1,1,1,No.4,4,342.3,146.07069821793746,12,22,11,0,0,0,0,0,0,0,0,0,0,0,0,1,0.35,M9,37,2,KJ122-pKJUC-24T,"ldhA, adhE, ackA, focA, pflB, mgsA, poxB, tdcD, tdcE, citF, aspC, sfcA","0,0,0,0,0,0,0,0,0,0,0,0","cscK, cscB, cscA","0,0,0","1,1,1","0,0,0","6,6,6","0,0,0","0,0,0","0,0,0","0,0,0",1,"0,0,0",succinate,4,6,4,0,118,4,9,NA,NA,0.91,NA,21.6,42.04,0.87,48,NA,KJ122-pkJSUC at the 24th transfer during metabolic evolution
45,1,1,1,No.5,4,342.3,146.07069821793746,12,22,11,0,0,0,0,0,0,0,0,0,0,0,0,1,0.35,M9,37,2,KJ122-pKJUC-24T,"ldhA, adhE, ackA, focA, pflB, mgsA, poxB, tdcD, tdcE, citF, aspC, sfcA","0,0,0,0,0,0,0,0,0,0,0,0","cscK, cscB, cscA","0,0,0","1,1,1","0,0,0","6,6,6","0,0,0","0,0,0","0,0,0","0,0,0",1,"0,0,0",succinate,4,6,4,0,118,4,9,NA,NA,0.93,NA,28.8,45.27,0.47,96,NA,KJ122-pkJSUC at the 24th transfer during metabolic evolution
45,1,1,1,No.6,4,342.3,175.28483786152495,12,22,11,0,0,0,0,0,0,0,0,0,0,0,0,1,0.35,M9,37,2,KJ122-pKJUC-24T,"ldhA, adhE, ackA, focA, pflB, mgsA, poxB, tdcD, tdcE, citF, aspC, sfcA","0,0,0,0,0,0,0,0,0,0,0,0","cscK, cscB, cscA","0,0,0","1,1,1","0,0,0","6,6,6","0,0,0","0,0,0","0,0,0","0,0,0",1,"0,0,0",succinate,4,6,4,0,118,4,9,NA,NA,0.91,NA,22.56,46.3,0.96,48,NA,KJ122-pkJSUC at the 24th transfer during metabolic evolution
45,1,1,1,No.7,4,342.3,175.28483786152495,12,22,11,0,0,0,0,0,0,0,0,0,0,0,0,1,0.35,M9,37,2,KJ122-pKJUC-24T,"ldhA, adhE, ackA, focA, pflB, mgsA, poxB, tdcD, tdcE, citF, aspC, sfcA","0,0,0,0,0,0,0,0,0,0,0,0","cscK, cscB, cscA","0,0,0","1,1,1","0,0,0","6,6,6","0,0,0","0,0,0","0,0,0","0,0,0",1,"0,0,0",succinate,4,6,4,0,118,4,9,NA,NA,0.97,NA,26.88,55.16,0.56999999999999995,96,NA,KJ122-pkJSUC at the 24th transfer during metabolic evolution
45,1,1,1,No.8,4,342.3,204.49897750511246,12,22,11,0,0,0,0,0,0,0,0,0,0,0,0,1,0.35,M9,37,2,KJ122-pKJUC-24T,"ldhA, adhE, ackA, focA, pflB, mgsA, poxB, tdcD, tdcE, citF, aspC, sfcA","0,0,0,0,0,0,0,0,0,0,0,0","cscK, cscB, cscA","0,0,0","1,1,1","0,0,0","6,6,6","0,0,0","0,0,0","0,0,0","0,0,0",1,"0,0,0",succinate,4,6,4,0,118,4,9,NA,NA,0.92,NA,28.8,50.52,1.05,48,NA,KJ122-pkJSUC at the 24th transfer during metabolic evolution
45,1,1,1,No.9,4,342.3,204.49897750511246,12,22,11,0,0,0,0,0,0,0,0,0,0,0,0,1,0.35,M9,37,2,KJ122-pKJUC-24T,"ldhA, adhE, ackA, focA, pflB, mgsA, poxB, tdcD, tdcE, citF, aspC, sfcA","0,0,0,0,0,0,0,0,0,0,0,0","cscK, cscB, cscA","0,0,0","1,1,1","0,0,0","6,6,6","0,0,0","0,0,0","0,0,0","0,0,0",1,"0,0,0",succinate,4,6,4,0,118,4,9,NA,NA,0.94,NA,36.479999999999997,60.18,0.62,96,NA,KJ122-pkJSUC at the 24th transfer during metabolic evolution
45,1,1,1,No.10,4,342.3,233.71311714869998,12,22,11,0,0,0,0,0,0,0,0,0,0,0,0,1,0.35,M9,37,2,KJ122-pKJUC-24T,"ldhA, adhE, ackA, focA, pflB, mgsA, poxB, tdcD, tdcE, citF, aspC, sfcA","0,0,0,0,0,0,0,0,0,0,0,0","cscK, cscB, cscA","0,0,0","1,1,1","0,0,0","6,6,6","0,0,0","0,0,0","0,0,0","0,0,0",1,"0,0,0",succinate,4,6,4,0,118,4,9,NA,NA,0.91,NA,27.84,51.52,1.07,48,NA,KJ122-pkJSUC at the 24th transfer during metabolic evolution
45,1,1,1,No.11,4,342.3,233.71311714869998,12,22,11,0,0,0,0,0,0,0,0,0,0,0,0,1,0.35,M9,37,2,KJ122-pKJUC-24T,"ldhA, adhE, ackA, focA, pflB, mgsA, poxB, tdcD, tdcE, citF, aspC, sfcA","0,0,0,0,0,0,0,0,0,0,0,0","cscK, cscB, cscA","0,0,0","1,1,1","0,0,0","6,6,6","0,0,0","0,0,0","0,0,0","0,0,0",1,"0,0,0",succinate,4,6,4,0,118,4,9,NA,NA,0.96,NA,38.4,65.099999999999994,0.67,96,NA,KJ122-pkJSUC at the 24th transfer during metabolic evolution
45,1,1,1,No.12,4,342.3,262.92725679228744,12,22,11,0,0,0,0,0,0,0,0,0,0,0,0,1,0.35,M9,37,2,KJ122-pKJUC-24T,"ldhA, adhE, ackA, focA, pflB, mgsA, poxB, tdcD, tdcE, citF, aspC, sfcA","0,0,0,0,0,0,0,0,0,0,0,0","cscK, cscB, cscA","0,0,0","1,1,1","0,0,0","6,6,6","0,0,0","0,0,0","0,0,0","0,0,0",1,"0,0,0",succinate,4,6,4,0,118,4,9,NA,NA,0.85,NA,28.8,50.46,1.05,48,NA,KJ122-pkJSUC at the 24th transfer during metabolic evolution
45,1,1,1,No.13,4,342.3,262.92725679228744,12,22,11,0,0,0,0,0,0,0,0,0,0,0,0,1,0.35,M9,37,2,KJ122-pKJUC-24T,"ldhA, adhE, ackA, focA, pflB, mgsA, poxB, tdcD, tdcE, citF, aspC, sfcA","0,0,0,0,0,0,0,0,0,0,0,0","cscK, cscB, cscA","0,0,0","1,1,1","0,0,0","6,6,6","0,0,0","0,0,0","0,0,0","0,0,0",1,"0,0,0",succinate,4,6,4,0,118,4,9,NA,NA,0.93,NA,44.16,68.739999999999995,0.71,96,NA,KJ122-pkJSUC at the 24th transfer during metabolic evolution
45,1,1,1,No.14,4,342.3,292.14139643587492,12,22,11,0,0,0,0,0,0,0,0,0,0,0,0,1,0.35,M9,37,2,KJ122-pKJUC-24T,"ldhA, adhE, ackA, focA, pflB, mgsA, poxB, tdcD, tdcE, citF, aspC, sfcA","0,0,0,0,0,0,0,0,0,0,0,0","cscK, cscB, cscA","0,0,0","1,1,1","0,0,0","6,6,6","0,0,0","0,0,0","0,0,0","0,0,0",1,"0,0,0",succinate,4,6,4,0,118,4,9,NA,NA,0.92,NA,30.72,57.44,1.19,48,NA,KJ122-pkJSUC at the 24th transfer during metabolic evolution
45,1,1,1,No.15,4,342.3,292.14139643587492,12,22,11,0,0,0,0,0,0,0,0,0,0,0,0,1,0.35,M9,37,2,KJ122-pKJUC-24T,"ldhA, adhE, ackA, focA, pflB, mgsA, poxB, tdcD, tdcE, citF, aspC, sfcA","0,0,0,0,0,0,0,0,0,0,0,0","cscK, cscB, cscA","0,0,0","1,1,1","0,0,0","6,6,6","0,0,0","0,0,0","0,0,0","0,0,0",1,"0,0,0",succinate,4,6,4,0,118,4,9,NA,NA,0.94,NA,44.16,72.45,0.75,96,NA,KJ122-pkJSUC at the 24th transfer during metabolic evolution
45,1,1,1,No.16,14,342.29700000000003,146.07197842809023,12,22,11,0,0,0,0,0,0,0,0,0,0,0,0,1,0.35,M9,37,2,KJ122-pKJSUC-24T,"ldhA, adhE, ackA, focA, pflB, mgsA, poxB, tdcD, tdcE, citF, aspC, sfcA","0,0,0,0,0,0,0,0,0,0,0,0","cscK, cscB, cscA","0,0,0","1,1,1","0,0,0","6,6,6","0,0,0","0,0,0","0,0,0","0,0,0",1,"0,0,0",succinate,4,6,4,0,118,4,9,NA,NA,0.50580000000000003,NA,NA,25.29,0.35125000000000001,72,NA,NA
45,1,1,1,No.17,14,342.29700000000003,292.14395685618047,12,22,11,0,0,0,0,0,0,0,0,0,0,0,0,1,0.35,M9,37,2,KJ122-pKJSUC-24T,"ldhA, adhE, ackA, focA, pflB, mgsA, poxB, tdcD, tdcE, citF, aspC, sfcA","0,0,0,0,0,0,0,0,0,0,0,0","cscK, cscB, cscA","0,0,0","1,1,1","0,0,0","6,6,6","0,0,0","0,0,0","0,0,0","0,0,0",1,"0,0,0",succinate,4,6,4,0,118,4,9,NA,NA,0.4859,NA,NA,48.59,0.67486111100000001,72,NA,NA
45,1,1,1,No.18,14,342.29700000000003,438.21593528427064,12,22,11,0,0,0,0,0,0,0,0,0,0,0,0,1,0.35,M9,37,2,KJ122-pKJSUC-24T,"ldhA, adhE, ackA, focA, pflB, mgsA, poxB, tdcD, tdcE, citF, aspC, sfcA","0,0,0,0,0,0,0,0,0,0,0,0","cscK, cscB, cscA","0,0,0","1,1,1","0,0,0","6,6,6","0,0,0","0,0,0","0,0,0","0,0,0",1,"0,0,0",succinate,4,6,4,0,118,4,9,NA,NA,0.41313333299999999,NA,NA,61.97,0.86069444399999995,72,NA,NA
45,1,1,1,No.19,14,342.29700000000003,511.25192449831582,12,22,11,0,0,0,0,0,0,0,0,0,0,0,0,1,0.35,M9,37,2,KJ122-pKJSUC-24T,"ldhA, adhE, ackA, focA, pflB, mgsA, poxB, tdcD, tdcE, citF, aspC, sfcA","0,0,0,0,0,0,0,0,0,0,0,0","cscK, cscB, cscA","0,0,0","1,1,1","0,0,0","6,6,6","0,0,0","0,0,0","0,0,0","0,0,0",1,"0,0,0",succinate,4,6,4,0,118,4,9,NA,NA,0.324457143,NA,NA,56.78,0.78861111100000003,72,NA,NA
45,1,1,1,NO.1,2,342.3,146.07069821793746,12,22,11,0,0,0,0,0,0,0,0,0,0,0,0,1,0.35,LB,37,2,,NA,NA,NA,NA,NA,NA,NA,NA,NA,NA,NA,NA,NA,succinate,4,6,4,0,118,4,9,NA,NA,0.92200000000000004,NA,NA,46.1,0.64,72,NA,KJ122-pKJSUC at the 24th transfer during metabolic evolution
45,1,1,1,NO.2,2,342.3,146.07069821793746,12,22,11,0,0,0,0,0,0,0,0,0,0,0,0,1,0.35,LB,37,2,,NA,NA,NA,NA,NA,NA,NA,NA,NA,NA,NA,NA,NA,succinate,4,6,4,0,118,4,9,NA,NA,0.44,NA,NA,22,0.30599999999999999,72,NA,NA
45,1,1,1,NO.3,2,342.3,146.07069821793746,12,22,11,0,0,0,0,0,0,0,0,0,0,0,0,1,0.35,M9,37,2,,NA,NA,NA,NA,NA,NA,NA,NA,NA,NA,NA,NA,NA,succinate,4,6,4,0,118,4,9,NA,NA,0.84099999999999997,NA,NA,42.04,0.876,48,NA,KJ122-pKJSUC at the 24th transfer during metabolic evolution. And rich medium is AM1 medium.
45,1,1,1,NO.4,2,342.3,175.28483786152495,12,22,11,0,0,0,0,0,0,0,0,0,0,0,0,1,0.35,M9,37,2,,NA,NA,NA,NA,NA,NA,NA,NA,NA,NA,NA,NA,NA,succinate,4,6,4,0,118,4,9,NA,NA,0.77200000000000002,NA,NA,46.3,0.96499999999999997,48,NA,KJ122-pKJSUC at the 24th transfer during metabolic evolution. And rich medium is AM1 medium.
45,1,1,1,NO.5,2,342.3,204.49897750511246,12,22,11,0,0,0,0,0,0,0,0,0,0,0,0,1,0.35,M9,37,2,,NA,NA,NA,NA,NA,NA,NA,NA,NA,NA,NA,NA,NA,succinate,4,6,4,0,118,4,9,NA,NA,0.72199999999999998,NA,NA,50.52,1.0529999999999999,48,NA,KJ122-pKJSUC at the 24th transfer during metabolic evolution. And rich medium is AM1 medium.
45,1,1,1,NO.6,2,342.3,233.71311714869998,12,22,11,0,0,0,0,0,0,0,0,0,0,0,0,1,0.35,M9,37,2,,NA,NA,NA,NA,NA,NA,NA,NA,NA,NA,NA,NA,NA,succinate,4,6,4,0,118,4,9,NA,NA,0.64400000000000002,NA,NA,51.52,1.073,48,NA,KJ122-pKJSUC at the 24th transfer during metabolic evolution. And rich medium is AM1 medium.
45,1,1,1,NO.7,2,342.3,262.92725679228744,12,22,11,0,0,0,0,0,0,0,0,0,0,0,0,1,0.35,M9,37,2,,NA,NA,NA,NA,NA,NA,NA,NA,NA,NA,NA,NA,NA,succinate,4,6,4,0,118,4,9,NA,NA,0.56100000000000005,NA,NA,50.46,1.0509999999999999,48,NA,KJ122-pKJSUC at the 24th transfer during metabolic evolution. And rich medium is AM1 medium.
45,1,1,1,NO.8,2,342.3,292.14139643587492,12,22,11,0,0,0,0,0,0,0,0,0,0,0,0,1,0.35,M9,37,2,,NA,NA,NA,NA,NA,NA,NA,NA,NA,NA,NA,NA,NA,succinate,4,6,4,0,118,4,9,NA,NA,0.57399999999999995,NA,NA,57.44,1.1970000000000001,48,NA,KJ122-pKJSUC at the 24th transfer during metabolic evolution. And rich medium is AM1 medium.
45,1,1,1,NO.9,2,342.3,146.07069821793746,12,22,11,0,0,0,0,0,0,0,0,0,0,0,0,1,0.35,M9,37,2,,NA,NA,NA,NA,NA,NA,NA,NA,NA,NA,NA,NA,NA,succinate,4,6,4,0,118,4,9,NA,NA,0.90500000000000003,NA,NA,45.27,0.47199999999999998,96,NA,KJ122-pKJSUC at the 24th transfer during metabolic evolution. And rich medium is AM1 medium.
45,1,1,1,NO.10,2,342.3,175.28483786152495,12,22,11,0,0,0,0,0,0,0,0,0,0,0,0,1,0.35,M9,37,2,,NA,NA,NA,NA,NA,NA,NA,NA,NA,NA,NA,NA,NA,succinate,4,6,4,0,118,4,9,NA,NA,0.91900000000000004,NA,NA,55.16,0.57499999999999996,96,NA,KJ122-pKJSUC at the 24th transfer during metabolic evolution. And rich medium is AM1 medium.
45,1,1,1,NO.11,2,342.3,204.49897750511246,12,22,11,0,0,0,0,0,0,0,0,0,0,0,0,1,0.35,M9,37,2,,NA,NA,NA,NA,NA,NA,NA,NA,NA,NA,NA,NA,NA,succinate,4,6,4,0,118,4,9,NA,NA,0.86,NA,NA,60.18,0.627,96,NA,KJ122-pKJSUC at the 24th transfer during metabolic evolution. And rich medium is AM1 medium.
45,1,1,1,NO.12,2,342.3,233.71311714869998,12,22,11,0,0,0,0,0,0,0,0,0,0,0,0,1,0.35,M9,37,2,,NA,NA,NA,NA,NA,NA,NA,NA,NA,NA,NA,NA,NA,succinate,4,6,4,0,118,4,9,NA,NA,0.81399999999999995,NA,NA,65.099999999999994,0.67800000000000005,96,NA,KJ122-pKJSUC at the 24th transfer during metabolic evolution. And rich medium is AM1 medium.
45,1,1,1,NO.13,2,342.3,262.92725679228744,12,22,11,0,0,0,0,0,0,0,0,0,0,0,0,1,0.35,M9,37,2,,NA,NA,NA,NA,NA,NA,NA,NA,NA,NA,NA,NA,NA,succinate,4,6,4,0,118,4,9,NA,NA,0.76400000000000001,NA,NA,68.739999999999995,0.71599999999999997,96,NA,KJ122-pKJSUC at the 24th transfer during metabolic evolution. And rich medium is AM1 medium.
45,1,1,1,NO.14,2,342.3,292.14139643587492,12,22,11,0,0,0,0,0,0,0,0,0,0,0,0,1,0.35,M9,37,2,,NA,NA,NA,NA,NA,NA,NA,NA,NA,NA,NA,NA,NA,succinate,4,6,4,0,118,4,9,NA,NA,0.72499999999999998,NA,NA,72.45,0.755,96,NA,KJ122-pKJSUC at the 24th transfer during metabolic evolution. And rich medium is AM1 medium.
45,1,1,1,NO.15,14,342.29700000000003,146.07197842809023,12,22,11,0,0,0,0,0,0,0,0,0,0,0,0,1,0.35,LB,37,2,,NA,NA,NA,NA,NA,NA,NA,NA,NA,NA,NA,NA,NA,succinate,4,6,4,0,118,4,9,NA,NA,0.50600000000000001,NA,NA,25.29,0.35099999999999998,72,NA,KJ122-pKJSUC at the 24th transfer during metabolic evolution
45,1,1,1,NO.16,14,342.29700000000003,292.14395685618047,12,22,11,0,0,0,0,0,0,0,0,0,0,0,0,1,0.35,LB,37,2,,NA,NA,NA,NA,NA,NA,NA,NA,NA,NA,NA,NA,NA,succinate,4,6,4,0,118,4,9,NA,NA,0.48599999999999999,NA,NA,48.59,0.67500000000000004,72,NA,NA
45,1,1,1,NO.17,14,342.29700000000003,438.21593528427064,12,22,11,0,0,0,0,0,0,0,0,0,0,0,0,1,0.35,LB,37,2,,NA,NA,NA,NA,NA,NA,NA,NA,NA,NA,NA,NA,NA,succinate,4,6,4,0,118,4,9,NA,NA,0.41299999999999998,NA,NA,61.97,0.86099999999999999,72,NA,KJ122-pKJSUC at the 24th transfer during metabolic evolution. 
45,1,1,1,NO.18,14,342.29700000000003,511.25192449831582,12,22,11,0,0,0,0,0,0,0,0,0,0,0,0,1,0.35,LB,37,2,,NA,NA,NA,NA,NA,NA,NA,NA,NA,NA,NA,NA,NA,succinate,4,6,4,0,118,4,9,NA,NA,0.379,NA,NA,56.78,0.78900000000000003,72,NA,KJ122-pKJSUC at the 24th transfer during metabolic evolution. 
45,1,1,1,NO.19,2,342.3,438.21209465381247,12,22,11,0,0,0,0,0,0,0,0,0,0,0,0,1,7.5,M9,37,2,,NA,NA,NA,NA,NA,NA,NA,NA,NA,NA,NA,NA,NA,succinate,4,6,4,0,118,4,9,NA,NA,0.372,NA,NA,55.81,0.77500000000000002,72,NA,KJ122-pKJSUC at the 24th transfer during metabolic evolution. And rich medium is AM1 medium.
46,1,1,1,No.1,1,180.16,111.01243339253996,6,12,6,0,0,0,0,0,0,0,0,0,0,0,0,NA,0.03,LB,30,2,NZN111/pTrc99A-mdh,"pflB, ldhA","0,0",mdh,0,1,0,4,0,0,0,0,0,0,succinate,4,6,4,0,118,NA,NA,NA,NA,0.31850000000000001,NA,0.17699999999999999,4.3,8.9599999999999999E-2,48,NA,NA
47,1,1,1,NO.1,1,180.16,55.506216696269981,6,12,6,0,0,0,0,0,0,0,0,0,0,0,0,1,1,M9,37,3,BW25113,"lacZ, hsdR, araB, araA, araD, rhaB, rhaA, rhaD, proA, proB, lacIq","0,0,0,0,0,0,0,0,0,0,1",NA,NA,NA,NA,NA,NA,NA,NA,NA,NA,NA,l-lactate,3,6,3,0,90,NA,NA,NA,NA,1.2E-2,NA,NA,0.12,1.4999999999999999E-2,8,NA,BW25113
47,1,1,1,NO.2,1,180.16,55.506216696269981,6,12,6,0,0,0,0,0,0,0,0,0,0,0,0,1,1,M9,37,3,E.coil JW0885,"lacZ, hsdR, araB, araA, araD, rhaB, rhaA, rhaD, proA, proB, lacIq, pflA","0,0,0,0,0,0,0,0,0,0,1,0",NA,NA,NA,NA,NA,NA,NA,NA,NA,NA,NA,l-lactate,3,6,3,0,90,NA,NA,NA,NA,0.72499999999999998,NA,NA,7.25,0.90600000000000003,8,NA,E.coil JW0885
47,1,1,1,NO.3,1,180.16,55.506216696269981,6,12,6,0,0,0,0,0,0,0,0,0,0,0,0,1,1,M9,37,3,E.coil JW2294,"lacZ, hsdR, araB, araA, araD, rhaB, rhaA, rhaD, proA, proB, lacIq, pta","0,0,0,0,0,0,0,0,0,0,1,0",NA,NA,NA,NA,NA,NA,NA,NA,NA,NA,NA,l-lactate,3,6,3,0,90,NA,NA,NA,NA,0.51300000000000001,NA,NA,5.13,0.64100000000000001,8,NA,E.coil JW2294
47,1,1,1,NO.4,1,180.16,55.506216696269981,6,12,6,0,0,0,0,0,0,0,0,0,0,0,0,1,1,M9,37,3,E.coil JW3928,"lacZ, hsdR, araB, araA, araD, rhaB, rhaA, rhaD, proA, proB, lacIq, ppc","0,0,0,0,0,0,0,0,0,0,1,0",NA,NA,NA,NA,NA,NA,NA,NA,NA,NA,NA,l-lactate,3,6,3,0,90,NA,NA,NA,NA,0.32200000000000001,NA,NA,3.22,0.40300000000000002,8,NA,E.coil JW3928
47,1,1,1,NO.5,1,180.16,55.506216696269981,6,12,6,0,0,0,0,0,0,0,0,0,0,0,0,1,1,M9,37,3,E.coil JW1228,"lacZ, hsdR, araB, araA, araD, rhaB, rhaA, rhaD, proA, proB, lacIq, adhE","0,0,0,0,0,0,0,0,0,0,1,0",NA,NA,NA,NA,NA,NA,NA,NA,NA,NA,NA,l-lactate,3,6,3,0,90,NA,NA,NA,NA,9.7000000000000003E-2,NA,NA,0.97,0.121,8,NA,E.coil JW1228
47,1,1,1,NO.6,1,180.16,55.506216696269981,6,12,6,0,0,0,0,0,0,0,0,0,0,0,0,1,1,M9,37,3,E.coil JW1666,"lacZ, hsdR, araB, araA, araD, rhaB, rhaA, rhaD, proA, proB, lacIq, pykF","0,0,0,0,0,0,0,0,0,0,1,0",NA,NA,NA,NA,NA,NA,NA,NA,NA,NA,NA,l-lactate,3,6,3,0,90,NA,NA,NA,NA,2.1000000000000001E-2,NA,NA,0.21,2.5999999999999999E-2,8,NA,E.coil JW1666
48,1,1,1,no.1,12,150.13,133.21787783920601,5,10,5,0,0,0,0,0,0,0,0,0,0,0,0,1,0.05,M9,30,3,E.coli AI05(pAGI02),"frdB, frdC, ldhA, ackA, focA, pflB, pdhR, aceE, aceF, lpd, adhE, ptsG","0,0,0,0,0,0,0,1,1,1,0,0",xylI,0,1,1,15,0,0,0,0,0,0,xylitol,5,12,5,0,152,xylose,NA,NA,NA,0.23500000000000001,NA,NA,4.7,6.5277777777777782E-2,72,NA,NA
48,1,1,1,no.2,12,150.13,133.21787783920601,5,10,5,0,0,0,0,0,0,0,0,0,0,0,0,1,0.1,M9,30,3,E.coli AI05(pAGI02),"frdB, frdC, ldhA, ackA, focA, pflB, pdhR, aceE, aceF, lpd, adhE, ptsG","0,0,0,0,0,0,0,1,1,1,0,0",xylI,0,1,1,15,0,0,0,0,0,0,xylitol,5,12,5,0,152,xylose,NA,NA,NA,0.36649999999999999,NA,NA,7.33,5.0902777777777776E-2,144,NA,NA
49,1,1,1,no.1,12,150.13,99.913408379404515,5,10,5,0,0,0,0,0,0,0,0,0,0,0,0,1,0.1,M9,30,2,E.coli.AI05,"frdB, frdC, ldhA, ackA, focA, pflB, pdhR, aceE, aceF, lpd, adhE, ptsG","0,0,0,0,0,0,0,1,1,1,0,0",NA,NA,NA,NA,NA,NA,NA,NA,NA,NA,NA,xylitol,5,12,5,0,152,xylose,NA,NA,NA,0.34466666666666668,NA,NA,5.17,3.5902777777777777E-2,144,NA,NA
49,1,1,1,no.2,12,150.13,99.913408379404515,5,10,5,0,0,0,0,0,0,0,0,0,0,0,0,1,0.1,M9,30,2,E.coli.AI09,"frdB, frdC, ldhA, ackA, focA, pflB, pdhR, aceE, aceF, lpd, adhE, ptsG, xylB","0,0,0,0,0,0,0,1,1,1,0,0,0",NA,NA,NA,NA,NA,NA,NA,NA,NA,NA,NA,xylitol,5,12,5,0,152,xylose,NA,NA,NA,0.41533333333333339,NA,NA,6.23,4.3263888888888893E-2,144,NA,NA
49,0,1,1,no.3,12,150.13,99.913408379404515,5,10,5,0,0,0,0,0,0,0,0,0,0,0,0,1,0.1,M9,30,2,E.coli.AI12,"frdB, frdC, ldhA, ackA, focA, pflB, pdhR, aceE, aceF, lpd, adhE, ptsG, xylB","0,0,0,0,0,0,0,1,1,1,0,0,0",NA,NA,NA,NA,NA,NA,NA,NA,NA,NA,NA,xylitol,5,12,5,0,152,xylose,NA,NA,NA,0.61799999999999999,NA,NA,9.27,6.4375000000000002E-2,144,NA,AI12 and AI21 both have promoters switched for sdhCDBA-sucABCD
49,0,1,1,no.4,12,150.13,99.913408379404515,5,10,5,0,0,0,0,0,0,0,0,0,0,0,0,1,0.1,M9,30,2,E.coli.AI21,"frdB, frdC, ldhA, ackA, focA, pflB, pdhR, aceE, aceF, lpd, adhE, ptsG, xylB, xylA","0,0,0,0,0,0,0,1,1,1,0,0,0,0",NA,NA,NA,NA,NA,NA,NA,NA,NA,NA,NA,xylitol,5,12,5,0,152,xylose,NA,NA,NA,0.83333333333333337,NA,NA,12.5,8.6805555555555552E-2,144,NA,NA
49,1,1,1,no.5,12,150.13,133.21787783920601,5,10,5,0,0,0,0,0,0,0,0,0,0,0,0,1,0.05,M9,30,2,E.coli.AI05,"frdB, frdC, ldhA, ackA, focA, pflB, pdhR, aceE, aceF, lpd, adhE, ptsG","0,0,0,0,0,0,0,1,1,1,0,0",NA,NA,NA,NA,NA,NA,NA,NA,NA,NA,NA,xylitol,5,12,5,0,152,xylose,NA,NA,NA,0.21299999999999999,NA,NA,4.26,8.8749999999999996E-2,48,NA,NA
49,1,1,1,no.6,12,150.13,133.21787783920601,5,10,5,0,0,0,0,0,0,0,0,0,0,0,0,1,0.05,M9,30,2,E.coli.AI21,"frdB, frdC, ldhA, ackA, focA, pflB, pdhR, aceE, aceF, lpd, adhE, ptsG, xylB, xylA","0,0,0,0,0,0,0,1,1,1,0,0,0,0",NA,NA,NA,NA,NA,NA,NA,NA,NA,NA,NA,xylitol,5,12,5,0,152,xylose,NA,NA,NA,0.34199999999999997,NA,NA,6.84,0.14249999999999999,48,NA,NA
50,1,1,1,no.1,1,180.16,59.946714031971581,6,12,6,0,0,0,0,0,0,0,0,0,0,0,0,1,0.6,LB,37,1,HL51276k,"rpsL, relA, ptsF, iclR, icd, sdhA, sdhB, ackA, pta, poxB","0,0,0,0,0,0,0,0,0,0",NA,NA,NA,NA,NA,NA,NA,NA,NA,NA,NA,xylitol,5,12,5,0,152,xylose,NA,NA,NA,0.54900000000000004,NA,NA,4.7119999999999997,9.423999999999999E-2,50,NA,NA
50,1,1,1,no.2,1,180.16,59.946714031971581,6,12,6,0,0,0,0,0,0,0,0,0,0,0,0,1,0.6,LB,37,1,HL512769k,"rpsL, relA, ptsF, iclR, icd, sdhA, sdhB, ackA, pta, poxB, ptsG","0,0,0,0,0,0,0,0,0,0,0",NA,NA,NA,NA,NA,NA,NA,NA,NA,NA,NA,xylitol,5,12,5,0,152,xylose,NA,NA,NA,0.73499999999999999,NA,NA,6.84,0.1368,50,NA,NA
50,1,1,1,no.3,1,180.16,59.946714031971581,6,12,6,0,0,0,0,0,0,0,0,0,0,0,0,1,0.6,LB,37,1,HL2765K,"rpsL, relA, ptsF, iclR, sdhA, sdhB, ackA, pta, poxB","0,0,0,0,0,0,0,0,0",NA,NA,NA,NA,NA,NA,NA,NA,NA,NA,NA,xylitol,5,12,5,0,152,xylose,NA,NA,NA,0.56599999999999995,NA,NA,5.9279999999999999,0.11856,50,NA,NA
50,1,1,1,no.4,1,180.16,59.946714031971581,6,12,6,0,0,0,0,0,0,0,0,0,0,0,0,1,0.6,LB,37,1,HL27659k,"rpsL, relA, ptsF, iclR, sdhA, sdhB, ackA, pta, poxB, ptsG","0,0,0,0,0,0,0,0,0,0",NA,NA,NA,NA,NA,NA,NA,NA,NA,NA,NA,xylitol,5,12,5,0,152,xylose,NA,NA,NA,0.65600000000000003,NA,NA,7.4480000000000004,0.14896000000000001,50,NA,NA
50,1,1,1,no.5,1,180.16,59.946714031971581,6,12,6,0,0,0,0,0,0,0,0,0,0,0,0,1,0.6,LB,37,1,HL51276k(pKK313C),"rpsL, relA, ptsF, iclR, icd, sdhA, sdhB, ackA, pta, poxB","0,0,0,0,0,0,0,0,0,0",inactive pepc,0,1,1,NA,1,0,0,0,0,0,xylitol,5,12,5,0,152,xylose,NA,NA,NA,0.51500000000000001,NA,NA,4.4080000000000004,7.3466666666666666E-2,60,NA,enzyme redesign was put as zero because there's no enzymatic activity
50,1,1,1,no.6,1,180.16,59.946714031971581,6,12,6,0,0,0,0,0,0,0,0,0,0,0,0,1,0.6,LB,37,1,HL51276k(pKK313),"rpsL, relA, ptsF, iclR, icd, sdhA, sdhB, ackA, pta, poxB","0,0,0,0,0,0,0,0,0,0",pepc,0,1,1,NA,1,0,0,0,0,0,xylitol,5,12,5,0,152,xylose,NA,NA,NA,0.92,NA,NA,10.336,0.17226666666666668,60,NA,"didn't specify in the paper or the original source whetheter the codon was optimized, but since the gene was from sorghum, I would assume it's codon optimized"
50,1,1,1,no.7,1,180.16,59.946714031971581,6,12,6,0,0,0,0,0,0,0,0,0,0,0,0,1,0.6,LB,37,1,HL512769k(pKK313C),"rpsL, relA, ptsF, iclR, icd, sdhA, sdhB, ackA, pta, poxB, ptsG","0,0,0,0,0,0,0,0,0,0,0",inactive pepc,0,1,1,NA,1,0,0,0,0,0,xylitol,5,12,5,0,152,xylose,NA,NA,NA,0.71799999999999997,NA,NA,7.7519999999999998,0.11074285714285714,70,NA,inactive pepc: or can be put as NA
50,1,1,1,no.8,1,180.16,59.946714031971581,6,12,6,0,0,0,0,0,0,0,0,0,0,0,0,1,0.6,LB,37,1,HL512769k(pKK313),"rpsL, relA, ptsF, iclR, icd, sdhA, sdhB, ackA, pta, poxB, ptsG","0,0,0,0,0,0,0,0,0,0,0",pepc,0,1,1,NA,1,0,0,0,0,0,xylitol,5,12,5,0,152,xylose,NA,NA,NA,0.81100000000000005,NA,NA,8.8160000000000007,0.12594285714285716,70,NA,NA
50,1,1,1,no.9,1,180.16,59.946714031971581,6,12,6,0,0,0,0,0,0,0,0,0,0,0,0,1,0.6,LB,37,1,HL2765k(pKK313C),"rpsL, relA, ptsF, iclR, sdhA, sdhB, ackA, pta, poxB","0,0,0,0,0,0,0,0,0",inactive pepc,0,1,1,NA,1,0,0,0,0,0,xylitol,5,12,5,0,152,xylose,NA,NA,NA,0.6,NA,NA,6.5359999999999996,0.13072,50,NA,NA
50,1,1,1,no.10,1,180.16,59.946714031971581,6,12,6,0,0,0,0,0,0,0,0,0,0,0,0,1,0.6,LB,37,1,HL2765k(pKK313),"rpsL, relA, ptsF, iclR, sdhA, sdhB, ackA, pta, poxB","0,0,0,0,0,0,0,0,0",pepc,0,1,1,NA,1,0,0,0,0,0,xylitol,5,12,5,0,152,xylose,NA,NA,NA,0.63300000000000001,NA,NA,6.992,0.13983999999999999,50,NA,NA
50,1,1,1,no.11,1,180.16,59.946714031971581,6,12,6,0,0,0,0,0,0,0,0,0,0,0,0,1,0.6,LB,37,1,HL27659k(pKK313C),"rpsL, relA, ptsF, iclR, sdhA, sdhB, ackA, pta, poxB, ptsG","0,0,0,0,0,0,0,0,0,0",inactive pepc,0,1,1,NA,1,0,0,0,0,0,xylitol,5,12,5,0,152,xylose,NA,NA,NA,0.625,NA,NA,6.6879999999999997,0.13375999999999999,50,NA,NA
50,1,1,1,no.12,1,180.16,59.946714031971581,6,12,6,0,0,0,0,0,0,0,0,0,0,0,0,1,0.6,LB,37,1,HL27659k(pKK313),"rpsL, relA, ptsF, iclR, sdhA, sdhB, ackA, pta, poxB, ptsG","0,0,0,0,0,0,0,0,0,0",pepc,0,1,1,NA,1,0,0,0,0,0,xylitol,5,12,5,0,152,xylose,NA,NA,NA,0.80200000000000005,NA,NA,8.968,0.17935999999999999,50,NA,NA
51,1,1,1,1,1,180.16,277.53108348134992,6,12,6,0,0,0,0,0,0,0,0,0,0,0,0,1,8,M9,37,3,W3110 (wildtype),"mcrA, mcrB, rrnD, rrnE","0,0,0,0",NA,NA,NA,NA,NA,NA,NA,NA,NA,NA,NA,d-lactate,3,5,3,0,89.07,NA,NA,NA,NA,0.42463587921847246,NA,NA,NA,0.22852639999999999,48,0.60099999999999998,W3110
51,1,1,1,2,1,180.16,277.53108348134992,6,12,6,0,0,0,0,0,0,0,0,0,0,0,0,1,8,M9,37,3,"SZ40 (pflB, frd)","mcrA, mcrB, rrnD, rrnE, focA, pflB, frdB, frdC","0,0,0,0,0,0,0,0",NA,NA,NA,NA,NA,NA,NA,NA,NA,NA,NA,d-lactate,3,5,3,0,89.07,NA,NA,NA,NA,1.056145648312611,NA,NA,NA,0.62869280000000005,192,0.36299999999999999,"SZ40 (pflB, frd)"
51,1,1,1,3,1,180.16,277.53108348134992,6,12,6,0,0,0,0,0,0,0,0,0,0,0,0,1,8,M9,37,3,"SZ58 (pflB, frd, adhE)","mcrA, mcrB, rrnD, rrnE, focA, pflB, frdB, frdC, adhE","0,0,0,0,0,0,0,0,0",NA,NA,NA,NA,NA,NA,NA,NA,NA,NA,NA,d-lactate,3,5,3,0,89.07,NA,NA,NA,NA,1.0343694493783302,NA,NA,NA,0.71696479999999996,144,0.495,"SZ58 (pflB, frd, adhE)"
51,1,1,1,4,1,180.16,277.53108348134992,6,12,6,0,0,0,0,0,0,0,0,0,0,0,0,1,8,M9,37,3,"SZ58 (pflB, frd, adhE; aeration)","mcrA, mcrB, rrnD, rrnE, focA, pflB, frdB, frdC, adhE","0,0,0,0,0,0,0,0,0",NA,NA,NA,NA,NA,NA,NA,NA,NA,NA,NA,d-lactate,3,5,3,0,89.07,NA,NA,NA,NA,1.0017051509769095,NA,NA,NA,1.0592640000000002,24,0.78500000000000003,"SZ58 (pflB, frd, adhE; aeration)"
51,1,1,1,5,1,180.16,277.53108348134992,6,12,6,6,60.05,10,2,3,2,0,0,0,0,0,0,1,8,M9,37,3,"SZ58 (pflB, frd, adhE; 10mM sodium acetate)","mcrA, mcrB, rrnD, rrnE, focA, pflB, frdB, frdC, adhE","0,0,0,0,0,0,0,0,0",NA,NA,NA,NA,NA,NA,NA,NA,NA,NA,NA,d-lactate,3,5,3,0,89.07,NA,NA,NA,NA,1.0343694493783302,NA,NA,NA,0.89350879999999999,72,0.40600000000000003,"SZ58 (pflB, frd, adhE; 10mM sodium acetate)"
51,1,1,1,6,1,180.16,277.53108348134992,6,12,6,0,0,0,0,0,0,0,0,0,0,0,0,1,8,M9,37,1,"SZ63 (pflB, frd, adhE, ackA)","mcrA, mcrB, rrnD, rrnE, focA, pflB, frdB, frdC, adhE, ackA","0,0,0,0,0,0,0,0,0,0",NA,NA,NA,NA,NA,NA,NA,NA,NA,NA,NA,d-lactate,3,5,3,0,89.07,NA,NA,NA,NA,1.0452575488454705,NA,NA,NA,0.5865184,24,0.28399999999999997,"SZ63 (pflB, frd, adhE, ackA)"
52,1,1,1,1,1,180.16,50,6,12,6,0,0,0,0,0,0,0,0,0,0,0,0,1,0.1,LB,37,2,W3110,"mcrA, mcrB, rrnD, rrnE","0,0,0,0",NA,NA,NA,NA,NA,NA,NA,NA,NA,NA,NA,succinate,4,6,4,0,118,NA,NA,NA,NA,NA,NA,NA,0.28205010000000003,NA,24,NA,W3110
52,1,1,1,2,1,180.16,50,6,12,6,0,0,0,0,0,0,0,0,0,0,0,0,1,0.1,LB,37,2,W3110G,"mcrA, mcrB, rrnD, rrnE, ptsG","0,0,0,0,0",NA,NA,NA,NA,NA,NA,NA,NA,NA,NA,NA,succinate,4,6,4,0,118,NA,NA,NA,NA,NA,NA,NA,0.25071120000000002,NA,24,NA,W3110G
52,1,1,1,3,1,180.16,50,6,12,6,0,0,0,0,0,0,0,0,0,0,0,0,1,0.1,LB,37,2,W3110GF,"mcrA, mcrB, rrnD, rrnE, ptsG, pykF","0,0,0,0,0,0",NA,NA,NA,NA,NA,NA,NA,NA,NA,NA,NA,succinate,4,6,4,0,118,NA,NA,NA,NA,NA,NA,NA,0.3284781,NA,24,NA,W3110GF
52,1,1,1,4,1,180.16,50,6,12,6,0,0,0,0,0,0,0,0,0,0,0,0,1,0.1,LB,37,2,W3110GFO,"mcrA, mcrB, rrnD, rrnE, ptsG, pykF, mqo","0,0,0,0,0,0,0",NA,NA,NA,NA,NA,NA,NA,NA,NA,NA,NA,succinate,4,6,4,0,118,NA,NA,NA,NA,NA,NA,NA,0.30990689999999999,NA,24,NA,W3110GFO
52,1,1,1,5,1,180.16,50,6,12,6,0,0,0,0,0,0,0,0,0,0,0,0,1,0.1,LB,37,2,W3110GFH,"mcrA, mcrB, rrnD, rrnE, ptsG, pykF, sdh","0,0,0,0,0,0,0",NA,NA,NA,NA,NA,NA,NA,NA,NA,NA,NA,succinate,4,6,4,0,118,NA,NA,NA,NA,NA,NA,NA,0.29133569999999998,NA,24,NA,W3110GFH
52,1,1,1,6,1,180.16,50,6,12,6,0,0,0,0,0,0,0,0,0,0,0,0,1,0.1,LB,37,2,W3110GFOH,"mcrA, mcrB, rrnD, rrnE, ptsG, pykF, mqo, sdh","0,0,0,0,0,0,0,0",NA,NA,NA,NA,NA,NA,NA,NA,NA,NA,NA,succinate,4,6,4,0,118,NA,NA,NA,NA,NA,NA,NA,0.29946059999999997,NA,24,NA,W3110GFOH
52,1,1,1,7,1,180.16,50,6,12,6,0,0,0,0,0,0,0,0,0,0,0,0,1,0.1,LB,37,2,W3110GFOHE,"mcrA, mcrB, rrnD, rrnE, ptsG, pykF, mqo, sdh, aceB, aceA","0,0,0,0,0,0,0,0,0,0",NA,NA,NA,NA,NA,NA,NA,NA,NA,NA,NA,succinate,4,6,4,0,118,NA,NA,NA,NA,NA,NA,NA,0.2890143,NA,24,NA,W3110GFOHE
52,1,1,1,8,1,180.16,50,6,12,6,0,0,0,0,0,0,0,0,0,0,0,0,1,0.1,LB,37,2,W3110GFA,"mcrA, mcrB, rrnD, rrnE, ptsG, pykF, pykA","0,0,0,0,0,0,0",NA,NA,NA,NA,NA,NA,NA,NA,NA,NA,NA,succinate,4,6,4,0,118,NA,NA,NA,NA,NA,NA,NA,0.94713119999999995,NA,24,NA,W3110GFA
52,1,1,1,9,1,180.16,50,6,12,6,0,0,0,0,0,0,0,0,0,0,0,0,1,0.1,LB,37,2,W3110GFA,"mcrA, mcrB, rrnD, rrnE, ptsG, pykF, pykA","0,0,0,0,0,0,0",NA,NA,NA,NA,NA,NA,NA,NA,NA,NA,NA,succinate,4,6,4,0,118,NA,NA,NA,NA,NA,NA,NA,2.0138145000000001,NA,80,NA,W3110GFA
52,1,1,1,10,1,180.16,50,6,12,6,0,0,0,0,0,0,0,0,0,0,0,0,1,0.1,LB,37,2,W3110GFAP,"mcrA, mcrB, rrnD, rrnE, ptsG, pykF, pykA, pflB","0,0,0,0,0,0,0,0",NA,NA,NA,NA,NA,NA,NA,NA,NA,NA,NA,succinate,4,6,4,0,118,NA,NA,NA,NA,NA,NA,NA,0.98079149999999982,NA,80,NA,W3110GFAP
52,1,1,1,11,1,180.16,50,6,12,6,0,0,0,0,0,0,0,0,0,0,0,0,1,0.1,LB,37,2,W3110GFAPL,"mcrA, mcrB, rrnD, rrnE, ptsG, pykF, pykA, pflB, ldhA","0,0,0,0,0,0,0,0,0",NA,NA,NA,NA,NA,NA,NA,NA,NA,NA,NA,succinate,4,6,4,0,118,NA,NA,NA,NA,NA,NA,NA,4.5267299999999996E-2,NA,80,NA,W3110GFAPL
53,1,1,1,1,1,180.16,111.01243339253998,6,12,6,0,0,0,0,0,0,0,0,0,0,0,0,1,1.5,NBS,37,3,KJ060,"ldhA, ackA, adhE, pflB","0,0,0,0",NA,NA,NA,NA,NA,NA,NA,NA,NA,NA,NA,succinate,4,6,4,0,118,NA,NA,NA,NA,NA,NA,NA,14.740889999999998,NA,48,1.9,KJ006
53,1,1,1,2,1,180.16,111.01243339253998,6,12,6,0,0,0,0,0,0,0,0,0,0,0,0,1,1.5,NBS,37,3,XZ273,"ldhA, ackA, adhE, pflB, fumB","0,0,0,0,0",NA,NA,NA,NA,NA,NA,NA,NA,NA,NA,NA,succinate,4,6,4,0,118,NA,NA,NA,NA,NA,NA,NA,5.4552899999999998,NA,96,0.6,XZ273
53,1,1,1,3,1,180.16,111.01243339253998,6,12,6,0,0,0,0,0,0,0,0,0,0,0,0,1,1.5,NBS,37,3,XZ276,"ldhA, ackA, adhE, pflB, fumB, fumA, fumC","0,0,0,0,0,0,0",NA,NA,NA,NA,NA,NA,NA,NA,NA,NA,NA,succinate,4,6,4,0,118,NA,NA,NA,NA,NA,NA,NA,0.46427999999999997,NA,144,0.47,XZ276
53,1,1,1,4,1,180.16,111.01243339253998,6,12,6,0,0,0,0,0,0,0,0,0,0,0,0,1,1.5,NBS,37,3,XZ276,"ldhA, ackA, adhE, pflB, fumB, fumA, fumC","0,0,0,0,0,0,0",NA,NA,NA,NA,NA,NA,NA,NA,NA,NA,NA,succinate,4,6,4,0,118,NA,NA,NA,NA,NA,NA,NA,6.4999199999999995,NA,216,1.1000000000000001,XZ276
53,1,0,1,5,1,180.16,111.01243339253998,6,12,6,0,0,0,0,0,0,0,0,0,0,0,0,1,1.5,NBS,37,3,XZ277,"ldhA, ackA, adhE, pflB, fumB, fumA, fumC","0,0,0,0,0,0,0",NA,NA,NA,NA,NA,NA,NA,NA,NA,NA,NA,succinate,4,6,4,0,118,NA,NA,NA,NA,NA,NA,NA,8.240969999999999,NA,48,1.07,XZ277
53,1,0,1,6,1,180.16,111.01243339253998,6,12,6,0,0,0,0,0,0,0,0,0,0,0,0,1,1.5,NBS,37,3,XZ278,"ldhA, ackA, adhE, pflB, fumB, fumA, fumC, aspA","0,0,0,0,0,0,0,0",NA,NA,NA,NA,NA,NA,NA,NA,NA,NA,NA,succinate,4,6,4,0,118,NA,NA,NA,NA,NA,NA,NA,9.5177399999999999,NA,48,1.37,XZ278
53,1,0,1,7,1,180.16,111.01243339253998,6,12,6,0,0,0,0,0,0,0,0,0,0,0,0,1,1.5,NBS,37,3,XZ280,"ldhA, ackA, adhE, pflB, fumB, fumA, fumC, aspC","0,0,0,0,0,0,0,0",NA,NA,NA,NA,NA,NA,NA,NA,NA,NA,NA,succinate,4,6,4,0,118,NA,NA,NA,NA,NA,NA,NA,9.0534599999999994,NA,48,1.17,XZ280
53,1,0,1,8,1,180.16,111.01243339253998,6,12,6,0,0,0,0,0,0,0,0,0,0,0,0,1,1.5,NBS,37,3,XZ282,"ldhA, ackA, adhE, pflB, fumB, fumA, fumC, aceA","0,0,0,0,0,0,0,0",NA,NA,NA,NA,NA,NA,NA,NA,NA,NA,NA,succinate,4,6,4,0,118,NA,NA,NA,NA,NA,NA,NA,11.258789999999999,NA,48,1.43,XZ282
53,1,1,1,9,1,180.16,277.53108348134992,6,12,6,6,60.05,10,2,3,2,0,0,0,0,0,0,1,0.3,NBS,37,3,KJ060,"ldhA, ackA, adhE, pflB","0,0,0,0",NA,NA,NA,NA,NA,NA,NA,NA,NA,NA,NA,l-malate,4,4,5,0,132.071,NA,NA,NA,NA,NA,0,NA,0,NA,48,1.9,KJ060
53,1,1,1,10,1,180.16,111.01243339253998,6,12,6,0,0,0,0,0,0,0,0,0,0,0,0,1,1.5,NBS,37,3,XZ372,"ldhA, ackA, adhE, pflB, frdB, frdC","0,0,0,0,0,0",NA,NA,NA,NA,NA,NA,NA,NA,NA,NA,NA,l-malate,4,4,5,0,132.071,NA,NA,NA,NA,NA,0.38852742007104801,NA,5.0186599999999997,NA,144,0.5,XZ372
53,1,1,1,11,1,180.16,277.53108348134992,6,12,6,6,60.05,10,2,3,2,0,0,0,0,0,0,1,0.3,NBS,37,3,KJ073,"ldhA, ackA, adhE, pflB, mgsA, poxB","0,0,0,0,0,0",NA,NA,NA,NA,NA,NA,NA,NA,NA,NA,NA,l-malate,4,4,5,0,132.071,NA,NA,NA,NA,NA,0,NA,3.1696799999999996,NA,48,2.2000000000000002,KJ073
53,1,1,1,12,1,180.16,277.53108348134992,6,12,6,6,60.05,10,2,3,2,0,0,0,0,0,0,1,0.3,NBS,37,3,XZ316,"ldhA, ackA, adhE, pflB, mgsA, poxB, frdB, frdC","0,0,0,0,0,0,0,0",NA,NA,NA,NA,NA,NA,NA,NA,NA,NA,NA,l-malate,4,4,5,0,132.071,NA,NA,NA,NA,NA,0.3225510657193606,NA,9.2448999999999995,NA,144,0.44,XZ316
53,1,1,1,13,1,180.16,277.53108348134992,6,12,6,6,60.05,10,2,3,2,0,0,0,0,0,0,1,0.3,NBS,37,3,XZ347,"ldhA, ackA, adhE, pflB, mgsA, poxB, frdB, frdC, sfcA","0,0,0,0,0,0,0,0,0",NA,NA,NA,NA,NA,NA,NA,NA,NA,NA,NA,l-malate,4,4,5,0,132.071,NA,NA,NA,NA,NA,0.52048012877442273,NA,5.2827999999999999,NA,144,0.53,XZ347
53,1,1,1,14,1,180.16,277.53108348134992,6,12,6,6,60.05,10,2,3,2,0,0,0,0,0,0,1,0.3,NBS,37,3,XZ654,"ldhA, ackA, adhE, pflB, mgsA, poxB, frdB, frdC, sfcA, maeB","0,0,0,0,0,0,0,0,0,0",NA,NA,NA,NA,NA,NA,NA,NA,NA,NA,NA,l-malate,4,4,5,0,132.071,NA,NA,NA,NA,NA,0.65243283747779757,NA,21.52741,NA,144,0.33,XZ654
53,1,1,1,15,1,180.16,277.53108348134992,6,12,6,6,60.05,10,2,3,2,0,0,0,0,0,0,1,0.3,NBS,37,3,XZ658,"ldhA, ackA, adhE, pflB, mgsA, poxB, frdB, frdC, sfcA, maeB, fumB, fumA, fumC","0,0,0,0,0,0,0,0,0,0,0,0,0",NA,NA,NA,NA,NA,NA,NA,NA,NA,NA,NA,l-malate,4,4,5,0,132.071,NA,NA,NA,NA,NA,0.73307060390763767,NA,26.017789999999998,NA,144,0.75,XZ658
53,1,1,1,16,1,180.16,111.01243339253998,6,12,6,5,87.05,57,3,3,3,0,0,0,0,0,0,1,1.5,NBS,37,3,XZ658,"ldhA, ackA, adhE, pflB, mgsA, poxB, frdB, frdC, sfcA, maeB, fumB, fumA, fumC","0,0,0,0,0,0,0,0,0,0,0,0,0",NA,NA,NA,NA,NA,NA,NA,NA,NA,NA,NA,l-malate,4,4,5,0,132.071,NA,NA,NA,NA,NA,0.66709424955595031,NA,14.65977,NA,144,0.85,XZ658
53,1,1,1,17,1,180.16,277.53108348134992,6,12,6,6,60.05,10,2,3,2,0,0,0,0,0,0,1,0.3,NBS,37,3,XW009,"ldhA, ackA, adhE, pflB, mgsA, poxB, frdB, frdC, sfcA, maeB, fumB, fumA, fumC, pykF","0,0,0,0,0,0,0,0,0,0,0,0,0,0",NA,NA,NA,NA,NA,NA,NA,NA,NA,NA,NA,l-malate,4,4,5,0,132.071,NA,NA,NA,NA,NA,0.95299178507992899,NA,11.093879999999999,NA,144,0.46,XW009
53,1,1,1,18,1,180.16,277.53108348134992,6,12,6,6,60.05,10,2,3,2,0,0,0,0,0,0,1,0.3,NBS,37,3,XW036,"ldhA, ackA, adhE, pflB, mgsA, poxB, frdB, frdC, sfcA, maeB, fumB, fumA, fumC, pykA","0,0,0,0,0,0,0,0,0,0,0,0,0,0",NA,NA,NA,NA,NA,NA,NA,NA,NA,NA,NA,l-malate,4,4,5,0,132.071,NA,NA,NA,NA,NA,0.80637766429840152,NA,8.4524799999999995,NA,144,0.42,XW036
53,1,1,1,19,1,180.16,111.01243339253998,6,12,6,0,0,0,0,0,0,0,0,0,0,0,0,1,1.5,NBS,37,3,XW051,"ldhA, ackA, adhE, pflB, mgsA, poxB, frdB, frdC, sfcA, maeB, fumB, fumA, fumC, pck","0,0,0,0,0,0,0,0,0,0,0,0,0,0",NA,NA,NA,NA,NA,NA,NA,NA,NA,NA,NA,l-malate,4,4,5,0,132.071,NA,NA,NA,NA,NA,0.21992118117229129,NA,0.845248,NA,144,0.26,XW051
53,1,0,1,20,1,180.16,111.01243339253998,6,12,6,0,0,0,0,0,0,0,0,0,0,0,0,1,1.2,NBS,37,3,XZ658,"ldhA, ackA, adhE, pflB, mgsA, poxB, frdB, frdC, sfcA, maeB, fumB, fumA, fumC","0,0,0,0,0,0,0,0,0,0,0,0,0",NA,NA,NA,NA,NA,NA,NA,NA,NA,NA,NA,l-malate,4,4,5,0,132.071,NA,NA,NA,NA,NA,1.0409602575488455,NA,33.413709999999995,NA,72,2.5,XZ658
53,1,1,1,1,1,180.16,277.53108348134992,6,12,6,6,60.05,10,2,3,2,0,0,0,0,0,0,1,0.3,NBS,37,2,KJ060,"ldhA, ackA, adhE, pflB","0,0,0,0",NA,NA,NA,NA,NA,NA,NA,NA,NA,NA,NA,l-malate,4,4,5,0,132.071,NA,NA,NA,NA,NA,0,NA,0,NA,2,1.9,NA
53,1,1,1,2,1,180.16,277.53108348134992,6,12,6,6,60.05,10,2,3,2,0,0,0,0,0,0,1,0.3,NBS,37,2,XZ372,"ldhA, ackA, adhE, pflB, frdB, frdC","0,0,0,0,0,0",NA,NA,NA,NA,NA,NA,NA,NA,NA,NA,NA,l-malate,4,4,5,0,132.071,NA,NA,NA,NA,NA,0.38852742007104801,NA,5.0186599999999997,NA,6,0.5,NA
53,1,1,1,3,1,180.16,277.53108348134992,6,12,6,6,60.05,10,2,3,2,0,0,0,0,0,0,1,0.3,NBS,37,2,KJ073,"ldhA, ackA, adhE, pflB, mgsA, poxB","0,0,0,0,0,0",NA,NA,NA,NA,NA,NA,NA,NA,NA,NA,NA,l-malate,4,4,5,0,132.071,NA,NA,NA,NA,NA,0,NA,0,NA,2,2.2000000000000002,NA
53,1,1,1,4,1,180.16,277.53108348134992,6,12,6,6,60.05,10,2,3,2,0,0,0,0,0,0,1,0.3,NBS,37,2,XZ316,"ldhA, ackA, adhE, pflB, mgsA, poxB, frdB, frdC","0,0,0,0,0,0,0,0",NA,NA,NA,NA,NA,NA,NA,NA,NA,NA,NA,l-malate,4,4,5,0,132.071,NA,NA,NA,NA,NA,0.3225510657193606,NA,3.1696799999999996,NA,6,0.44,NA
53,1,1,1,5,1,180.16,277.53108348134992,6,12,6,6,60.05,10,2,3,2,0,0,0,0,0,0,1,0.3,NBS,37,2,XZ347,"ldhA, ackA, adhE, pflB, mgsA, poxB, frdB, frdC, sfcA","0,0,0,0,0,0,0,0,0",NA,NA,NA,NA,NA,NA,NA,NA,NA,NA,NA,l-malate,4,4,5,0,132.071,NA,NA,NA,NA,NA,0.52048012877442273,NA,9.2448999999999995,NA,6,0.53,NA
53,1,1,1,6,1,180.16,277.53108348134992,6,12,6,6,60.05,10,2,3,2,0,0,0,0,0,0,1,0.3,NBS,37,2,XZ654,"ldhA, ackA, adhE, pflB, mgsA, poxB, frdB, frdC, sfcA, maeB","0,0,0,0,0,0,0,0,0,0",NA,NA,NA,NA,NA,NA,NA,NA,NA,NA,NA,l-malate,4,4,5,0,132.071,NA,NA,NA,NA,NA,0.65243283747779757,NA,5.2827999999999999,NA,6,0.33,NA
53,1,1,1,7,1,180.16,277.53108348134992,6,12,6,6,60.05,10,2,3,2,0,0,0,0,0,0,1,0.3,NBS,37,2,XZ658,"ldhA, ackA, adhE, pflB, mgsA, poxB, frdB, frdC, sfcA, maeB, fumB, fumA, fumC","0,0,0,0,0,0,0,0,0,0,0,0,0",NA,NA,NA,NA,NA,NA,NA,NA,NA,NA,NA,l-malate,4,4,5,0,132.071,NA,NA,NA,NA,NA,0.73307060390763767,NA,21.52741,NA,6,0.75,NA
53,1,1,1,8,1,180.16,277.53108348134992,6,12,6,6,60.05,10,2,3,2,5,87.05,57,3,3,3,1,0.3,NBS,37,2,XZ658,"ldhA, ackA, adhE, pflB, mgsA, poxB, frdB, frdC, sfcA, maeB, fumB, fumA, fumC","0,0,0,0,0,0,0,0,0,0,0,0,0",NA,NA,NA,NA,NA,NA,NA,NA,NA,NA,NA,l-malate,4,4,5,0,132.071,NA,NA,NA,NA,NA,0.66709424955595031,NA,26.017789999999998,NA,6,0.85,NA
53,1,1,1,9,1,180.16,277.53108348134992,6,12,6,6,60.05,10,2,3,2,0,0,0,0,0,0,1,0.3,NBS,37,2,XW009,"ldhA, ackA, adhE, pflB, mgsA, poxB, frdB, frdC, sfcA, maeB, fumB, fumA, fumC, pykF","0,0,0,0,0,0,0,0,0,0,0,0,0,0",NA,NA,NA,NA,NA,NA,NA,NA,NA,NA,NA,l-malate,4,4,5,0,132.071,NA,NA,NA,NA,NA,0.95299178507992899,NA,14.65977,NA,6,0.46,NA
53,1,1,1,10,1,180.16,277.53108348134992,6,12,6,6,60.05,10,2,3,2,0,0,0,0,0,0,1,0.3,NBS,37,2,XW036,"ldhA, ackA, adhE, pflB, mgsA, poxB, frdB, frdC, sfcA, maeB, fumB, fumA, fumC, pykA","0,0,0,0,0,0,0,0,0,0,0,0,0,0",NA,NA,NA,NA,NA,NA,NA,NA,NA,NA,NA,l-malate,4,4,5,0,132.071,NA,NA,NA,NA,NA,0.80637766429840152,NA,11.093879999999999,NA,6,0.42,NA
53,1,1,1,11,1,180.16,277.53108348134992,6,12,6,6,60.05,10,2,3,2,0,0,0,0,0,0,1,0.3,NBS,37,2,XW051,"ldhA, ackA, adhE, pflB, mgsA, poxB, frdB, frdC, sfcA, maeB, fumB, fumA, fumC, pck","0,0,0,0,0,0,0,0,0,0,0,0,0,0",NA,NA,NA,NA,NA,NA,NA,NA,NA,NA,NA,l-malate,4,4,5,0,132.071,NA,NA,NA,NA,NA,0.21992118117229129,NA,0.845248,NA,6,0.26,NA
53,1,0,1,12,1,180.16,277.53108348134992,6,12,6,6,60.05,10,2,3,2,0,0,0,0,0,0,1,0.3,NBS,37,2,XZ658,"ldhA, ackA, adhE, pflB, mgsA, poxB, frdB, frdC, sfcA, maeB, fumB, fumA, fumC","0,0,0,0,0,0,0,0,0,0,0,0,0",NA,NA,NA,NA,NA,NA,NA,NA,NA,NA,NA,l-malate,4,4,5,0,132.071,NA,NA,NA,NA,NA,1.0409602575488455,NA,33.413709999999995,NA,3,0.25,NA
54,1,1,1,1,1,180.16,111.01243339253996,6,12,6,0,0,0,0,0,0,0,0,0,0,0,0,1,0.01,TB,37,2,BE1576,"adhE, ldhA, ackA, pta, frdC","0,0,0,0,0","thl, hbd, crt, ter","0,0,0,0","1,1,1,1","1,1,1,1","4,4,4,4","1,1,1,1","0,0,0,0","0,0,0,0","0,0,0,0","0,0,0,0","0,0,0,0",butyrate,4,8,2,0,88,7,NA,NA,NA,5.5769230769230772E-2,NA,NA,1.1153846153846154,4.6474358974358976E-2,24,NA,NA
54,1,1,1,2,1,180.16,111.01243339253996,6,12,6,0,0,0,0,0,0,0,0,0,0,0,0,1,0.01,TB,37,2,BE1869,"adhE, ldhA, ackA, pta, frdC, tesB","0,0,0,0,0,0","thl, hbd, crt, ter","0,0,0,0","1,1,1,1","1,1,1,1","4,4,4,4","1,1,1,1","0,0,0,0","0,0,0,0","0,0,0,0","0,0,0,0","0,0,0,0",butyrate,4,8,2,0,88,7,NA,NA,NA,5.3846153846153842E-2,NA,NA,1.0769230769230769,4.4871794871794872E-2,24,NA,NA
54,1,1,1,3,1,180.16,111.01243339253996,6,12,6,0,0,0,0,0,0,0,0,0,0,0,0,1,0.01,TB,37,2,BE1871,"adhE, ldhA, ackA, pta, frdC, paaI","0,0,0,0,0,0","thl, hbd, crt, ter","0,0,0,0","1,1,1,1","1,1,1,1","4,4,4,4","1,1,1,1","0,0,0,0","0,0,0,0","0,0,0,0","0,0,0,0","0,0,0,0",butyrate,4,8,2,0,88,7,NA,NA,NA,5.8653846153846154E-2,NA,NA,1.1730769230769231,4.8878205128205128E-2,24,NA,NA
54,1,1,1,4,1,180.16,111.01243339253996,6,12,6,0,0,0,0,0,0,0,0,0,0,0,0,1,0.01,TB,37,2,BE1872,"adhE, ldhA, ackA, pta, frdC, yciA","0,0,0,0,0,0","thl, hbd, crt, ter","0,0,0,0","1,1,1,1","1,1,1,1","4,4,4,4","1,1,1,1","0,0,0,0","0,0,0,0","0,0,0,0","0,0,0,0","0,0,0,0",butyrate,4,8,2,0,88,7,NA,NA,NA,2.5961538461538463E-2,NA,NA,0.51923076923076927,2.1634615384615388E-2,24,NA,NA
54,1,1,1,5,1,180.16,111.01243339253996,6,12,6,0,0,0,0,0,0,0,0,0,0,0,0,1,0.01,TB,37,2,BE1873,"adhE, ldhA, ackA, pta, frdC, ybgC","0,0,0,0,0,0","thl, hbd, crt, ter","0,0,0,0","1,1,1,1","1,1,1,1","4,4,4,4","1,1,1,1","0,0,0,0","0,0,0,0","0,0,0,0","0,0,0,0","0,0,0,0",butyrate,4,8,2,0,88,7,NA,NA,NA,6.6346153846153846E-2,NA,NA,1.3269230769230769,5.5288461538461536E-2,24,NA,NA
54,1,1,1,6,1,180.16,111.01243339253996,6,12,6,0,0,0,0,0,0,0,0,0,0,0,0,1,0.01,TB,37,2,BE1576,"adhE, ldhA, ackA, pta, frdC","0,0,0,0,0","thl, hbd, crt, ter","0,0,0,0","1,1,1,1","1,1,1,1","4,4,4,4","1,1,1,1","0,0,0,0","0,0,0,0","0,0,0,0","0,0,0,0","0,0,0,0",hexanoate,9,18,2,0,158,7,NA,NA,NA,3.7499999999999999E-2,NA,NA,0.75,3.125E-2,24,NA,NA
54,1,1,1,7,1,180.16,111.01243339253996,6,12,6,0,0,0,0,0,0,0,0,0,0,0,0,1,0.01,TB,37,2,BE1869,"adhE, ldhA, ackA, pta, frdC, tesB","0,0,0,0,0,0","thl, hbd, crt, ter","0,0,0,0","1,1,1,1","1,1,1,1","4,4,4,4","1,1,1,1","0,0,0,0","0,0,0,0","0,0,0,0","0,0,0,0","0,0,0,0",hexanoate,9,18,2,0,158,7,NA,NA,NA,3.9903846153846158E-2,NA,NA,0.79807692307692313,3.3253205128205128E-2,24,NA,NA
54,1,1,1,8,1,180.16,111.01243339253996,6,12,6,0,0,0,0,0,0,0,0,0,0,0,0,1,0.01,TB,37,2,BE1871,"adhE, ldhA, ackA, pta, frdC, paaI","0,0,0,0,0,0","thl, hbd, crt, ter","0,0,0,0","1,1,1,1","1,1,1,1","4,4,4,4","1,1,1,1","0,0,0,0","0,0,0,0","0,0,0,0","0,0,0,0","0,0,0,0",hexanoate,9,18,2,0,158,7,NA,NA,NA,3.8461538461538464E-2,NA,NA,0.76923076923076927,3.2051282051282055E-2,24,NA,NA
54,1,1,1,9,1,180.16,111.01243339253996,6,12,6,0,0,0,0,0,0,0,0,0,0,0,0,1,0.01,TB,37,2,BE1872,"adhE, ldhA, ackA, pta, frdC, yciA","0,0,0,0,0,0","thl, hbd, crt, ter","0,0,0,0","1,1,1,1","1,1,1,1","4,4,4,4","1,1,1,1","0,0,0,0","0,0,0,0","0,0,0,0","0,0,0,0","0,0,0,0",hexanoate,9,18,2,0,158,7,NA,NA,NA,8.1730769230769232E-2,NA,NA,1.6346153846153846,6.8108974358974353E-2,24,NA,NA
54,1,1,1,10,1,180.16,111.01243339253996,6,12,6,0,0,0,0,0,0,0,0,0,0,0,0,1,0.01,TB,37,2,BE1873,"adhE, ldhA, ackA, pta, frdC, ybgC","0,0,0,0,0,0","thl, hbd, crt, ter","0,0,0,0","1,1,1,1","1,1,1,1","4,4,4,4","1,1,1,1","0,0,0,0","0,0,0,0","0,0,0,0","0,0,0,0","0,0,0,0",hexanoate,9,18,2,0,158,7,NA,NA,NA,5.8653846153846154E-2,NA,NA,1.1730769230769231,4.8878205128205128E-2,24,NA,NA
55,1,1,1,1,1,180.16,111.01243339253996,6,12,6,0,0,0,0,0,0,0,0,0,0,0,0,1,0.01,YE,30,1,"JCL260: pIAA11,13,17","lacZ, hsdR, araB, araA, araD, rhaB, rhaA, rhaD, proA, proB, lacIq, adhE, ldhA, frdB, frdC, fnr, pta, pflB","0,0,0,0,0,0,0,0,0,0,1,0,0,0,0,0,0,0","alsS, ilvC, ilvD, kivd, adh2, leuA, leuB, leuC, leuD","0,0,0,0,0,0,0,0,0","1,1,1,1,1,1,1,1,1","1,0,0,1,1,0,0,0,0","0,0,0,1,1,3,3,3,3","0,0,0,0,0,0,0,0,0","0,0,0,0,0,0,0,0,0","0,0,0,0,0,1,0,0,0","0,0,0,0,0,0,0,0,0","0,0,0,0,0,0,0,0,0","0,0,0,0,0,0,0,0,0",3-Methyl-1-butanol ,5,12,1,0,88,6,10,NA,NA,0.03,NA,NA,0.28599999999999998,1.7874999999999999E-2,16,NA,NA
55,1,1,1,2,1,180.16,111.01243339253996,6,12,6,0,0,0,0,0,0,0,0,0,0,0,0,1,0.01,YE,30,1,"JCL260: pIAA11,13,16","lacZ, hsdR, araB, araA, araD, rhaB, rhaA, rhaD, proA, proB, lacIq, adhE, ldhA, frdB, frdC, fnr, pta, pflB","0,0,0,0,0,0,0,0,0,0,1,0,0,0,0,0,0,0","alsS, ilvC, ilvD, kivd, adh2, leuA, leuB, leuC, leuD","0,0,0,0,0,0,0,0,0","1,1,1,1,1,1,1,1,1","1,0,0,1,1,0,0,0,0","0,0,0,1,1,3,3,3,3","0,0,0,0,0,0,0,0,0","0,0,0,0,0,0,0,0,0","0,0,0,0,0,0,0,0,0","0,0,0,0,0,0,0,0,0","0,0,0,0,0,0,0,0,0","0,0,0,0,0,0,0,0,0",3-Methyl-1-butanol ,5,12,1,0,88,6,10,NA,NA,0.05,NA,NA,0.42499999999999999,2.6562499999999999E-2,16,NA,NA
55,1,1,1,3,1,180.16,111.01243339253996,6,12,6,0,0,0,0,0,0,0,0,0,0,0,0,1,0.01,YE,30,1,"JCL260 delta ilvE tyrB: pIAA11,13,17","lacZ, hsdR, araB, araA, araD, rhaB, rhaA, rhaD, proA, proB, lacIq, adhE, ldhA, frdB, frdC, fnr, pta, pflB","0,0,0,0,0,0,0,0,0,0,1,0,0,0,0,0,0,0","alsS, ilvC, ilvD, kivd, adh2, leuA, leuB, leuC, leuD","0,0,0,0,0,0,0,0,0","1,1,1,1,1,1,1,1,1","1,0,0,1,1,0,0,0,0","0,0,0,1,1,3,3,3,3","0,0,0,0,0,0,0,0,0","0,0,0,0,0,0,0,0,0","0,0,0,0,0,1,0,0,0","0,0,0,0,0,0,0,0,0","0,0,0,0,0,0,0,0,0","0,0,0,0,0,0,0,0,0",3-Methyl-1-butanol ,5,12,1,0,88,6,10,NA,NA,0.06,NA,NA,0.51200000000000001,3.2000000000000001E-2,16,NA,NA
55,1,1,1,4,1,180.16,111.01243339253996,6,12,6,0,0,0,0,0,0,0,0,0,0,0,0,1,0.01,YE,30,1,"JCL260 delta ilvE tyrB: pIAA11,13,16","lacZ, hsdR, araB, araA, araD, rhaB, rhaA, rhaD, proA, proB, lacIq, adhE, ldhA, frdB, frdC, fnr, pta, pflB","0,0,0,0,0,0,0,0,0,0,1,0,0,0,0,0,0,0","alsS, ilvC, ilvD, kivd, adh2, leuA, leuB, leuC, leuD","0,0,0,0,0,0,0,0,0","1,1,1,1,1,1,1,1,1","1,0,0,1,1,0,0,0,0","0,0,0,1,1,3,3,3,3","0,0,0,0,0,0,0,0,0","0,0,0,0,0,0,0,0,0","0,0,0,0,0,0,0,0,0","0,0,0,0,0,0,0,0,0","0,0,0,0,0,0,0,0,0","0,0,0,0,0,0,0,0,0",3-Methyl-1-butanol ,5,12,1,0,88,6,10,NA,NA,0.13,NA,NA,0.80600000000000005,5.0375000000000003E-2,16,NA,NA
55,1,1,1,5,1,180.16,111.01243339253996,6,12,6,0,0,0,0,0,0,0,0,0,0,0,0,1,0.01,YE,30,1,"JCL260 delta ilvE tyrB: pIAA11,13,16","lacZ, hsdR, araB, araA, araD, rhaB, rhaA, rhaD, proA, proB, lacIq, adhE, ldhA, frdB, frdC, fnr, pta, pflB","0,0,0,0,0,0,0,0,0,0,1,0,0,0,0,0,0,0","alsS, ilvC, ilvD, kivd, adh2, leuA, leuB, leuC, leuD","0,0,0,0,0,0,0,0,0","1,1,1,1,1,1,1,1,1","1,0,0,1,1,0,0,0,0","0,0,0,1,1,3,3,3,3","0,0,0,0,0,0,0,0,0","0,0,0,0,0,0,0,0,0","0,0,0,0,0,0,0,0,0","0,0,0,0,0,0,0,0,0","0,0,0,0,0,0,0,0,0","0,0,0,0,0,0,0,0,0",3-Methyl-1-butanol ,5,12,1,0,88,6,10,NA,NA,0.11,NA,NA,1.28,4.5714285714285714E-2,28,NA,NA
56,1,1,1,1,1,180.16,111.01243339253996,6,12,6,0,0,0,0,0,0,0,0,0,0,0,0,1,0.01,LB,37,2,SBS550MG (pHL413+pDHK29),"adhE, ldhA, iclR, ack, pta","0,0,0,0,0",pyc,0,1,1,4,0,0,0,0,0,0,succinate,4,6,4,0,118,8,NA,NA,1.25,1.0423333333333333,NA,NA,18.950799999999997,0.78961666666666652,24,NA,NA
56,1,1,1,2,1,180.16,111.01243339253996,6,12,6,0,0,0,0,0,0,0,0,0,0,0,0,1,0.01,LB,37,2,SBS550MG (pHL413+pHL531),"adhE, ldhA, iclR, ack, pta","0,0,0,0,0","pyc, citZ","0,0","1,1","1,1","4,8","0,0","0,0","0,0","0,0","0,0","0,0",succinate,4,6,4,0,118,8,NA,NA,1.25,1.0554444444444446,NA,NA,19.186799999999998,0.79944999999999988,24,NA,NA
56,1,1,1,3,1,180.16,111.01243339253996,6,12,6,0,0,0,0,0,0,0,0,0,0,0,0,1,0.01,LB,37,2,SBS660MG (pHL413+pDHK29),"adhE, ldhA, iclR, arcA, ack, pta","0,0,0,0,0,0",pyc,0,1,1,4,0,0,0,0,0,0,succinate,4,6,4,0,118,8,NA,NA,1.25,1.1275555555555556,NA,NA,2.8673999999999999,0.119475,24,NA,NA
56,1,1,1,4,1,180.16,111.01243339253996,6,12,6,0,0,0,0,0,0,0,0,0,0,0,0,1,0.01,LB,37,2,SBS660MG (pHL413+pHL531),"adhE, ldhA, iclR, arcA, ack, pta","0,0,0,0,0,0","pyc, citZ","0,0","1,1","1,1","4,8","0,0","0,0","0,0","0,0","0,0","0,0",succinate,4,6,4,0,118,8,NA,NA,1.25,1.1341111111111111,NA,NA,4.13,0.17208333333333334,24,NA,NA
56,1,1,1,5,1,180.16,111.01243339253996,6,12,6,0,0,0,0,0,0,0,0,0,0,0,0,1,0.01,LB,37,2,SBS990MG (pHL413+pDHK29),"adhE, ldhA, ack, pta","0,0,0,0",pyc,0,1,1,4,0,0,0,0,0,0,succinate,4,6,4,0,118,8,NA,NA,1.25,0.98333333333333328,NA,NA,12.460799999999999,0.51919999999999999,24,NA,NA
56,1,1,1,6,1,180.16,111.01243339253996,6,12,6,0,0,0,0,0,0,0,0,0,0,0,0,1,0.01,LB,37,2,SBS990MG (pHL413+pHL531),"adhE, ldhA, ack, pta","0,0,0,0","pyc, citZ","0,0","1,1","1,1","4,8","0,0","0,0","0,0","0,0","0,0","0,0",succinate,4,6,4,0,118,8,NA,NA,1.25,1.0357777777777777,NA,NA,11.516799999999998,0.47986666666666661,24,NA,NA
56,1,1,1,7,1,180.16,111.01243339253996,6,12,6,0,0,0,0,0,0,0,0,0,0,0,0,1,0.6,LB,37,2,SBS550MG (pHL413),"adhE, ldhA, iclR, ack, pta","0,0,0,0,0",pyc,0,1,1,4,0,0,0,0,0,0,succinate,4,6,4,0,118,8,NA,NA,1.25,0.98299999999999998,NA,NA,40,1.18,24,NA,NA
57,1,1,1,1,1,180.16,166.51865008880995,6,12,6,0,0,0,0,0,0,0,0,0,0,0,0,1,5,M9,37,1,TC36,"focA, pflB, frdB, frdC, ldhA, atp, adhE, sucA","0,0,0,0,0,0,0,0",NA,NA,NA,NA,NA,NA,NA,NA,NA,NA,NA,pyruvate,3,4,3,0,88,3,2,NA,NA,0.11176,NA,0.96622478386167132,3.3527999999999998,0.16763999999999998,20,3.47,NA
57,1,1,1,2,1,180.16,166.51865008880995,6,12,6,0,0,0,0,0,0,0,0,0,0,0,0,1,5,M9,37,1,TC38,"focA, pflB, frdB, frdC, ldhA, atp, adhE, sucA, ackA","0,0,0,0,0,0,0,0,0",NA,NA,NA,NA,NA,NA,NA,NA,NA,NA,NA,pyruvate,3,4,3,0,88,3,2,NA,NA,0.57053333333333334,NA,7.7447963800904978,17.116,0.71316666666666662,24,2.21,NA
57,1,1,1,3,1,180.16,166.51865008880995,6,12,6,0,0,0,0,0,0,0,0,0,0,0,0,1,5,M9,37,1,TC38,"focA, pflB, frdB, frdC, ldhA, atp, adhE, sucA, ackA","0,0,0,0,0,0,0,0,0",NA,NA,NA,NA,NA,NA,NA,NA,NA,NA,NA,pyruvate,3,4,3,0,88,3,2,NA,NA,0.70957333333333328,NA,8.8696666666666673,21.287199999999999,0.88696666666666657,24,2.4,NA
57,1,1,1,4,1,180.16,166.51865008880995,6,12,6,0,0,0,0,0,0,0,0,0,0,0,0,1,5,M9,37,1,TC42,"focA, pflB, frdB, frdC, ldhA, atp, adhE, sucA, poxB","0,0,0,0,0,0,0,0,0",NA,NA,NA,NA,NA,NA,NA,NA,NA,NA,NA,pyruvate,3,4,3,0,88,3,2,NA,NA,0.23173333333333332,NA,2.0447058823529414,6.952,0.34760000000000002,20,3.4,NA
57,1,1,1,5,1,180.16,166.51865008880995,6,12,6,0,0,0,0,0,0,0,0,0,0,0,0,1,5,M9,37,1,TC44,"focA, pflB, frdB, frdC, ldhA, atp, adhE, sucA, poxB, ackA","0,0,0,0,0,0,0,0,0,0",NA,NA,NA,NA,NA,NA,NA,NA,NA,NA,NA,pyruvate,3,4,3,0,88,3,2,NA,NA,0.74066666666666658,NA,9.4152542372881349,22.22,1.111,20,2.36,NA
57,1,1,1,6,1,180.16,166.51865008880995,6,12,6,0,0,0,0,0,0,0,0,0,0,0,0,1,5,M9,37,1,TC44,"focA, pflB, frdB, frdC, ldhA, atp, adhE, sucA, poxB, ackA","0,0,0,0,0,0,0,0,0,0",NA,NA,NA,NA,NA,NA,NA,NA,NA,NA,NA,pyruvate,3,4,3,0,88,3,2,NA,NA,0.36725333333333332,NA,5.4542574257425738,11.0176,0.55088000000000004,20,2.02,NA
57,1,1,1,7,1,180.16,166.51865008880995,6,12,6,0,0,0,0,0,0,0,0,0,0,0,0,3,5,M9,37,1,TC44,"focA, pflB, frdB, frdC, ldhA, atp, adhE, sucA, poxB, ackA","0,0,0,0,0,0,0,0,0,0",NA,NA,NA,NA,NA,NA,NA,NA,NA,NA,NA,pyruvate,3,4,3,0,88,3,2,NA,NA,0.7037066666666667,NA,16.054144486692017,42.2224,2.1111200000000001,20,2.63,NA
57,1,1,1,8,1,180.16,333.0373001776199,6,12,6,0,0,0,0,0,0,0,0,0,0,0,0,1,5,M9,37,1,TC44,"focA, pflB, frdB, frdC, ldhA, atp, adhE, sucA, poxB, ackA","0,0,0,0,0,0,0,0,0,0",NA,NA,NA,NA,NA,NA,NA,NA,NA,NA,NA,pyruvate,3,4,3,0,88,3,2,NA,NA,0.86371999999999993,NA,26.575999999999997,51.823199999999993,2.5911599999999995,20,1.95,NA
57,1,1,1,9,1,180.16,166.51865008880995,6,12,6,0,0,0,0,0,0,0,0,0,0,0,0,3,5,M9,37,1,TC44,"focA, pflB, frdB, frdC, ldhA, atp, adhE, sucA, poxB, ackA","0,0,0,0,0,0,0,0,0,0",NA,NA,NA,NA,NA,NA,NA,NA,NA,NA,NA,pyruvate,3,4,3,0,88,3,2,NA,NA,NA,NA,26.259760956175299,65.911999999999992,3.2955999999999994,20,2.5099999999999998,NA
58,1,0,1,1,1,180.16,166.51865008880995,6,12,6,0,0,0,0,0,0,0,0,0,0,0,0,1,10,M9,37,1,SZ47,"focA, pflB, frdB, frdC, ldhA","0,0,0,0,0",NA,NA,NA,NA,NA,NA,NA,NA,NA,NA,NA,acetate,2,4,2,0,60,NA,NA,NA,NA,1.34E-2,NA,6.7924528301886791E-2,0.36,NA,NA,5.3,NA
58,1,0,1,2,1,180.16,166.51865008880995,6,12,6,0,0,0,0,0,0,0,0,0,0,0,0,1,10,M9,37,1,TC24,"focA, pflB, frdB, frdC, ldhA, atpF, atpH","0,0,0,0,0,0,0",NA,NA,NA,NA,NA,NA,NA,NA,NA,NA,NA,acetate,2,4,2,0,60,NA,NA,NA,NA,0.31490000000000001,NA,2.127272727272727,9.36,NA,NA,4.4000000000000004,NA
58,1,0,1,3,1,180.16,166.51865008880995,6,12,6,0,0,0,0,0,0,0,0,0,0,0,0,1,10,M9,37,1,TC36,"focA, pflB, frdB, frdC, ldhA, atpF, atpH, adhE, sucA","0,0,0,0,0,0,0,0,0",NA,NA,NA,NA,NA,NA,NA,NA,NA,NA,NA,acetate,2,4,2,0,60,7,2,NA,NA,0.45560000000000006,NA,3.84,13.44,NA,NA,3.5,NA
58,1,0,1,4,1,180.16,166.51865008880995,6,12,6,0,0,0,0,0,0,0,0,0,0,0,0,1,10,M9,37,1,TC36,"focA, pflB, frdB, frdC, ldhA, atpF, atpH, adhE, sucA","0,0,0,0,0,0,0,0,0",NA,NA,NA,NA,NA,NA,NA,NA,NA,NA,NA,acetate,2,4,2,0,60,7,2,NA,NA,0.38190000000000007,NA,3.5625,11.4,NA,NA,3.2,NA
58,1,0,1,5,1,180.16,166.51865008880995,6,12,6,0,0,0,0,0,0,0,0,0,0,0,0,1,10,M9,37,1,TC36,"focA, pflB, frdB, frdC, ldhA, atpF, atpH, adhE, sucA","0,0,0,0,0,0,0,0,0",NA,NA,NA,NA,NA,NA,NA,NA,NA,NA,NA,acetate,2,4,2,0,60,7,2,NA,NA,0.44220000000000004,NA,5.2799999999999994,13.2,NA,NA,2.5,NA
58,1,0,1,6,1,180.16,166.51865008880995,6,12,6,0,0,0,0,0,0,0,0,0,0,0,0,3,10,M9,37,1,TC36,"focA, pflB, frdB, frdC, ldhA, atpF, atpH, adhE, sucA","0,0,0,0,0,0,0,0,0",NA,NA,NA,NA,NA,NA,NA,NA,NA,NA,NA,acetate,2,4,2,0,60,7,2,NA,NA,0.52260000000000006,NA,8.2578947368421058,31.380000000000003,NA,NA,3.8,NA
58,1,0,1,7,1,180.16,166.51865008880995,6,12,6,0,0,0,0,0,0,0,0,0,0,0,0,3,10,M9,37,1,TC36,"focA, pflB, frdB, frdC, ldhA, atpF, atpH, adhE, sucA","0,0,0,0,0,0,0,0,0",NA,NA,NA,NA,NA,NA,NA,NA,NA,NA,NA,acetate,2,4,2,0,60,7,2,NA,NA,0.57620000000000005,NA,11.440000000000003,34.320000000000007,NA,NA,3,NA
58,1,0,1,8,1,180.16,333.0373001776199,6,12,6,0,0,0,0,0,0,0,0,0,0,0,0,1,10,M9,37,1,TC36,"focA, pflB, frdB, frdC, ldhA, atpF, atpH, adhE, sucA","0,0,0,0,0,0,0,0,0",NA,NA,NA,NA,NA,NA,NA,NA,NA,NA,NA,acetate,2,4,2,0,60,7,2,NA,NA,0.41540000000000005,NA,5.9569377990430628,24.900000000000002,NA,NA,4.18,NA
58,1,0,1,9,1,180.16,333.0373001776199,6,12,6,0,0,0,0,0,0,0,0,0,0,0,0,3,10,M9,37,1,TC36,"focA, pflB, frdB, frdC, ldhA, atpF, atpH, adhE, sucA","0,0,0,0,0,0,0,0,0",NA,NA,NA,NA,NA,NA,NA,NA,NA,NA,NA,acetate,2,4,2,0,60,7,2,NA,NA,0.4824,NA,10.226666666666667,46.02,NA,NA,4.5,NA
58,1,0,1,10,1,180.16,527.30905861456495,6,12,6,0,0,0,0,0,0,0,0,0,0,0,0,3,10,M9,37,1,TC36,"focA, pflB, frdB, frdC, ldhA, atpF, atpH, adhE, sucA","0,0,0,0,0,0,0,0,0",NA,NA,NA,NA,NA,NA,NA,NA,NA,NA,NA,acetate,2,4,2,0,60,7,2,NA,NA,0.50250000000000006,NA,12.848780487804879,52.68,NA,NA,4.0999999999999996,NA
59,1,1,1,1,1,180.16,111.01243339253996,6,12,6,0,0,0,0,0,0,0,0,0,0,0,0,1,0.03,LB,30,2,BA002,"rpoS, rph, pflB, ldhA","0,0,0,0",NA,NA,NA,NA,NA,NA,NA,NA,NA,NA,NA,succinate,4,6,4,0,118,3,4,0,2,0.68260869565217397,NA,3.0192307692307692,1.57,3.2708333333333332E-2,48,0.52,NA
59,1,1,1,2,1,180.16,111.01243339253996,6,12,6,0,0,0,0,0,0,0,0,0,0,0,0,1,0.03,LB,30,2,BA014,"rpoS, rph, pflB, ldhA","0,0,0,0",pncB,0,1,0,4,0,0,0,0,0,0,succinate,4,6,4,0,118,3,4,0,2,0.48117647058823526,NA,2.3641618497109826,4.09,8.520833333333333E-2,48,1.73,NA
59,1,1,1,3,1,180.16,111.01243339253996,6,12,6,0,0,0,0,0,0,0,0,0,0,0,0,1,0.03,LB,30,2,BA015,"rpoS, rph, pflB, ldhA","0,0,0,0",pyc,0,1,1,4,0,0,0,0,0,0,succinate,4,6,4,0,118,3,4,0,2,0.79142857142857148,NA,3.0439560439560438,2.77,5.7708333333333334E-2,48,0.91,NA
59,1,1,1,4,1,180.16,111.01243339253996,6,12,6,0,0,0,0,0,0,0,0,0,0,0,0,1,0.03,LB,30,2,BA016,"rpoS, rph, pflB, ldhA","0,0,0,0","pncB, pyc","0,0","1,1","0,1","4,4","0,0","0,0","0,0","0,0","0,0","0,0",succinate,4,6,4,0,118,3,4,0,2,0.8045714285714286,NA,6.8019323671497594,14.08,0.29333333333333333,48,2.0699999999999998,NA
60,1,1,1,1,1,180.16,11.101243339253998,6,12,6,0,0,0,0,0,0,0,0,0,0,0,0,1,0.25,M9,37,NA,eECOM31,"cydA, cydB, appB, appC, cyoA, cyoB, cyoC, cyoD","0,0,0,0,0,0,0,0",NA,NA,NA,NA,NA,NA,NA,NA,NA,1,NA,l-lactate,3,6,3,0,90,6,1,0,1,0.76,NA,1.2365591397849462,0.23,2.8750000000000001E-2,8,0.186,NA
60,1,1,1,2,1,180.16,11.101243339253998,6,12,6,0,0,0,0,0,0,0,0,0,0,0,0,1,0.25,M9,37,NA,eECOM32,"cydA, cydB, appB, appC, cyoA, cyoB, cyoC, cyoD","0,0,0,0,0,0,0,0",NA,NA,NA,NA,NA,NA,NA,NA,NA,1,NA,l-lactate,3,6,3,0,90,6,1,0,1,0.73,NA,1.2,0.21,2.6249999999999999E-2,8,0.17499999999999999,NA
60,1,1,1,3,1,180.16,11.101243339253998,6,12,6,0,0,0,0,0,0,0,0,0,0,0,0,1,0.25,M9,37,NA,eECOM33,"cydA, cydB, appB, appC, cyoA, cyoB, cyoC, cyoD","0,0,0,0,0,0,0,0",NA,NA,NA,NA,NA,NA,NA,NA,NA,1,NA,l-lactate,3,6,3,0,90,6,1,0,1,0.65,NA,0.79999999999999993,0.16,0.02,8,0.2,NA
61,1,1,1,1,9,,108.5894233901618,,,,0,0,0,0,0,0,0,0,0,,,,1,2,YE,37,1,BL21 DE3 phenylalanine dehydrogenase pET-17b,"ompT, hsdSb, gal, dcm, T7 RNA polymerase","0,0,0,0,1",PheDH,0,1,1,4,0,0,0,0,0,0,l-phenylalanine,9,11,2,1,165.19,NA,NA,NA,NA,0.48,NA,NA,3.8,NA,36,5.5,NA
62,1,1,1,2,9,,54.294711695080899,,,,0,0,0,0,0,0,0,0,0,,,,3,1.5,M9,37,1,FUS4/pF81,"rrnD, rrnE, rph, pheA, tyrA, aroF, lac, aroF, aroB, aroL","0,0,0,0,0,0,0,1,1,1","aroF, pheA, aroB, aroL","0,0,0,0","1,1,1,1","0,0,0,0","3,3,3,3","0,0,0,0","0,0,0,0","0,1,0,0","0,0,0,0","0,0,0,0","0,0,0,0",l-phenylalanine,9,11,2,1,165.19,NA,NA,NA,NA,NA,NA,NA,7.9,0.21,NA,NA,0.27
62,1,1,1,3,9,,54.294711695080899,,,,0,0,0,0,0,0,0,0,0,,,,3,1.5,M9,37,3,FUS4/pF81 (20% O2),"rrnD, rrnE, rph, pheA, tyrA, aroF, lac, aroF, aroB, aroL","0,0,0,0,0,0,0,1,1,1","aroF, pheA, aroB, aroL","0,0,0,0","1,1,1,1","0,0,0,0","3,3,3,3","0,0,0,0","0,0,0,0","0,1,0,0","0,0,0,0","0,0,0,0","0,0,0,0",l-phenylalanine,9,11,2,1,165.19,NA,NA,NA,NA,NA,NA,NA,9.4,0.26,NA,NA,0.26
62,1,1,1,4,1,,NA,,,,0,0,0,0,0,0,0,0,0,,,,3,1.5,M9,37,1,FUS4/pF81 (glucose),"rrnD, rrnE, rph, pheA, tyrA, aroF, lac, aroF, aroB, aroL","0,0,0,0,0,0,0,1,1,1","aroF, pheA, aroB, aroL","0,0,0,0","1,1,1,1","0,0,0,0","3,3,3,3","0,0,0,0","0,0,0,0","0,1,0,0","0,0,0,0","0,0,0,0","0,0,0,0",l-phenylalanine,9,11,2,1,165.19,NA,NA,NA,NA,NA,NA,NA,5.5,0.13,NA,NA,0.49
62,1,1,1,5,9,,54.294711695080899,,,,0,0,0,0,0,0,0,0,0,,,,3,1.5,M9,37,3,"FUS4/pF81 (crude glycerol, 20% O2)","rrnD, rrnE, rph, pheA, tyrA, aroF, lac, aroF, aroB, aroL","0,0,0,0,0,0,0,1,1,1","aroF, pheA, aroB, aroL","0,0,0,0","1,1,1,1","0,0,0,0","3,3,3,3","0,0,0,0","0,0,0,0","0,1,0,0","0,0,0,0","0,0,0,0","0,0,0,0",l-phenylalanine,9,11,2,1,165.19,NA,NA,NA,NA,NA,NA,NA,10,0.22,NA,NA,0.32
62,1,1,1,6,9,,54.294711695080899,,,,0,0,0,0,0,0,0,0,0,,,,3,1.5,M9,37,1,FUS4.5/pF81,"rrnD, rrnE, rph, pheA, tyrA, aroF, lac, aroF, aroB, aroL, gal, tktA","0,0,0,0,0,0,0,1,1,1,0,1","aroF, pheA, aroB, aroL","0,0,0,0","1,1,1,1","0,0,0,0","3,3,3,3","0,0,0,0","0,0,0,0","0,1,0,0","0,0,0,0","0,0,0,0","0,0,0,0",l-phenylalanine,9,11,2,1,165.19,NA,NA,NA,NA,NA,NA,NA,9.6999999999999993,0.23,NA,NA,0.28000000000000003
62,1,1,1,7,9,,54.294711695080899,,,,0,0,0,0,0,0,0,0,0,,,,3,1.5,M9,37,1,FUS4.6/pF81,"rrnD, rrnE, rph, pheA, tyrA, aroF, lac, aroF, aroB, aroL, rbs, glpX","0,0,0,0,0,0,0,1,1,1,0,1","aroF, pheA, aroB, aroL","0,0,0,0","1,1,1,1","0,0,0,0","3,3,3,3","0,0,0,0","0,0,0,0","0,1,0,0","0,0,0,0","0,0,0,0","0,0,0,0",l-phenylalanine,9,11,2,1,165.19,NA,NA,NA,NA,NA,NA,NA,7.3,0.25,NA,NA,0.28999999999999998
62,1,1,1,8,9,,54.294711695080899,,,,0,0,0,0,0,0,0,0,0,,,,3,1.5,M9,37,1,FUS4.7/pF81,"rrnD, rrnE, rph, pheA, tyrA, aroF, lac, aroF, aroB, aroL, rbs, glpX, gal, tktA","0,0,0,0,0,0,0,1,1,1,0,1,0,1","aroF, pheA, aroB, aroL","0,0,0,0","1,1,1,1","0,0,0,0","3,3,3,3","0,0,0,0","0,0,0,0","0,1,0,0","0,0,0,0","0,0,0,0","0,0,0,0",l-phenylalanine,9,11,2,1,165.19,NA,NA,NA,NA,NA,NA,NA,10.1,0.37,NA,NA,0.24
63,1,0,1,1,9,,325.76827017048538,,,,0,0,0,0,0,0,0,0,0,,,,1,NA,YE,37,1,BL21 (DE3) pPheDH,"ompT, hsdSb, gal, dcm, T7 RNA polymerase","0,0,0,0,1",phedh,0,1,1,4,0,0,0,0,0,0,l-phenylalanine,9,11,2,1,165.19,NA,NA,NA,NA,NA,NA,NA,0.22,NA,240,NA,NA
63,1,1,1,2,9,,325.76827017048538,,,,0,0,0,0,0,0,0,0,0,,,,1,NA,YE,37,1,BL21 (DE3) pPheDH,"ompT, hsdSb, gal, dcm, T7 RNA polymerase","0,0,0,0,1",phedh,0,1,1,4,0,0,0,0,0,0,l-phenylalanine,9,11,2,1,165.19,NA,NA,NA,NA,NA,NA,NA,0.23,NA,240,NA,NA
63,1,0,1,3,9,,325.76827017048538,,,,0,0,0,0,0,0,0,0,0,,,,1,NA,YE,37,1,BL21 (DE3) pPY,"ompT, hsdSb, gal, dcm, T7 RNA polymerase","0,0,0,0,1","phedh, yddG","0,0","1,1","1,0","12,12","0,0","0,0","0,0","0,0","0,0","0,0",l-phenylalanine,9,11,2,1,165.19,NA,NA,NA,NA,NA,NA,NA,0.03,NA,240,NA,NA
63,1,1,1,4,9,,325.76827017048538,,,,0,0,0,0,0,0,0,0,0,,,,1,NA,YE,37,1,BL21 (DE3) pPY,"ompT, hsdSb, gal, dcm, T7 RNA polymerase","0,0,0,0,1","phedh, yddG","0,0","1,1","1,0","12,12","0,0","0,0","0,0","0,0","0,0","0,0",l-phenylalanine,9,11,2,1,165.19,NA,NA,NA,NA,NA,NA,NA,0.25,NA,240,NA,NA
63,1,0,1,5,9,,325.76827017048538,,,,0,0,0,0,0,0,0,0,0,,,,1,NA,YE,37,1,BL21 (DE3) pPYF,"ompT, hsdSb, gal, dcm, T7 RNA polymerase","0,0,0,0,1","phedh, yddG, glpF","0,0,0","1,1,1","1,0,0","12,12,12","0,0,0","0,0,0","0,0,0","0,0,0","0,0,0","0,0,0",l-phenylalanine,9,11,2,1,165.19,NA,NA,NA,NA,NA,NA,NA,2.5000000000000001E-2,NA,240,NA,NA
63,1,1,1,6,9,,325.76827017048538,,,,0,0,0,0,0,0,0,0,0,,,,1,NA,YE,37,1,BL21 (DE3) pPYF,"ompT, hsdSb, gal, dcm, T7 RNA polymerase","0,0,0,0,1","phedh, yddG, glpF","0,0,0","1,1,1","1,0,0","12,12,12","0,0,0","0,0,0","0,0,0","0,0,0","0,0,0","0,0,0",l-phenylalanine,9,11,2,1,165.19,NA,NA,NA,NA,NA,NA,NA,0.27,NA,240,NA,NA
63,1,1,1,7,9,,108.5894233901618,,,,0,0,0,0,0,0,0,0,0,,,,1,3.5,YE,37,1,BL21 (DE3) pPYF,"ompT, hsdSb, gal, dcm, T7 RNA polymerase","0,0,0,0,1","phedh, yddG, glpF","0,0,0","1,1,1","1,0,0","12,12,12","0,0,0","0,0,0","0,0,0","0,0,0","0,0,0","0,0,0",l-phenylalanine,9,11,2,1,165.19,NA,NA,NA,NA,NA,NA,NA,0.34,NA,72,NA,NA
64,1,1,1,1,9,,108.5894233901618,,,,0,0,0,0,0,0,0,0,0,,,,1,2,YE,30,1,K12 pTLYCm4  pSNA,NA,NA,"dxs, ipiHP1, crtE, crtB, crtI, mvaE, mvaS, mvaK1, mvaK2, mvaD, idi","0,0,0,0,0,0,0,0,0,0,0","1,1,1,1,1,1,1,1,1,1,1","0,1,1,1,1,1,1,1,1,1,0","4,4,4,4,4,1,1,1,1,1,1","0,0,0,0,0,0,0,0,0,0,0","0,0,0,0,0,0,0,0,0,0,0","0,0,0,0,0,0,0,0,0,0,0","0,0,0,0,0,0,0,0,0,0,0","0,0,0,0,0,0,0,0,0,0,0","0,0,0,0,0,0,0,0,0,0,0",lycopene,40,56,0,0,536.87300000000005,NA,NA,NA,NA,NA,NA,NA,6.9000000000000006E-2,1.8E-3,38,3.6,0.31
64,1,1,1,2,1,,55.506216696269981,,,,0,0,0,0,0,0,0,0,0,,,,1,2,YE,30,1,K12 pTLYCm4  pSNA,NA,NA,"dxs, ipiHP1, crtE, crtB, crtI, mvaE, mvaS, mvaK1, mvaK2, mvaD, idi","0,0,0,0,0,0,0,0,0,0,0","1,1,1,1,1,1,1,1,1,1,1","0,1,1,1,1,1,1,1,1,1,0","4,4,4,4,4,1,1,1,1,1,1","0,0,0,0,0,0,0,0,0,0,0","0,0,0,0,0,0,0,0,0,0,0","0,0,0,0,0,0,0,0,0,0,0","0,0,0,0,0,0,0,0,0,0,0","0,0,0,0,0,0,0,0,0,0,0","0,0,0,0,0,0,0,0,0,0,0",lycopene,40,56,0,0,536.87300000000005,NA,NA,NA,NA,NA,NA,NA,3.3000000000000002E-2,8.9999999999999998E-4,38,4.8,0.47
64,1,1,1,3,17,,55.506216696269981,,,,0,0,0,0,0,0,0,0,0,,,,1,2,YE,30,1,K12 pTLYCm4  pSNA,NA,NA,"dxs, ipiHP1, crtE, crtB, crtI, mvaE, mvaS, mvaK1, mvaK2, mvaD, idi","0,0,0,0,0,0,0,0,0,0,0","1,1,1,1,1,1,1,1,1,1,1","0,1,1,1,1,1,1,1,1,1,0","4,4,4,4,4,1,1,1,1,1,1","0,0,0,0,0,0,0,0,0,0,0","0,0,0,0,0,0,0,0,0,0,0","0,0,0,0,0,0,0,0,0,0,0","0,0,0,0,0,0,0,0,0,0,0","0,0,0,0,0,0,0,0,0,0,0","0,0,0,0,0,0,0,0,0,0,0",lycopene,40,56,0,0,536.87300000000005,NA,NA,NA,NA,NA,NA,NA,2.1999999999999999E-2,5.9999999999999995E-4,38,2.2000000000000002,0.36
64,1,1,1,4,12,,66.60893891960302,,,,0,0,0,0,0,0,0,0,0,,,,1,2,YE,30,1,K12 pTLYCm4  pSNA,NA,NA,"dxs, ipiHP1, crtE, crtB, crtI, mvaE, mvaS, mvaK1, mvaK2, mvaD, idi","0,0,0,0,0,0,0,0,0,0,0","1,1,1,1,1,1,1,1,1,1,1","0,1,1,1,1,1,1,1,1,1,0","4,4,4,4,4,1,1,1,1,1,1","0,0,0,0,0,0,0,0,0,0,0","0,0,0,0,0,0,0,0,0,0,0","0,0,0,0,0,0,0,0,0,0,0","0,0,0,0,0,0,0,0,0,0,0","0,0,0,0,0,0,0,0,0,0,0","0,0,0,0,0,0,0,0,0,0,0",lycopene,40,56,0,0,536.87300000000005,NA,NA,NA,NA,NA,NA,NA,1.0999999999999999E-2,2.9999999999999997E-4,38,2,0.24
64,1,1,1,5,10,,55.506216696269981,,,,0,0,0,0,0,0,0,0,0,,,,1,2,YE,30,1,K12 pTLYCm4  pSNA,NA,NA,"dxs, ipiHP1, crtE, crtB, crtI, mvaE, mvaS, mvaK1, mvaK2, mvaD, idi","0,0,0,0,0,0,0,0,0,0,0","1,1,1,1,1,1,1,1,1,1,1","0,1,1,1,1,1,1,1,1,1,0","4,4,4,4,4,1,1,1,1,1,1","0,0,0,0,0,0,0,0,0,0,0","0,0,0,0,0,0,0,0,0,0,0","0,0,0,0,0,0,0,0,0,0,0","0,0,0,0,0,0,0,0,0,0,0","0,0,0,0,0,0,0,0,0,0,0","0,0,0,0,0,0,0,0,0,0,0",lycopene,40,56,0,0,536.87300000000005,NA,NA,NA,NA,NA,NA,NA,8.9999999999999993E-3,2.0000000000000001E-4,38,4.3,0.25
64,1,1,1,6,19,,55.506216696269981,,,,0,0,0,0,0,0,0,0,0,,,,1,2,YE,30,1,K12 pTLYCm4  pSNA,NA,NA,"dxs, ipiHP1, crtE, crtB, crtI, mvaE, mvaS, mvaK1, mvaK2, mvaD, idi","0,0,0,0,0,0,0,0,0,0,0","1,1,1,1,1,1,1,1,1,1,1","0,1,1,1,1,1,1,1,1,1,0","4,4,4,4,4,1,1,1,1,1,1","0,0,0,0,0,0,0,0,0,0,0","0,0,0,0,0,0,0,0,0,0,0","0,0,0,0,0,0,0,0,0,0,0","0,0,0,0,0,0,0,0,0,0,0","0,0,0,0,0,0,0,0,0,0,0","0,0,0,0,0,0,0,0,0,0,0",lycopene,40,56,0,0,536.87300000000005,NA,NA,NA,NA,NA,NA,NA,0.01,2.9999999999999997E-4,38,3.8,0.25
64,1,1,1,7,9,,108.5894233901618,,,,0,0,0,0,0,0,0,0,0,,,,1,2,YE,30,1,K12 pTLYCm4  pSNA,NA,NA,"dxs, ipiHP1, crtE, crtB, crtI, mvaE, mvaS, mvaK1, mvaK2, mvaD, idi","0,0,0,0,0,0,0,0,0,0,0","1,1,1,1,1,1,1,1,1,1,1","0,1,1,1,1,1,1,1,1,1,0","4,4,4,4,4,1,1,1,1,1,1","0,0,0,0,0,0,0,0,0,0,0","0,0,0,0,0,0,0,0,0,0,0","0,0,0,0,0,0,0,0,0,0,0","0,0,0,0,0,0,0,0,0,0,0","0,0,0,0,0,0,0,0,0,0,0","0,0,0,0,0,0,0,0,0,0,0",lycopene,40,56,0,0,536.87300000000005,NA,NA,NA,NA,NA,NA,NA,6.9000000000000006E-2,1.8E-3,38,3.6,0.31
64,1,1,1,8,9,,108.5894233901618,,,,1,,27.75310834813499,,,,0,0,0,,,,1,2,YE,30,1,K12 pTLYCm4  pSNA,NA,NA,"dxs, ipiHP1, crtE, crtB, crtI, mvaE, mvaS, mvaK1, mvaK2, mvaD, idi","0,0,0,0,0,0,0,0,0,0,0","1,1,1,1,1,1,1,1,1,1,1","0,1,1,1,1,1,1,1,1,1,0","4,4,4,4,4,1,1,1,1,1,1","0,0,0,0,0,0,0,0,0,0,0","0,0,0,0,0,0,0,0,0,0,0","0,0,0,0,0,0,0,0,0,0,0","0,0,0,0,0,0,0,0,0,0,0","0,0,0,0,0,0,0,0,0,0,0","0,0,0,0,0,0,0,0,0,0,0",lycopene,40,56,0,0,536.87300000000005,NA,NA,NA,NA,NA,NA,NA,7.1999999999999995E-2,3.5999999999999999E-3,20,7.5,0.47
64,1,1,1,9,9,,108.5894233901618,,,,17,,33.30446945980151,,,,0,0,0,,,,1,2,YE,30,1,K12 pTLYCm4  pSNA,NA,NA,"dxs, ipiHP1, crtE, crtB, crtI, mvaE, mvaS, mvaK1, mvaK2, mvaD, idi","0,0,0,0,0,0,0,0,0,0,0","1,1,1,1,1,1,1,1,1,1,1","0,1,1,1,1,1,1,1,1,1,0","4,4,4,4,4,1,1,1,1,1,1","0,0,0,0,0,0,0,0,0,0,0","0,0,0,0,0,0,0,0,0,0,0","0,0,0,0,0,0,0,0,0,0,0","0,0,0,0,0,0,0,0,0,0,0","0,0,0,0,0,0,0,0,0,0,0","0,0,0,0,0,0,0,0,0,0,0",lycopene,40,56,0,0,536.87300000000005,NA,NA,NA,NA,NA,NA,NA,0.12,3.3E-3,36,5.0999999999999996,0.37
64,1,1,1,10,9,,108.5894233901618,,,,12,,33.30446945980151,,,,0,0,0,,,,1,2,YE,30,1,K12 pTLYCm4  pSNA,NA,NA,"dxs, ipiHP1, crtE, crtB, crtI, mvaE, mvaS, mvaK1, mvaK2, mvaD, idi","0,0,0,0,0,0,0,0,0,0,0","1,1,1,1,1,1,1,1,1,1,1","0,1,1,1,1,1,1,1,1,1,0","4,4,4,4,4,1,1,1,1,1,1","0,0,0,0,0,0,0,0,0,0,0","0,0,0,0,0,0,0,0,0,0,0","0,0,0,0,0,0,0,0,0,0,0","0,0,0,0,0,0,0,0,0,0,0","0,0,0,0,0,0,0,0,0,0,0","0,0,0,0,0,0,0,0,0,0,0",lycopene,40,56,0,0,536.87300000000005,NA,NA,NA,NA,NA,NA,NA,3.3000000000000002E-2,1.1000000000000001E-3,30,4.5,0.24
64,1,1,1,11,9,,108.5894233901618,,,,10,,27.75310834813499,,,,0,0,0,,,,1,2,YE,30,1,K12 pTLYCm4  pSNA,NA,NA,"dxs, ipiHP1, crtE, crtB, crtI, mvaE, mvaS, mvaK1, mvaK2, mvaD, idi","0,0,0,0,0,0,0,0,0,0,0","1,1,1,1,1,1,1,1,1,1,1","0,1,1,1,1,1,1,1,1,1,0","4,4,4,4,4,1,1,1,1,1,1","0,0,0,0,0,0,0,0,0,0,0","0,0,0,0,0,0,0,0,0,0,0","0,0,0,0,0,0,0,0,0,0,0","0,0,0,0,0,0,0,0,0,0,0","0,0,0,0,0,0,0,0,0,0,0","0,0,0,0,0,0,0,0,0,0,0",lycopene,40,56,0,0,536.87300000000005,NA,NA,NA,NA,NA,NA,NA,1.9E-2,5.9999999999999995E-4,30,3.9,0.25
64,1,1,1,12,9,,108.5894233901618,,,,19,,27.75310834813499,,,,0,0,0,,,,1,2,YE,30,1,K12 pTLYCm4  pSNA,NA,NA,"dxs, ipiHP1, crtE, crtB, crtI, mvaE, mvaS, mvaK1, mvaK2, mvaD, idi","0,0,0,0,0,0,0,0,0,0,0","1,1,1,1,1,1,1,1,1,1,1","0,1,1,1,1,1,1,1,1,1,0","4,4,4,4,4,1,1,1,1,1,1","0,0,0,0,0,0,0,0,0,0,0","0,0,0,0,0,0,0,0,0,0,0","0,0,0,0,0,0,0,0,0,0,0","0,0,0,0,0,0,0,0,0,0,0","0,0,0,0,0,0,0,0,0,0,0","0,0,0,0,0,0,0,0,0,0,0",lycopene,40,56,0,0,536.87300000000005,NA,NA,NA,NA,NA,NA,NA,2.7E-2,8.9999999999999998E-4,30,4.2,0.25
64,1,1,1,13,10,,108.5894233901618,,,,0,0,0,0,0,0,0,0,0,,,,3,2,YE,30,1,K12 pTLYCm4  pSNA,NA,NA,"dxs, ipiHP1, crtE, crtB, crtI, mvaE, mvaS, mvaK1, mvaK2, mvaD, idi","0,0,0,0,0,0,0,0,0,0,0","1,1,1,1,1,1,1,1,1,1,1","0,1,1,1,1,1,1,1,1,1,0","4,4,4,4,4,1,1,1,1,1,1","0,0,0,0,0,0,0,0,0,0,0","0,0,0,0,0,0,0,0,0,0,0","0,0,0,0,0,0,0,0,0,0,0","0,0,0,0,0,0,0,0,0,0,0","0,0,0,0,0,0,0,0,0,0,0","0,0,0,0,0,0,0,0,0,0,0",lycopene,40,56,0,0,536.87300000000005,NA,NA,NA,NA,NA,NA,NA,0.191,3.3999999999999998E-3,57,11,NA
64,1,1,1,14,11,,108.5894233901618,,,,1,,27.75310834813499,,,,0,0,0,,,,3,2,YE,30,1,K12 pTLYCm4  pSNA,NA,NA,"dxs, ipiHP1, crtE, crtB, crtI, mvaE, mvaS, mvaK1, mvaK2, mvaD, idi","0,0,0,0,0,0,0,0,0,0,0","1,1,1,1,1,1,1,1,1,1,1","0,1,1,1,1,1,1,1,1,1,0","4,4,4,4,4,1,1,1,1,1,1","0,0,0,0,0,0,0,0,0,0,0","0,0,0,0,0,0,0,0,0,0,0","0,0,0,0,0,0,0,0,0,0,0","0,0,0,0,0,0,0,0,0,0,0","0,0,0,0,0,0,0,0,0,0,0","0,0,0,0,0,0,0,0,0,0,0",lycopene,40,56,0,0,536.87300000000005,NA,NA,NA,NA,NA,NA,NA,0.35,1.5900000000000001E-2,22,35,NA
64,1,1,1,15,12,,108.5894233901618,,,,1,,55.506216696269981,,,,0,0,0,,,,3,2,YE,30,1,K12 pTLYCm4  pSNA,NA,NA,"dxs, ipiHP1, crtE, crtB, crtI, mvaE, mvaS, mvaK1, mvaK2, mvaD, idi","0,0,0,0,0,0,0,0,0,0,0","1,1,1,1,1,1,1,1,1,1,1","0,1,1,1,1,1,1,1,1,1,0","4,4,4,4,4,1,1,1,1,1,1","0,0,0,0,0,0,0,0,0,0,0","0,0,0,0,0,0,0,0,0,0,0","0,0,0,0,0,0,0,0,0,0,0","0,0,0,0,0,0,0,0,0,0,0","0,0,0,0,0,0,0,0,0,0,0","0,0,0,0,0,0,0,0,0,0,0",lycopene,40,56,0,0,536.87300000000005,NA,NA,NA,NA,NA,NA,NA,0.59499999999999997,1.8600000000000002E-2,32,41,NA
64,1,1,1,16,13,,108.5894233901618,,,,1,,83.259325044404974,,,,0,0,0,,,,3,2,YE,30,1,K12 pTLYCm4  pSNA,NA,NA,"dxs, ipiHP1, crtE, crtB, crtI, mvaE, mvaS, mvaK1, mvaK2, mvaD, idi","0,0,0,0,0,0,0,0,0,0,0","1,1,1,1,1,1,1,1,1,1,1","0,1,1,1,1,1,1,1,1,1,0","4,4,4,4,4,1,1,1,1,1,1","0,0,0,0,0,0,0,0,0,0,0","0,0,0,0,0,0,0,0,0,0,0","0,0,0,0,0,0,0,0,0,0,0","0,0,0,0,0,0,0,0,0,0,0","0,0,0,0,0,0,0,0,0,0,0","0,0,0,0,0,0,0,0,0,0,0",lycopene,40,56,0,0,536.87300000000005,NA,NA,NA,NA,NA,NA,NA,0.55500000000000005,1.7299999999999999E-2,32,39,NA
64,1,1,1,17,14,,108.5894233901618,,,,1,,111.01243339253996,,,,0,0,0,,,,3,2,YE,30,1,K12 pTLYCm4  pSNA,NA,NA,"dxs, ipiHP1, crtE, crtB, crtI, mvaE, mvaS, mvaK1, mvaK2, mvaD, idi","0,0,0,0,0,0,0,0,0,0,0","1,1,1,1,1,1,1,1,1,1,1","0,1,1,1,1,1,1,1,1,1,0","4,4,4,4,4,1,1,1,1,1,1","0,0,0,0,0,0,0,0,0,0,0","0,0,0,0,0,0,0,0,0,0,0","0,0,0,0,0,0,0,0,0,0,0","0,0,0,0,0,0,0,0,0,0,0","0,0,0,0,0,0,0,0,0,0,0","0,0,0,0,0,0,0,0,0,0,0",lycopene,40,56,0,0,536.87300000000005,NA,NA,NA,NA,NA,NA,NA,0.48399999999999999,1.5099999999999999E-2,32,36,NA
64,1,1,1,18,15,,108.5894233901618,,,,0,0,0,0,0,0,0,0,0,,,,3,2,YE,30,1,K12 pTLYCm4  pSNA,NA,NA,"dxs, ipiHP1, crtE, crtB, crtI, mvaE, mvaS, mvaK1, mvaK2, mvaD, idi","0,0,0,0,0,0,0,0,0,0,0","1,1,1,1,1,1,1,1,1,1,1","0,1,1,1,1,1,1,1,1,1,0","4,4,4,4,4,1,1,1,1,1,1","0,0,0,0,0,0,0,0,0,0,0","0,0,0,0,0,0,0,0,0,0,0","0,0,0,0,0,0,0,0,0,0,0","0,0,0,0,0,0,0,0,0,0,0","0,0,0,0,0,0,0,0,0,0,0","0,0,0,0,0,0,0,0,0,0,0",lycopene,40,56,0,0,536.87300000000005,NA,NA,NA,NA,NA,NA,NA,0.191,3.3999999999999998E-3,57,11,NA
64,1,1,1,19,16,,108.5894233901618,,,,17,,16.652234729900755,,,,0,0,0,,,,3,2,YE,30,1,K12 pTLYCm4  pSNA,NA,NA,"dxs, ipiHP1, crtE, crtB, crtI, mvaE, mvaS, mvaK1, mvaK2, mvaD, idi","0,0,0,0,0,0,0,0,0,0,0","1,1,1,1,1,1,1,1,1,1,1","0,1,1,1,1,1,1,1,1,1,0","4,4,4,4,4,1,1,1,1,1,1","0,0,0,0,0,0,0,0,0,0,0","0,0,0,0,0,0,0,0,0,0,0","0,0,0,0,0,0,0,0,0,0,0","0,0,0,0,0,0,0,0,0,0,0","0,0,0,0,0,0,0,0,0,0,0","0,0,0,0,0,0,0,0,0,0,0",lycopene,40,56,0,0,536.87300000000005,NA,NA,NA,NA,NA,NA,NA,0.21299999999999999,4.4000000000000003E-3,48,12,NA
64,1,1,1,20,17,,108.5894233901618,,,,17,,33.30446945980151,,,,0,0,0,,,,3,2,YE,30,1,K12 pTLYCm4  pSNA,NA,NA,"dxs, ipiHP1, crtE, crtB, crtI, mvaE, mvaS, mvaK1, mvaK2, mvaD, idi","0,0,0,0,0,0,0,0,0,0,0","1,1,1,1,1,1,1,1,1,1,1","0,1,1,1,1,1,1,1,1,1,0","4,4,4,4,4,1,1,1,1,1,1","0,0,0,0,0,0,0,0,0,0,0","0,0,0,0,0,0,0,0,0,0,0","0,0,0,0,0,0,0,0,0,0,0","0,0,0,0,0,0,0,0,0,0,0","0,0,0,0,0,0,0,0,0,0,0","0,0,0,0,0,0,0,0,0,0,0",lycopene,40,56,0,0,536.87300000000005,NA,NA,NA,NA,NA,NA,NA,0.55900000000000005,1.1599999999999999E-2,48,30,NA
64,1,1,1,21,18,,108.5894233901618,,,,17,,49.956704189702258,,,,0,0,0,,,,3,2,YE,30,1,K12 pTLYCm4  pSNA,NA,NA,"dxs, ipiHP1, crtE, crtB, crtI, mvaE, mvaS, mvaK1, mvaK2, mvaD, idi","0,0,0,0,0,0,0,0,0,0,0","1,1,1,1,1,1,1,1,1,1,1","0,1,1,1,1,1,1,1,1,1,0","4,4,4,4,4,1,1,1,1,1,1","0,0,0,0,0,0,0,0,0,0,0","0,0,0,0,0,0,0,0,0,0,0","0,0,0,0,0,0,0,0,0,0,0","0,0,0,0,0,0,0,0,0,0,0","0,0,0,0,0,0,0,0,0,0,0","0,0,0,0,0,0,0,0,0,0,0",lycopene,40,56,0,0,536.87300000000005,NA,NA,NA,NA,NA,NA,NA,0.79100000000000004,2.1399999999999999E-2,37,33,NA
64,1,1,1,22,19,,108.5894233901618,,,,17,,66.60893891960302,,,,0,0,0,,,,3,2,YE,30,1,K12 pTLYCm4  pSNA,NA,NA,"dxs, ipiHP1, crtE, crtB, crtI, mvaE, mvaS, mvaK1, mvaK2, mvaD, idi","0,0,0,0,0,0,0,0,0,0,0","1,1,1,1,1,1,1,1,1,1,1","0,1,1,1,1,1,1,1,1,1,0","4,4,4,4,4,1,1,1,1,1,1","0,0,0,0,0,0,0,0,0,0,0","0,0,0,0,0,0,0,0,0,0,0","0,0,0,0,0,0,0,0,0,0,0","0,0,0,0,0,0,0,0,0,0,0","0,0,0,0,0,0,0,0,0,0,0","0,0,0,0,0,0,0,0,0,0,0",lycopene,40,56,0,0,536.87300000000005,NA,NA,NA,NA,NA,NA,NA,0.58799999999999997,1.5900000000000001E-2,37,36,NA
65,1,1,1,1,NA,NA,NA,,,,0,0,0,0,0,0,0,0,0,,,,1,5.0000000000000001E-3,YE,37,1,pAC-LYC04,"lacZ, lacY, lacA, argF, deoR, recA, endA, hsdR, phoA, thi, gyrA, relA, supE","0,0,0,0,0,0,0,0,0,0,0,0,0","crtE, crtB, crtI, ipi","0,0,0,0","1,1,1,1","1,1,1,1","1,1,1,1","0,0,0,0","0,0,0,0","0,0,0,0","0,0,0,0","0,0,0,0","0,0,0,0",lycopene,40,56,0,0,536.87300000000005,NA,NA,NA,NA,NA,NA,NA,3.4299999999999999E-3,NA,24,NA,NA
65,1,1,1,2,NA,NA,NA,,,,0,0,0,0,0,0,0,0,0,,,,1,5.0000000000000001E-3,YE,37,1,pAC-LYC04/pTrc99A,"lacZ, lacY, lacA, argF, deoR, recA, endA, hsdR, phoA, thi, gyrA, relA, supE","0,0,0,0,0,0,0,0,0,0,0,0,0","crtE, crtB, crtI, ipi","0,0,0,0","1,1,1,1","1,1,1,1","1,1,1,1","0,0,0,0","0,0,0,0","0,0,0,0","0,0,0,0","0,0,0,0","0,0,0,0",lycopene,40,56,0,0,536.87300000000005,NA,NA,NA,NA,NA,NA,NA,3.13E-3,NA,24,NA,NA
65,1,1,1,3,NA,NA,NA,,,,0,0,0,0,0,0,0,0,0,,,,1,5.0000000000000001E-3,YE,37,1,pAC-LYC04/pTdxs,"lacZ, lacY, lacA, argF, deoR, recA, endA, hsdR, phoA, thi, gyrA, relA, supE","0,0,0,0,0,0,0,0,0,0,0,0,0","crtE, crtB, crtI, ipi, dxs","0,0,0,0,0","1,1,1,1,1","1,1,1,1,0","1,1,1,1,4","0,0,0,0,0","0,0,0,0,0","0,0,0,0,0","0,0,0,0,0","0,0,0,0,0","0,0,0,0,0",lycopene,40,56,0,0,536.87300000000005,NA,NA,NA,NA,NA,NA,NA,6.62E-3,NA,24,NA,NA
65,1,1,1,4,NA,NA,NA,,,,0,0,0,0,0,0,0,0,0,,,,1,5.0000000000000001E-3,YE,37,1,pAC-LYC04/pBluescript,"lacZ, lacY, lacA, argF, deoR, recA, endA, hsdR, phoA, thi, gyrA, relA, supE","0,0,0,0,0,0,0,0,0,0,0,0,0","crtE, crtB, crtI, ipi","0,0,0,0","1,1,1,1","1,1,1,1","1,1,1,1","0,0,0,0","0,0,0,0","0,0,0,0","0,0,0,0","0,0,0,0","0,0,0,0",lycopene,40,56,0,0,536.87300000000005,NA,NA,NA,NA,NA,NA,NA,1.49E-3,NA,24,NA,NA
65,1,1,1,5,NA,NA,NA,,,,0,0,0,0,0,0,0,0,0,,,,1,5.0000000000000001E-3,YE,37,1,pAC-LYC04/pBdx,"lacZ, lacY, lacA, argF, deoR, recA, endA, hsdR, phoA, thi, gyrA, relA, supE","0,0,0,0,0,0,0,0,0,0,0,0,0","crtE, crtB, crtI, ipi, dxs","0,0,0,0,0","1,1,1,1,1","1,1,1,1,0","1,1,1,1,3","0,0,0,0,0","0,0,0,0,0","0,0,0,0,0","0,0,0,0,0","0,0,0,0,0","0,0,0,0,0",lycopene,40,56,0,0,536.87300000000005,NA,NA,NA,NA,NA,NA,NA,5.3200000000000001E-3,NA,24,NA,NA
65,1,1,1,6,NA,NA,NA,,,,17,,13.3,,,,0,0,0,,,,1,5.0000000000000001E-3,YE,37,1,pAC-LYC04/pBAD,"lacZ, lacY, lacA, argF, deoR, recA, endA, hsdR, phoA, thi, gyrA, relA, supE","0,0,0,0,0,0,0,0,0,0,0,0,0","crtE, crtB, crtI, ipi","0,0,0,0","1,1,1,1","1,1,1,1","1,1,1,1","0,0,0,0","0,0,0,0","0,0,0,0","0,0,0,0","0,0,0,0","0,0,0,0",lycopene,40,56,0,0,536.87300000000005,NA,NA,NA,NA,NA,NA,NA,2.99E-3,NA,24,NA,NA
65,1,1,1,7,NA,NA,NA,,,,17,,13.3,,,,0,0,0,,,,1,5.0000000000000001E-3,YE,37,1,pAC-LYC04/pDdxs,"lacZ, lacY, lacA, argF, deoR, recA, endA, hsdR, phoA, thi, gyrA, relA, supE","0,0,0,0,0,0,0,0,0,0,0,0,0","crtE, crtB, crtI, ipi, dxs","0,0,0,0,0","1,1,1,1,1","1,1,1,1,0","1,1,1,1,3","0,0,0,0,0","0,0,0,0,0","0,0,0,0,0","0,0,0,0,0","0,0,0,0,0","0,0,0,0,0",lycopene,40,56,0,0,536.87300000000005,NA,NA,NA,NA,NA,NA,NA,1.2E-2,NA,24,NA,NA
66,1,0,1,1,9,,369.2040395265501,,,,0,0,0,0,0,0,0,0,0,,,,1,2,YE,37,3,BL21 DE3 pLysS pCF1 pKP2,"ompT, gal, dcm, lon, hsdSb, lacI, ind, sam, nin, malB","0,0,0,0,0,0,0,0,0,0","dhaB, dhaC, dhaE, dhaF, dhaG, dhaT","0,0,0,0,0,0","1,1,1,1,1,1","1,1,1,1,1,1","4,4,4,4,4,4","0,0,0,0,0,0","0,0,0,0,0,0","0,0,0,0,0,0","0,0,0,0,0,0","0,0,0,0,0,0","0,0,0,0,0,0",13PDO,3,8,2,0,76.09,NA,NA,NA,NA,NA,NA,NA,0.90200000000000002,NA,12,NA,NA
66,1,0,1,2,9,,369.2040395265501,,,,0,0,0,0,0,0,0,0,0,,,,1,2,YE,37,3,BL21 DE3 pLysS pCF1 pKP2,"ompT, gal, dcm, lon, hsdSb, lacI, ind, sam, nin, malB","0,0,0,0,0,0,0,0,0,0","dhaB, dhaC, dhaE, dhaF, dhaG, dhaT","0,0,0,0,0,0","1,1,1,1,1,1","1,1,1,1,1,1","4,4,4,4,4,4","0,0,0,0,0,0","0,0,0,0,0,0","0,0,0,0,0,0","0,0,0,0,0,0","0,0,0,0,0,0","0,0,0,0,0,0",13PDO,3,8,2,0,76.09,NA,NA,NA,NA,NA,NA,NA,3.6909999999999998,NA,24,NA,NA
66,1,0,1,3,9,,369.2040395265501,,,,0,0,0,0,0,0,0,0,0,,,,1,2,YE,37,3,BL21 DE3 pLysS pCF1 pKP2,"ompT, gal, dcm, lon, hsdSb, lacI, ind, sam, nin, malB","0,0,0,0,0,0,0,0,0,0","dhaB, dhaC, dhaE, dhaF, dhaG, dhaT","0,0,0,0,0,0","1,1,1,1,1,1","1,1,1,1,1,1","4,4,4,4,4,4","0,0,0,0,0,0","0,0,0,0,0,0","0,0,0,0,0,0","0,0,0,0,0,0","0,0,0,0,0,0","0,0,0,0,0,0",13PDO,3,8,2,0,76.09,NA,NA,NA,NA,NA,NA,NA,6.2839999999999998,NA,36,NA,NA
66,1,0,1,4,9,,369.2040395265501,,,,0,0,0,0,0,0,0,0,0,,,,1,2,YE,37,3,BL21 DE3 pLysS pCF1 pKP2,"ompT, gal, dcm, lon, hsdSb, lacI, ind, sam, nin, malB","0,0,0,0,0,0,0,0,0,0","dhaB, dhaC, dhaE, dhaF, dhaG, dhaT","0,0,0,0,0,0","1,1,1,1,1,1","1,1,1,1,1,1","4,4,4,4,4,4","0,0,0,0,0,0","0,0,0,0,0,0","0,0,0,0,0,0","0,0,0,0,0,0","0,0,0,0,0,0","0,0,0,0,0,0",13PDO,3,8,2,0,76.09,NA,NA,NA,NA,NA,NA,NA,9.0079999999999991,NA,48,NA,NA
66,1,0,1,5,9,,369.2040395265501,,,,0,0,0,0,0,0,0,0,0,,,,1,2,YE,37,3,BL21 DE3 pLysS pCF1 pKP2,"ompT, gal, dcm, lon, hsdSb, lacI, ind, sam, nin, malB","0,0,0,0,0,0,0,0,0,0","dhaB, dhaC, dhaE, dhaF, dhaG, dhaT","0,0,0,0,0,0","1,1,1,1,1,1","1,1,1,1,1,1","4,4,4,4,4,4","0,0,0,0,0,0","0,0,0,0,0,0","0,0,0,0,0,0","0,0,0,0,0,0","0,0,0,0,0,0","0,0,0,0,0,0",13PDO,3,8,2,0,76.09,NA,NA,NA,NA,NA,NA,NA,10.119,NA,60,NA,NA
66,1,0,1,6,9,,369.2040395265501,,,,0,0,0,0,0,0,0,0,0,,,,1,2,YE,37,3,BL21 DE3 pLysS pCF1 pKP2,"ompT, gal, dcm, lon, hsdSb, lacI, ind, sam, nin, malB","0,0,0,0,0,0,0,0,0,0","dhaB, dhaC, dhaE, dhaF, dhaG, dhaT","0,0,0,0,0,0","1,1,1,1,1,1","1,1,1,1,1,1","4,4,4,4,4,4","0,0,0,0,0,0","0,0,0,0,0,0","0,0,0,0,0,0","0,0,0,0,0,0","0,0,0,0,0,0","0,0,0,0,0,0",13PDO,3,8,2,0,76.09,NA,NA,NA,NA,NA,NA,NA,9.9640000000000004,NA,72,NA,NA
66,1,0,1,7,9,,369.2040395265501,,,,0,0,0,0,0,0,0,0,0,,,,1,2,YE,37,3,BL21 DE3 pLysS pCF1 pKP2,"ompT, gal, dcm, lon, hsdSb, lacI, ind, sam, nin, malB","0,0,0,0,0,0,0,0,0,0","dhaB, dhaC, dhaE, dhaF, dhaG, dhaT","0,0,0,0,0,0","1,1,1,1,1,1","1,1,1,1,1,1","4,4,4,4,4,4","0,0,0,0,0,0","0,0,0,0,0,0","0,0,0,0,0,0","0,0,0,0,0,0","0,0,0,0,0,0","0,0,0,0,0,0",13PDO,3,8,2,0,76.09,NA,NA,NA,NA,NA,NA,NA,9.859,NA,85,NA,NA
66,1,0,1,8,9,,369.2040395265501,,,,0,0,0,0,0,0,0,0,0,,,,1,2,YE,37,3,BL21 DE3 pLysS pCF1 pKP2,"ompT, gal, dcm, lon, hsdSb, lacI, ind, sam, nin, malB","0,0,0,0,0,0,0,0,0,0","dhaB, dhaC, dhaE, dhaF, dhaG, dhaT","0,0,0,0,0,0","1,1,1,1,1,1","1,1,1,1,1,1","4,4,4,4,4,4","0,0,0,0,0,0","0,0,0,0,0,0","0,0,0,0,0,0","0,0,0,0,0,0","0,0,0,0,0,0","0,0,0,0,0,0",13PDO,3,8,2,0,76.09,NA,NA,NA,NA,NA,NA,NA,9.7759999999999998,NA,96,NA,NA
66,1,0,1,9,9,,369.2040395265501,,,,0,0,0,0,0,0,0,0,0,,,,1,2,YE,37,3,BL21 DE3 pLysS pCF1 pKP2,"ompT, gal, dcm, lon, hsdSb, lacI, ind, sam, nin, malB","0,0,0,0,0,0,0,0,0,0","dhaB, dhaC, dhaE, dhaF, dhaG, dhaT","0,0,0,0,0,0","1,1,1,1,1,1","1,1,1,1,1,1","4,4,4,4,4,4","0,0,0,0,0,0","0,0,0,0,0,0","0,0,0,0,0,0","0,0,0,0,0,0","0,0,0,0,0,0","0,0,0,0,0,0",13PDO,3,8,2,0,76.09,NA,NA,NA,NA,NA,NA,NA,9.9220000000000006,NA,108,NA,NA
66,1,0,1,10,9,,369.2040395265501,,,,0,0,0,0,0,0,0,0,0,,,,1,2,YE,37,3,BL21 DE3 pLysS pCF1 pKP2,"ompT, gal, dcm, lon, hsdSb, lacI, ind, sam, nin, malB","0,0,0,0,0,0,0,0,0,0","dhaB, dhaC, dhaE, dhaF, dhaG, dhaT","0,0,0,0,0,0","1,1,1,1,1,1","1,1,1,1,1,1","4,4,4,4,4,4","0,0,0,0,0,0","0,0,0,0,0,0","0,0,0,0,0,0","0,0,0,0,0,0","0,0,0,0,0,0","0,0,0,0,0,0",13PDO,3,8,2,0,76.09,NA,NA,NA,NA,NA,NA,NA,10.06,NA,120,NA,NA
66,1,0,1,11,9,,369.2040395265501,,,,0,0,0,0,0,0,0,0,0,,,,1,2,YE,37,3,BL21 DE3 pLysS pCF1 pKP2,"ompT, gal, dcm, lon, hsdSb, lacI, ind, sam, nin, malB","0,0,0,0,0,0,0,0,0,0","dhaB, dhaC, dhaE, dhaF, dhaG, dhaT","0,0,0,0,0,0","1,1,1,1,1,1","1,1,1,1,1,1","4,4,4,4,4,4","0,0,0,0,0,0","0,0,0,0,0,0","0,0,0,0,0,0","0,0,0,0,0,0","0,0,0,0,0,0","0,0,0,0,0,0",13PDO,3,8,2,0,76.09,NA,NA,NA,NA,NA,NA,NA,10.166,NA,132,NA,NA
66,1,0,1,12,9,,369.2040395265501,,,,0,0,0,0,0,0,0,0,0,,,,1,2,YE,37,3,BL21 DE3 pLysS pCF1 pKP2,"ompT, gal, dcm, lon, hsdSb, lacI, ind, sam, nin, malB","0,0,0,0,0,0,0,0,0,0","dhaB, dhaC, dhaE, dhaF, dhaG, dhaT","0,0,0,0,0,0","1,1,1,1,1,1","1,1,1,1,1,1","4,4,4,4,4,4","0,0,0,0,0,0","0,0,0,0,0,0","0,0,0,0,0,0","0,0,0,0,0,0","0,0,0,0,0,0","0,0,0,0,0,0",13PDO,3,8,2,0,76.09,NA,NA,NA,NA,NA,NA,NA,10.587999999999999,NA,144,NA,NA
67,1,1,1,1,1,,222.02486678507992,,,,0,0,0,0,0,0,0,0,0,,,,1,5.0000000000000001E-3,YE,30,1,EM9,"lacZ, hsdR, araB, araA, araD, rhaB, rhaA, rhaD, proA, proB, lacIq","0,0,0,0,0,0,0,0,0,0,1","mal, mutL, mutS, glmE, btuB, btuR, fpr, fldA","0,0,0,0,0,0,0,0","1,1,1,1,1,1,1,1","1,1,1,1,0,0,0,0","3,3,3,3,3,3,3,3","0,0,0,0,0,0,0,0","0,0,0,0,0,0,0,0","0,0,0,0,0,0,0,0","0,0,0,0,0,0,0,0","0,0,0,0,0,0,0,0","0,0,0,0,0,0,0,0",mesaconate,5,4,4,0,128.04,NA,NA,NA,NA,NA,NA,NA,6.96,NA,NA,NA,NA
68,1,1,1,1,9,,217.1788467803236,,,,0,0,0,0,0,0,0,0,0,,,,1,0.1,M9,30,NA,CK (Q1327),"ompT, hsdSb, gal, dcm, T7 RNA polymerase","0,0,0,0,1",NA,NA,NA,NA,NA,NA,NA,NA,NA,NA,NA,acrylic_acid,3,4,2,0,72.06,NA,NA,NA,NA,NA,NA,NA,1.0000000000000001E-5,NA,NA,NA,NA
68,1,1,1,2,9,,217.1788467803236,,,,0,0,0,0,0,0,0,0,0,,,,1,0.1,M9,30,NA,PhaJ1 (Q2178),"ompT, hsdSb, gal, dcm, T7 RNA polymerase","0,0,0,0,1","dhaB, gdrA, gdrB, phaJ1, pduP","0,0,0,0,0","1,1,1,1,1","1,1,1,1,1","1,1,1,4,4","0,0,0,0,0","0,0,0,0,0","0,0,0,0,0","0,0,0,0,0","0,0,0,0,0","0,0,0,0,0",acrylic_acid,3,4,2,0,72.06,NA,NA,NA,NA,NA,NA,NA,2.5000000000000001E-4,NA,NA,NA,NA
68,1,1,1,3,9,,217.1788467803236,,,,0,0,0,0,0,0,0,0,0,,,,1,0.1,M9,30,NA,ECH (Q2179),"ompT, hsdSb, gal, dcm, T7 RNA polymerase","0,0,0,0,1","dhaB, gdrA, gdrB, ecH, pduP","0,0,0,0,0","1,1,1,1,1","1,1,1,1,1","1,1,1,4,4","0,0,0,0,0","0,0,0,0,0","0,0,0,0,0","0,0,0,0,0","0,0,0,0,0","0,0,0,0,0",acrylic_acid,3,4,2,0,72.06,NA,NA,NA,NA,NA,NA,NA,1.9E-3,NA,NA,NA,NA
68,1,1,1,4,9,,217.1788467803236,,,,0,0,0,0,0,0,0,0,0,,,,1,0.1,M9,30,NA,HcaD (Q2180),"ompT, hsdSb, gal, dcm, T7 RNA polymerase","0,0,0,0,1","dhaB, gdrA, gdrB, hcaD, pduP","0,0,0,0,0","1,1,1,1,1","1,1,1,1,1","1,1,1,4,4","0,0,0,0,0","0,0,0,0,0","0,0,0,0,0","0,0,0,0,0","0,0,0,0,0","0,0,0,0,0",acrylic_acid,3,4,2,0,72.06,NA,NA,NA,NA,NA,NA,NA,1.8500000000000001E-3,NA,NA,NA,NA
68,1,1,1,5,9,,217.1788467803236,,,,0,0,0,0,0,0,0,0,0,,,,1,0.1,M9,30,NA,PcsII (Q2181),"ompT, hsdSb, gal, dcm, T7 RNA polymerase","0,0,0,0,1","dhaB, gdrA, gdrB, pscII, pduP","0,0,0,0,0","1,1,1,1,1","1,1,1,1,1","1,1,1,4,4","0,0,0,0,0","0,0,0,0,0","0,0,0,0,0","0,0,0,0,0","0,0,0,0,0","0,0,0,0,0",acrylic_acid,3,4,2,0,72.06,NA,NA,NA,NA,NA,NA,NA,3.5099999999999997E-3,NA,NA,NA,NA
68,1,1,1,6,9,,217.1788467803236,,,,0,0,0,0,0,0,0,0,0,,,,1,0.1,M9,30,NA,WT  BL21 DE3,"ompT, hsdSb, gal, dcm, T7 RNA polymerase","0,0,0,0,1",NA,NA,NA,NA,NA,NA,NA,NA,NA,NA,NA,acrylic_acid,3,4,2,0,72.06,NA,NA,NA,NA,NA,NA,NA,7.0000000000000001E-3,NA,NA,NA,NA
68,1,1,1,7,9,,217.1788467803236,,,,0,0,0,0,0,0,0,0,0,,,,1,0.1,M9,30,NA,R103K (Q2251),"ompT, hsdSb, gal, dcm, T7 RNA polymerase, prpR, gdrA, gdrB, dhaB","0,0,0,0,1,0,1,1,1","pscII, pduP","0,0","1,1","1,1","4,4","0,0","0,0","1,0","0,0","0,0","0,0",acrylic_acid,3,4,2,0,72.06,NA,NA,NA,NA,NA,NA,NA,1.6E-2,NA,NA,NA,NA
68,1,1,1,8,9,,217.1788467803236,,,,0,0,0,0,0,0,0,0,0,,,,1,0.1,M9,30,NA,D186A (Q2252),"ompT, hsdSb, gal, dcm, T7 RNA polymerase, prpR, gdrA, gdrB, dhaB","0,0,0,0,1,0,1,1,1","pscII, pduP","0,0","1,1","1,1","4,4","0,0","0,0","1,0","0,0","0,0","0,0",acrylic_acid,3,4,2,0,72.06,NA,NA,NA,NA,NA,NA,NA,2.1000000000000001E-2,NA,NA,NA,NA
68,1,1,1,9,9,,217.1788467803236,,,,0,0,0,0,0,0,0,0,0,,,,1,0.1,M9,30,NA,R103K/D186A (Q2288),"ompT, hsdSb, gal, dcm, T7 RNA polymerase, prpR, gdrA, gdrB, dhaB","0,0,0,0,1,0,1,1,1","pscII, pduP","0,0","1,1","1,1","4,4","0,0","0,0","1,0","0,0","0,0","0,0",acrylic_acid,3,4,2,0,72.06,NA,NA,NA,NA,NA,NA,NA,3.7999999999999999E-2,NA,NA,NA,NA
69,1,1,1,1,1,,44.40497335701599,,,,0,0,0,0,0,0,0,0,0,,,,1,0.5,M9,37,1,BW25113-pGLY-1,"lacZ, hsdR, araB, araA, araD, rhaB, rhaA, rhaD, proA, proB, lacIq","0,0,0,0,0,0,0,0,0,0,1","ycdW, aceA, aceK","0,0,0","1,1,1","0,0,0","10,10,10","0,0,0","0,0,0","0,0,0","0,0,0","0,0,0","0,0,0",glycolate,2,3,3,0,75.040000000000006,NA,NA,NA,NA,NA,NA,NA,0.65,NA,NA,NA,NA
69,1,1,1,2,1,,44.40497335701599,,,,0,0,0,0,0,0,0,0,0,,,,1,0.5,M9,37,1,EYX-1-PGLY-1,"lacZ, hsdR, araB, araA, araD, rhaB, rhaA, rhaD, proA, proB, lacIq, aceB","0,0,0,0,0,0,0,0,0,0,1,0","ycdW, aceA, aceK","0,0,0","1,1,1","0,0,0","10,10,10","0,0,0","0,0,0","0,0,0","0,0,0","0,0,0","0,0,0",glycolate,2,3,3,0,75.040000000000006,NA,NA,NA,NA,0.11,NA,NA,0.88,NA,NA,NA,NA
69,1,1,1,3,1,,44.40497335701599,,,,0,0,0,0,0,0,0,0,0,,,,1,0.5,M9,37,1,EYX-1-glcB-pGLY-1,"lacZ, hsdR, araB, araA, araD, rhaB, rhaA, rhaD, proA, proB, lacIq, aceB, glcB","0,0,0,0,0,0,0,0,0,0,1,0,0","ycdW, aceA, aceK","0,0,0","1,1,1","0,0,0","10,10,10","0,0,0","0,0,0","0,0,0","0,0,0","0,0,0","0,0,0",glycolate,2,3,3,0,75.040000000000006,NA,NA,NA,NA,NA,NA,NA,2.48,NA,NA,NA,NA
69,1,1,1,4,1,,44.40497335701599,,,,0,0,0,0,0,0,0,0,0,,,,1,0.5,M9,37,1,EYX-2,"lacZ, hsdR, araB, araA, araD, rhaB, rhaA, rhaD, proA, proB, lacIq, aceB, glcB, aceA, aceK, ycdW","0,0,0,0,0,0,0,0,0,0,1,0,0,1,1,1",NA,NA,NA,NA,NA,NA,NA,NA,NA,1,NA,glycolate,2,3,3,0,75.040000000000006,NA,NA,NA,NA,NA,NA,NA,3.6,NA,NA,NA,NA
69,1,1,1,5,1,,99.911190053285964,,,,0,0,0,0,0,0,0,0,0,,,,1,5,M9,37,1,EYX-2,"lacZ, hsdR, araB, araA, araD, rhaB, rhaA, rhaD, proA, proB, lacIq, aceB, glcB, aceA, aceK, ycdW","0,0,0,0,0,0,0,0,0,0,1,0,0,1,1,1",NA,NA,NA,NA,NA,NA,NA,NA,NA,1,NA,glycolate,2,3,3,0,75.040000000000006,NA,NA,NA,NA,NA,NA,NA,8.9600000000000009,NA,24,NA,NA
69,1,1,1,6,1,,697.15808170515095,,,,0,0,0,0,0,0,0,0,0,,,,3,5,M9,37,1,EYX-2,"lacZ, hsdR, araB, araA, araD, rhaB, rhaA, rhaD, proA, proB, lacIq, aceB, glcB, aceA, aceK, ycdW","0,0,0,0,0,0,0,0,0,0,1,0,0,1,1,1",NA,NA,NA,NA,NA,NA,NA,NA,NA,1,NA,glycolate,2,3,3,0,75.040000000000006,NA,NA,NA,NA,0.52,NA,NA,56.44,NA,120,NA,NA
70,1,1,1,1,17,,1501.3,,,,0,0,0,0,0,0,0,0,0,,,,1,0.01,M9,37,1,WT,"endA, recA","0,0",NA,NA,NA,NA,NA,NA,NA,NA,NA,NA,NA,ethylene_glycol,2,6,2,0,62.07,NA,NA,NA,NA,0.22,NA,NA,1.8,NA,NA,NA,NA
70,1,1,1,2,17,,1501.3,,,,0,0,0,0,0,0,0,0,0,,,,1,0.01,M9,37,1,WT,"endA, recA","0,0",NA,NA,NA,NA,NA,NA,NA,NA,NA,NA,NA,ethylene_glycol,2,6,2,0,62.07,NA,NA,NA,NA,0.34,NA,NA,3.5,NA,NA,NA,NA
70,1,1,1,3,20,,1501.3,,,,0,0,0,0,0,0,0,0,0,,,,1,0.01,M9,37,1,delta aldA,"endA, recA, aldA","0,0,0",NA,NA,NA,NA,NA,NA,NA,NA,NA,NA,NA,ethylene_glycol,2,6,2,0,62.07,NA,NA,NA,NA,0.16,NA,NA,1.8,NA,NA,NA,NA
70,1,1,1,4,20,,1501.3,,,,0,0,0,0,0,0,0,0,0,,,,1,0.01,M9,37,1,delta aldA,"endA, recA, aldA","0,0,0",NA,NA,NA,NA,NA,NA,NA,NA,NA,NA,NA,ethylene_glycol,2,6,2,0,62.07,NA,NA,NA,NA,0.35,NA,NA,3.6,NA,NA,NA,NA
70,1,1,1,5,12,,4804.16,,,,0,0,0,0,0,0,0,0,0,,,,3,2,M9,37,1,EG-X,"endA, recA, xylB, aldA","0,0,0,0","dte, fucA, fucO, fucK","0,0,0,0","1,1,1,1","1,0,0,0","1,1,1,1","1,0,0,0","0,0,0,0","0,0,0,0","0,0,0,0","0,0,0,0","0,0,0,0",ethylene_glycol,2,6,2,0,62.07,NA,NA,NA,NA,NA,NA,NA,42,NA,72,NA,NA
70,1,1,1,6,21,,7806.76,,,,0,0,0,0,0,0,0,0,0,,,,1,2,M9,37,1,EG-A,"endA, recA, araB, aldA","0,0,0,0","dte, rhaB, rhaD, fucO","0,0,0,0","1,1,1,1","1,0,0,0","1,1,1,1","1,0,0,0","0,0,0,0","0,0,0,0","0,0,0,0","0,0,0,0","0,0,0,0",ethylene_glycol,2,6,2,0,62.07,NA,NA,NA,NA,NA,NA,NA,18,NA,120,NA,NA
70,1,1,1,7,12,,2251.9499999999998,,,,21,,2251.9499999999998,,,,0,0,0,,,,1,0.01,M9,37,1,EG-XA,"endA, recA, araB, aldA, xylB","0,0,0,0,0","dte, fucA, fucO, fucK, rhaB, rhaD","0,0,0,0,0,0","1,1,1,1,1,1","1,0,0,0,0,0","1,1,1,1,1,1","1,0,0,0,0,0","0,0,0,0,0,0","0,0,0,0,0,0","0,0,0,0,0,0","0,0,0,0,0,0","0,0,0,0,0,0",ethylene_glycol,2,6,2,0,62.07,NA,NA,NA,NA,NA,NA,NA,10,NA,220,NA,NA
70,1,1,1,8,12,,66.60893891960302,,,,0,0,0,0,0,0,0,0,0,,,,1,0.01,M9,37,1,GA-01,"endA, recA, xylB","0,0,0","dte, fucA, fucK, aldA","0,0,0,0","1,1,1,1","1,0,0,0","1,1,1,1","1,0,0,0","0,0,0,0","0,0,0,0","0,0,0,0","0,0,0,0","0,0,0,0",glycolate,2,3,3,0,75.040000000000006,NA,NA,NA,NA,0.26,NA,NA,2.14,NA,NA,NA,NA
70,1,1,1,9,12,,66.60893891960302,,,,0,0,0,0,0,0,0,0,0,,,,1,0.01,M9,37,1,GA-02,"endA, recA, xylB, fucO","0,0,0,0","dte, fucA, fucK, aldA","0,0,0,0","1,1,1,1","1,0,0,0","1,1,1,1","1,0,0,0","0,0,0,0","0,0,0,0","0,0,0,0","0,0,0,0","0,0,0,0",glycolate,2,3,3,0,75.040000000000006,NA,NA,NA,NA,0.26,NA,NA,2.16,NA,NA,NA,NA
70,1,1,1,10,12,,66.60893891960302,,,,0,0,0,0,0,0,0,0,0,,,,1,0.01,M9,37,1,GA-03,"endA, recA, xylB, glcD","0,0,0,0","dte, fucA, fucK, aldA","0,0,0,0","1,1,1,1","1,0,0,0","1,1,1,1","1,0,0,0","0,0,0,0","0,0,0,0","0,0,0,0","0,0,0,0","0,0,0,0",glycolate,2,3,3,0,75.040000000000006,NA,NA,NA,NA,0.46,NA,NA,3.43,NA,NA,NA,NA
70,1,1,1,11,12,,66.60893891960302,,,,0,0,0,0,0,0,0,0,0,,,,1,0.01,M9,37,1,GA-04,"endA, recA, xylB, fucO, glcD","0,0,0,0,0","dte, fucA, fucK, aldA","0,0,0,0","1,1,1,1","1,0,0,0","1,1,1,1","1,0,0,0","0,0,0,0","0,0,0,0","0,0,0,0","0,0,0,0","0,0,0,0",glycolate,2,3,3,0,75.040000000000006,NA,NA,NA,NA,0.47,NA,NA,3.58,NA,NA,NA,NA
70,1,1,1,12,12,,732.6983281156331,,,,0,0,0,0,0,0,0,0,0,,,,1,2,M9,37,1,GA-03,"endA, recA, xylB, glcD","0,0,0,0","dte, fucA, fucK, aldA","0,0,0,0","1,1,1,1","1,0,0,0","1,1,1,1","1,0,0,0","0,0,0,0","0,0,0,0","0,0,0,0","0,0,0,0","0,0,0,0",glycolate,2,3,3,0,75.040000000000006,NA,NA,NA,NA,NA,NA,NA,43,NA,44,NA,NA
70,1,1,1,13,12,,99.913408379404515,,,,0,0,0,0,0,0,0,0,0,,,,1,0.01,M9,30,NA,GA-05,"endA, recA, xylB, glcD","0,0,0,0","dte, fucA, fucK, aldA, ycdW, aceA, aceK","0,0,0,0,0,0,0","1,1,1,1,1,1,1","1,0,0,0,0,0,0","1,1,1,1,1,1,1","1,0,0,0,0,0,0","0,0,0,0,0,0,0","0,0,0,0,0,0,0","0,0,0,0,0,0,0","0,0,0,0,0,0,0","0,0,0,0,0,0,0",glycolate,2,3,3,0,75.040000000000006,NA,NA,NA,NA,0.5,NA,NA,NA,NA,48,NA,NA
70,1,1,1,14,12,,99.913408379404515,,,,0,0,0,0,0,0,0,0,0,,,,1,0.01,M9,30,NA,GA-06,"endA, recA, xylB, glcD, gcl","0,0,0,0,0","dte, fucA, fucK, aldA, ycdW, aceA, aceK","0,0,0,0,0,0,0","1,1,1,1,1,1,1","1,0,0,0,0,0,0","1,1,1,1,1,1,1","1,0,0,0,0,0,0","0,0,0,0,0,0,0","0,0,0,0,0,0,0","0,0,0,0,0,0,0","0,0,0,0,0,0,0","0,0,0,0,0,0,0",glycolate,2,3,3,0,75.040000000000006,NA,NA,NA,NA,0.5,NA,NA,NA,NA,48,NA,NA
70,1,1,1,15,12,,99.913408379404515,,,,0,0,0,0,0,0,0,0,0,,,,1,0.01,M9,30,NA,GA-07,"endA, recA, xylB, glcD, aceB","0,0,0,0,0","dte, fucA, fucK, aldA, ycdW, aceA, aceK","0,0,0,0,0,0,0","1,1,1,1,1,1,1","1,0,0,0,0,0,0","1,1,1,1,1,1,1","1,0,0,0,0,0,0","0,0,0,0,0,0,0","0,0,0,0,0,0,0","0,0,0,0,0,0,0","0,0,0,0,0,0,0","0,0,0,0,0,0,0",glycolate,2,3,3,0,75.040000000000006,NA,NA,NA,NA,0.7,NA,NA,NA,NA,48,NA,NA
70,1,1,1,16,12,,99.913408379404515,,,,0,0,0,0,0,0,0,0,0,,,,1,0.01,M9,30,NA,GA-08,"endA, recA, xylB, glcD, glcB","0,0,0,0,0","dte, fucA, fucK, aldA, ycdW, aceA, aceK","0,0,0,0,0,0,0","1,1,1,1,1,1,1","1,0,0,0,0,0,0","1,1,1,1,1,1,1","1,0,0,0,0,0,0","0,0,0,0,0,0,0","0,0,0,0,0,0,0","0,0,0,0,0,0,0","0,0,0,0,0,0,0","0,0,0,0,0,0,0",glycolate,2,3,3,0,75.040000000000006,NA,NA,NA,NA,0.7,NA,NA,NA,NA,48,NA,NA
70,1,1,1,17,12,,99.913408379404515,,,,0,0,0,0,0,0,0,0,0,,,,1,0.01,M9,30,NA,GA-09,"endA, recA, xylB, glcD, aceB, glcB","0,0,0,0,0,0","dte, fucA, fucK, aldA, ycdW, aceA, aceK","0,0,0,0,0,0,0","1,1,1,1,1,1,1","1,0,0,0,0,0,0","1,1,1,1,1,1,1","1,0,0,0,0,0,0","0,0,0,0,0,0,0","0,0,0,0,0,0,0","0,0,0,0,0,0,0","0,0,0,0,0,0,0","0,0,0,0,0,0,0",glycolate,2,3,3,0,75.040000000000006,NA,NA,NA,NA,0.7,NA,NA,NA,NA,48,NA,NA
70,1,1,1,18,12,,99.913408379404515,,,,0,0,0,0,0,0,0,0,0,,,,1,0.01,M9,30,NA,GA-10,"endA, recA, xylB, glcD, aceB, glcB, gcl","0,0,0,0,0,0,0","dte, fucA, fucK, aldA, ycdW, aceA, aceK","0,0,0,0,0,0,0","1,1,1,1,1,1,1","1,0,0,0,0,0,0","1,1,1,1,1,1,1","1,0,0,0,0,0,0","0,0,0,0,0,0,0","0,0,0,0,0,0,0","0,0,0,0,0,0,0","0,0,0,0,0,0,0","0,0,0,0,0,0,0",glycolate,2,3,3,0,75.040000000000006,NA,NA,NA,NA,0.7,NA,NA,NA,NA,48,NA,NA
70,1,1,1,19,12,,432.95810297741957,,,,0,0,0,0,0,0,0,0,0,,,,1,2,M9,30,NA,GA-10,"endA, recA, xylB, glcD, aceB, glcB, gcl","0,0,0,0,0,0,0","dte, fucA, fucK, aldA, ycdW, aceA, aceK","0,0,0,0,0,0,0","1,1,1,1,1,1,1","1,0,0,0,0,0,0","1,1,1,1,1,1,1","1,0,0,0,0,0,0","0,0,0,0,0,0,0","0,0,0,0,0,0,0","0,0,0,0,0,0,0","0,0,0,0,0,0,0","0,0,0,0,0,0,0",glycolate,2,3,3,0,75.040000000000006,NA,NA,NA,NA,NA,NA,NA,45,NA,84,NA,NA
70,1,1,1,20,12,,432.95810297741957,,,,0,0,0,0,0,0,0,0,0,,,,1,2,M9,30,NA,GA-11,"endA, recA, xylB, glcD, aceB, glcB, gcl","0,0,0,0,0,0,0","dte, fucA, fucK, aldA, ycdW, aceA, aceK","0,0,0,0,0,0,0","1,1,1,1,1,1,1","1,0,0,0,0,0,0","1,1,1,1,3,3,3","1,0,0,0,0,0,0","0,0,0,0,0,0,0","0,0,0,0,0,0,0","0,0,0,0,0,0,0","0,0,0,0,0,0,0","0,0,0,0,0,0,0",glycolate,2,3,3,0,75.040000000000006,NA,NA,NA,NA,NA,NA,NA,40,NA,122,NA,NA
71,1,1,1,1,9,,166.51865008880995,,,,0,0,0,0,0,0,0,0,0,,,,3,13,YE,42,2,K12 ER2925 pDY220,"ara, leuB, fhuA, lacY, txs, glnV, glaK, galT, mcrA, dcm, hisG, rfbD, TetS, endA, rpsL, dam, xylA, mtl, thi, mcrB, hsdR","0,0,0,0,0,0,0,0,0,0,0,0,0,0,0,0,0,0,0,0,0","dhaB1, dhaB2, yqhD","0,0,0","1,1,1","1,1,0","6,6,6","0,0,0","0,0,0","0,0,0","0,0,0","0,0,0","0,0,0",13PDO,3,8,2,0,76.09,NA,NA,NA,NA,NA,NA,NA,102,NA,30,NA,NA
72,1,1,1,1,9,92.09,217.1788467803236,3,8,3,0,0,0,0,0,0,0,0,0,0,0,0,1,1.4999999999999999E-2,M9,37,3,MG1655,"ilvG, rfb, rph","0,0,0",NA,NA,NA,NA,NA,NA,NA,NA,NA,NA,NA,l-lactate,3,6,3,0,90,NA,NA,NA,NA,NA,NA,NA,1.6,NA,36,NA,NA
72,1,1,1,2,9,92.09,217.1788467803236,3,8,3,0,0,0,0,0,0,0,0,0,0,0,0,1,1.4999999999999999E-2,M9,37,3,LA01,"ilvG, rfb, rph, pflB, frdA","0,0,0,0,0",NA,NA,NA,NA,NA,NA,NA,NA,NA,NA,NA,l-lactate,3,6,3,0,90,NA,NA,NA,NA,NA,NA,NA,12.3,NA,36,NA,NA
72,1,1,1,3,9,92.09,217.1788467803236,3,8,3,0,0,0,0,0,0,0,0,0,0,0,0,1,1.4999999999999999E-2,M9,37,3,LA02,"ilvG, rfb, rph, pta, adhE, frdA","0,0,0,0,0,0",NA,NA,NA,NA,NA,NA,NA,NA,NA,NA,NA,l-lactate,3,6,3,0,90,NA,NA,NA,NA,NA,NA,NA,10.9,NA,36,NA,NA
72,1,1,1,4,9,92.09,217.1788467803236,3,8,3,0,0,0,0,0,0,0,0,0,0,0,0,1,1.4999999999999999E-2,M9,37,3,LA06,"ilvG, rfb, rph, pflB, frdA, ldhA","0,0,0,0,0,0",NA,NA,NA,NA,NA,NA,NA,NA,NA,NA,NA,d-lactate,3,5,3,0,89.07,NA,NA,NA,NA,NA,NA,NA,0.1,NA,36,NA,NA
72,1,1,1,5,9,92.09,217.1788467803236,3,8,3,0,0,0,0,0,0,0,0,0,0,0,0,1,1.4999999999999999E-2,M9,37,3,LA07,"ilvG, rfb, rph, pta, adhE, frdA, ldhA","0,0,0,0,0,0,0",NA,NA,NA,NA,NA,NA,NA,NA,NA,NA,NA,d-lactate,3,5,3,0,89.07,NA,NA,NA,NA,NA,NA,NA,0.1,NA,36,NA,NA
72,1,1,1,6,9,92.09,217.1788467803236,3,8,3,0,0,0,0,0,0,0,0,0,0,0,0,1,1.4999999999999999E-2,M9,37,3,LA06 (pZS),"ilvG, rfb, rph, pflB, frdA, ldhA","0,0,0,0,0,0",NA,NA,NA,NA,NA,NA,NA,NA,NA,NA,NA,d-lactate,3,5,3,0,89.07,NA,NA,NA,NA,NA,NA,NA,0.1,NA,36,NA,NA
72,1,1,1,7,9,92.09,217.1788467803236,3,8,3,0,0,0,0,0,0,0,0,0,0,0,0,1,1.4999999999999999E-2,M9,37,3,LA07 (pZS),"ilvG, rfb, rph, pta, adhE, frdA, ldhA","0,0,0,0,0,0,0",NA,NA,NA,NA,NA,NA,NA,NA,NA,NA,NA,d-lactate,3,5,3,0,89.07,NA,NA,NA,NA,NA,NA,NA,0.1,NA,36,NA,NA
72,1,1,1,8,9,92.09,217.1788467803236,3,8,3,0,0,0,0,0,0,0,0,0,0,0,0,1,1.4999999999999999E-2,M9,37,3,LA06 (pZSldh),"ilvG, rfb, rph, pflB, frdA, ldhA","0,0,0,0,0,0",ldh,0,1,1,0,0,0,0,0,0,0,d-lactate,3,5,3,0,89.07,NA,NA,NA,NA,NA,NA,NA,6.4,NA,36,NA,NA
72,1,1,1,9,9,92.09,217.1788467803236,3,8,3,0,0,0,0,0,0,0,0,0,0,0,0,1,1.4999999999999999E-2,M9,37,3,LA07 (pZSldh),"ilvG, rfb, rph, pta, adhE, frdA, ldhA","0,0,0,0,0,0,0",ldh,0,1,1,0,0,0,0,0,0,0,d-lactate,3,5,3,0,89.07,NA,NA,NA,NA,NA,NA,NA,6.7,NA,36,NA,NA
72,1,1,1,10,9,92.09,217.1788467803236,3,8,3,0,0,0,0,0,0,0,0,0,0,0,0,1,1.4999999999999999E-2,M9,37,3,LA19,"ilvG, rfb, rph, mgsA, ldhA","0,0,0,0,0",NA,NA,NA,NA,NA,NA,NA,NA,NA,NA,NA,d-lactate,3,5,3,0,89.07,NA,NA,NA,NA,NA,NA,NA,9.1,NA,36,NA,NA
72,1,1,1,11,9,92.09,217.1788467803236,3,8,3,0,0,0,0,0,0,0,0,0,0,0,0,1,1.4999999999999999E-2,M9,37,3,LA20,"ilvG, rfb, rph, pta, adhE, frdA, mgsA, ldhA","0,0,0,0,0,0,0,0",NA,NA,NA,NA,NA,NA,NA,NA,NA,NA,NA,d-lactate,3,5,3,0,89.07,NA,NA,NA,NA,NA,NA,NA,9.4,NA,36,NA,NA
72,1,1,1,12,9,92.09,217.1788467803236,3,8,3,0,0,0,0,0,0,0,0,0,0,0,0,1,1.4999999999999999E-2,M9,37,3,LA19 (pZSKLMgldA),"ilvG, rfb, rph, mgsA, ldhA","0,0,0,0,0","dhaK, dhaL, dhaM, gldA","0,0,0,0","1,1,1,1","0,0,0,0","0,0,0,0","0,0,0,0","0,0,0,0","0,0,0,0","0,0,0,0","0,0,0,0","0,0,0,0",d-lactate,3,5,3,0,89.07,NA,NA,NA,NA,NA,NA,NA,10.9,NA,36,NA,NA
72,1,1,1,13,9,92.09,217.1788467803236,3,8,3,0,0,0,0,0,0,0,0,0,0,0,0,1,1.4999999999999999E-2,M9,37,3,LA19 (pZSKLMgldD),"ilvG, rfb, rph, mgsA, ldhA","0,0,0,0,0","glpK, glpD","0,0","1,1","0,0","0,0","0,0","0,0","0,0","0,0","0,0","0,0",d-lactate,3,5,3,0,89.07,NA,NA,NA,NA,NA,NA,NA,11.7,NA,36,NA,NA
72,1,1,1,14,9,92.09,217.1788467803236,3,8,3,0,0,0,0,0,0,0,0,0,0,0,0,1,1.4999999999999999E-2,M9,37,3,LA19 (pZSldh),"ilvG, rfb, rph, mgsA, ldhA","0,0,0,0,0",ldh,0,1,1,0,0,0,0,0,0,0,d-lactate,3,5,3,0,89.07,NA,NA,NA,NA,NA,NA,NA,7.4,NA,36,NA,NA
72,1,1,1,15,9,92.09,217.1788467803236,3,8,3,0,0,0,0,0,0,0,0,0,0,0,0,1,1.4999999999999999E-2,M9,37,3,LA20 (pZSKLMgldA),"ilvG, rfb, rph, pta, adhE, frdA, mgsA, ldhA","0,0,0,0,0,0,0,0","dhaK, dhaL, dhaM, gldA","0,0,0,0","1,1,1,1","0,0,0,0","0,0,0,0","0,0,0,0","0,0,0,0","0,0,0,0","0,0,0,0","0,0,0,0","0,0,0,0",d-lactate,3,5,3,0,89.07,NA,NA,NA,NA,NA,NA,NA,10.1,NA,36,NA,NA
72,1,1,1,16,9,92.09,217.1788467803236,3,8,3,0,0,0,0,0,0,0,0,0,0,0,0,1,1.4999999999999999E-2,M9,37,3,LA20 (pZSKLMgldD),"ilvG, rfb, rph, pta, adhE, frdA, mgsA, ldhA","0,0,0,0,0,0,0,0","glpK, glpD","0,0","1,1","0,0","0,0","0,0","0,0","0,0","0,0","0,0","0,0",d-lactate,3,5,3,0,89.07,NA,NA,NA,NA,NA,NA,NA,13.7,NA,36,NA,NA
72,1,1,1,17,9,92.09,434.35769356064719,3,8,3,0,0,0,0,0,0,0,0,0,0,0,0,1,1.4999999999999999E-2,M9,37,3,LA20 (pZSldh),"ilvG, rfb, rph, pta, adhE, frdA, mgsA, ldhA","0,0,0,0,0,0,0,0",ldh,0,1,1,0,0,0,0,0,0,0,d-lactate,3,5,3,0,89.07,NA,NA,NA,NA,NA,NA,NA,10,NA,36,NA,NA
72,1,1,1,18,9,92.09,434.35769356064719,3,8,3,0,0,0,0,0,0,0,0,0,0,0,0,1,1.4999999999999999E-2,M9,37,3,LA20 (pZSglpKglpD),"ilvG, rfb, rph, pta, adhE, frdA, mgsA, ldhA","0,0,0,0,0,0,0,0","glpK, glpD","0,0","1,1","0,0","0,0","0,0","0,0","0,0","0,0","0,0","0,0",d-lactate,3,5,3,0,89.07,NA,NA,NA,NA,NA,NA,NA,32.6,NA,36,NA,NA
72,1,1,1,19,9,92.09,434.35769356064719,3,8,3,0,0,0,0,0,0,0,0,0,0,0,0,1,1.4999999999999999E-2,M9,37,3,LA20 lldD (pZSglpKglpD),"ilvG, rfb, rph, pta, adhE, frdA, mgsA, ldhA, lldD","0,0,0,0,0,0,0,0,0","glpK, glpD","0,0","1,1","0,0","0,0","0,0","0,0","0,0","0,0","0,0","0,0",d-lactate,3,5,3,0,89.07,NA,NA,NA,NA,NA,NA,NA,34.700000000000003,NA,36,NA,NA
72,1,1,1,20,9,92.09,651.53654034097076,3,8,3,0,0,0,0,0,0,0,0,0,0,0,0,1,1.4999999999999999E-2,M9,37,3,LA20 lldD (pZSglpKglpD),"ilvG, rfb, rph, pta, adhE, frdA, mgsA, ldhA, lldD","0,0,0,0,0,0,0,0,0","glpK, glpD","0,0","1,1","0,0","0,0","0,0","0,0","0,0","0,0","0,0","0,0",d-lactate,3,5,3,0,89.07,NA,NA,NA,NA,NA,NA,NA,32.799999999999997,NA,72,NA,NA
72,1,1,1,21,9,92.09,651.53654034097076,3,8,3,0,0,0,0,0,0,0,0,0,0,0,0,1,1.4999999999999999E-2,M9,37,3,LA20 lldD (pZSglpKglpD),"ilvG, rfb, rph, pta, adhE, frdA, mgsA, ldhA, lldD","0,0,0,0,0,0,0,0,0","glpK, glpD","0,0","1,1","0,0","0,0","0,0","0,0","0,0","0,0","0,0","0,0",d-lactate,3,5,3,0,89.07,NA,NA,NA,NA,NA,NA,NA,50.1,NA,84,NA,NA
73,1,1,1,1,1,180.16,0.55506216696269983,6,12,6,0,0,0,0,0,0,0,0,0,0,0,0,1,10,NBS,37,2,E coli W,"adhE, frdA, frdB, frdC, frdD, pta, pflB, aldA, cscR","0,0,0,0,0,0,0,0,0",NA,NA,NA,NA,NA,NA,NA,NA,NA,NA,NA,d-lactate,3,5,3,0,89.07,NA,NA,NA,NA,NA,NA,NA,33,NA,70,NA,NA
73,1,1,1,2,1,180.16,0.55506216696269983,6,12,6,0,0,0,0,0,0,0,0,0,0,0,0,1,10,NBS,37,2,HBUT-D,"adhE, frdA, frdB, frdC, frdD, pta, pflB, aldA, cscR","0,0,0,0,0,0,0,0,0",NA,NA,NA,NA,NA,NA,NA,NA,NA,1,NA,d-lactate,3,5,3,0,89.07,NA,NA,NA,NA,NA,NA,NA,86,NA,70,NA,NA
73,1,1,1,3,2,342.3,0.29214139643587494,12,22,11,0,0,0,0,0,0,0,0,0,0,0,0,1,10,NBS,37,2,HBUT-D,"adhE, frdA, frdB, frdC, frdD, pta, pflB, aldA, cscR","0,0,0,0,0,0,0,0,0",NA,NA,NA,NA,NA,NA,NA,NA,NA,1,NA,d-lactate,3,5,3,0,89.07,NA,NA,NA,NA,NA,NA,NA,85,1,96,NA,NA
74,1,1,1,1,1,180.16,55,6,12,6,0,0,0,0,0,0,0,0,0,0,0,0,1,0.05,LB,37,1,GJT001,"cadR, lac, rpsL, relA, ptsF","0,0,0,0,0",NA,NA,NA,NA,NA,NA,NA,NA,NA,NA,NA,succinate,4,6,4,0,118,NA,NA,NA,NA,NA,0,NA,0,NA,NA,NA,NA
74,1,1,1,2,1,180.16,55,6,12,6,0,0,0,0,0,0,0,0,0,0,0,0,1,0.05,LB,37,1,HL2k,"cadR, lac, rpsL, relA, ptsF, sdhA, sdhB","0,0,0,0,0,0,0",NA,NA,NA,NA,NA,NA,NA,NA,NA,NA,NA,succinate,4,6,4,0,118,NA,NA,NA,NA,NA,1.9327819715808169E-2,NA,0.208926,NA,NA,NA,NA
74,1,1,1,3,1,180.16,55,6,12,6,0,0,0,0,0,0,0,0,0,0,0,0,1,0.05,LB,37,1,HL26K,"cadR, lac, rpsL, relA, ptsF, sdhA, sdhB, poxB","0,0,0,0,0,0,0,0",NA,NA,NA,NA,NA,NA,NA,NA,NA,NA,NA,succinate,4,6,4,0,118,NA,NA,NA,NA,NA,2.577042628774423E-2,NA,0.208926,NA,NA,NA,NA
74,1,1,1,4,1,180.16,55,6,12,6,0,0,0,0,0,0,0,0,0,0,0,0,1,0.05,LB,37,1,HL267K,"cadR, lac, rpsL, relA, ptsF, sdhA, sdhB, poxB, ackA, pta","0,0,0,0,0,0,0,0,0,0",NA,NA,NA,NA,NA,NA,NA,NA,NA,NA,NA,succinate,4,6,4,0,118,NA,NA,NA,NA,NA,0.14173734458259327,NA,0.44106599999999996,NA,NA,NA,NA
74,1,1,1,5,1,180.16,55,6,12,6,0,0,0,0,0,0,0,0,0,0,0,0,1,0.05,LB,37,1,HL2671K,"cadR, lac, rpsL, relA, ptsF, sdhA, sdhB, poxB, ackA, pta, icd","0,0,0,0,0,0,0,0,0,0,0",NA,NA,NA,NA,NA,NA,NA,NA,NA,NA,NA,succinate,4,6,4,0,118,NA,NA,NA,NA,NA,0.30924511545293071,NA,0.25535400000000003,NA,NA,NA,NA
74,1,1,1,6,1,180.16,55,6,12,6,0,0,0,0,0,0,0,0,0,0,0,0,1,0.05,LB,37,1,HL26715K,"cadR, lac, rpsL, relA, ptsF, sdhA, sdhB, poxB, ackA, pta, icd, iclR","0,0,0,0,0,0,0,0,0,0,0,0",NA,NA,NA,NA,NA,NA,NA,NA,NA,NA,NA,succinate,4,6,4,0,118,NA,NA,NA,NA,NA,0.21904862344582596,NA,1.6481939999999997,NA,NA,NA,NA
74,1,1,1,7,1,180.16,55,6,12,6,0,0,0,0,0,0,0,0,0,0,0,0,1,0.05,LB,37,1,HL12675K,"cadR, lac, rpsL, relA, ptsF, icd, sdhA, sdhB, poxB, ackA, pta, iclR","0,0,0,0,0,0,0,0,0,0,0,0",NA,NA,NA,NA,NA,NA,NA,NA,NA,NA,NA,succinate,4,6,4,0,118,NA,NA,NA,NA,NA,0.21647158081705153,NA,1.6632830999999999,NA,NA,NA,NA
74,1,1,1,8,1,180.16,55,6,12,6,0,0,0,0,0,0,0,0,0,0,0,0,1,0.05,LB,37,1,HL26715K,"cadR, lac, rpsL, relA, ptsF, icd, sdhA, sdhB, poxB, ackA, pta, iclR","0,0,0,0,0,0,0,0,0,0,0,0",NA,NA,NA,NA,NA,NA,NA,NA,NA,NA,NA,succinate,4,6,4,0,118,NA,NA,NA,NA,NA,0.26156982682060392,NA,1.8652449,NA,24,NA,NA
74,1,1,1,9,1,180.16,55,6,12,6,0,0,0,0,0,0,0,0,0,0,0,0,1,0.05,LB,37,1,HL27615K,"cadR, lac, rpsL, relA, ptsF, icd, sdhA, sdhB, poxB, ackA, pta, iclR","0,0,0,0,0,0,0,0,0,0,0,0",NA,NA,NA,NA,NA,NA,NA,NA,NA,NA,NA,succinate,4,6,4,0,118,NA,NA,NA,NA,NA,0.246751831705151,NA,1.9139942999999997,NA,24,NA,NA
74,1,1,1,10,1,180.16,55,6,12,6,0,0,0,0,0,0,0,0,0,0,0,0,1,0.05,LB,37,1,HL51267K,"cadR, lac, rpsL, relA, ptsF, icd, sdhA, sdhB, poxB, ackA, pta, iclR","0,0,0,0,0,0,0,0,0,0,0,0",NA,NA,NA,NA,NA,NA,NA,NA,NA,NA,NA,succinate,4,6,4,0,118,NA,NA,NA,NA,NA,0.24288626776198935,NA,1.8907802999999999,NA,24,NA,NA
74,1,1,1,11,1,180.16,55,6,12,6,0,0,0,0,0,0,0,0,0,0,0,0,1,0.05,LB,37,1,HL51276K,"cadR, lac, rpsL, relA, ptsF, icd, sdhA, sdhB, poxB, ackA, pta, iclR","0,0,0,0,0,0,0,0,0,0,0,0",NA,NA,NA,NA,NA,NA,NA,NA,NA,NA,NA,succinate,4,6,4,0,118,NA,NA,NA,NA,NA,0.23837644316163412,NA,1.8153348,NA,24,NA,NA
74,1,1,1,12,1,180.16,55,6,12,6,0,0,0,0,0,0,0,0,0,0,0,0,1,0.05,LB,37,1,HL52167K,"cadR, lac, rpsL, relA, ptsF, icd, sdhA, sdhB, poxB, ackA, pta, iclR","0,0,0,0,0,0,0,0,0,0,0,0",NA,NA,NA,NA,NA,NA,NA,NA,NA,NA,NA,succinate,4,6,4,0,118,NA,NA,NA,NA,NA,0.24030922513321493,NA,1.9035479999999998,NA,24,NA,NA
74,1,1,1,13,1,180.16,55,6,12,6,0,0,0,0,0,0,0,0,0,0,0,0,1,0.05,LB,37,1,HL52176K,"cadR, lac, rpsL, relA, ptsF, icd, sdhA, sdhB, poxB, ackA, pta, iclR","0,0,0,0,0,0,0,0,0,0,0,0",NA,NA,NA,NA,NA,NA,NA,NA,NA,NA,NA,succinate,4,6,4,0,118,NA,NA,NA,NA,NA,0.19585523978685612,NA,1.5460524,NA,24,NA,NA
75,1,1,1,1,1,180.16,222.02486678507995,6,12,6,0,0,0,0,0,0,0,0,0,0,0,0,1,0.2,AM2,37,2,MG1655,NA,NA,NA,NA,NA,NA,NA,NA,NA,NA,NA,NA,NA,d-lactate,3,5,3,0,89.07,NA,NA,NA,NA,8.3000000000000004E-2,NA,NA,2.88,0.30499999999999999,NA,NA,0.44
75,1,1,1,2,1,180.16,222.02486678507995,6,12,6,0,0,0,0,0,0,0,0,0,0,0,0,1,0.2,AM2,37,2,CL3,"pflB, adhE, frdA","0,0,0",NA,NA,NA,NA,NA,NA,NA,NA,NA,NA,NA,d-lactate,3,5,3,0,89.07,NA,NA,NA,NA,0.95,NA,NA,39.200000000000003,1.31,NA,NA,0.24
76,1,1,1,1,1,180.16,111.01243339253998,6,12,6,0,0,0,0,0,0,0,0,0,0,0,0,1,0.4,LB,37,2,SBS110MG (pTrc99A),"adhE, ldhA","0,0",NA,NA,NA,NA,NA,NA,NA,NA,NA,NA,NA,succinate,4,6,4,0,118,NA,NA,NA,NA,0.14185945825932503,NA,NA,0.81248999999999993,NA,NA,NA,NA
76,1,1,1,2,1,180.16,111.01243339253998,6,12,6,0,0,0,0,0,0,0,0,0,0,0,0,1,0.4,LB,37,2,SBS110MG (pHL413),"adhE, ldhA","0,0",pyc,0,1,1,4,0,0,0,0,0,0,succinate,4,6,4,0,118,NA,NA,NA,NA,0.80601964920071045,NA,NA,15.089099999999998,NA,NA,NA,NA
76,1,1,1,3,1,180.16,111.01243339253998,6,12,6,0,0,0,0,0,0,0,0,0,0,0,0,1,0.4,LB,37,2,SBS220MG (pHL413),"adhE, ldhA, ptsG","0,0,0",pyc,0,1,1,4,0,0,0,0,0,0,succinate,4,6,4,0,118,NA,NA,NA,NA,0.86405306394316161,NA,NA,10.446299999999999,NA,NA,NA,NA
76,1,1,1,4,1,180.16,111.01243339253998,6,12,6,0,0,0,0,0,0,0,0,0,0,0,0,1,2.5000000000000001E-2,LB,37,2,SBS110MG (pHL413),"adhE, ldhA","0,0",pyc,0,1,1,4,0,0,0,0,0,0,succinate,4,6,4,0,118,NA,NA,NA,NA,0.85042406749555954,NA,NA,4.6427999999999994,NA,48,NA,NA
76,1,1,1,5,1,180.16,111.01243339253998,6,12,6,0,0,0,0,0,0,0,0,0,0,0,0,1,2.5000000000000001E-2,LB,37,2,SBS880MGK (pHL413),"adhE, ldhA, fdhF","0,0,0",pyc,0,1,1,4,0,0,0,0,0,0,succinate,4,6,4,0,118,NA,NA,NA,NA,0.7086867229129663,NA,NA,4.41066,NA,48,NA,NA
76,1,1,1,6,1,180.16,111.01243339253998,6,12,6,0,0,0,0,0,0,0,0,0,0,0,0,1,2.5000000000000001E-2,LB,37,2,SBS110MG (pHL413),"adhE, ldhA","0,0",pyc,0,1,1,4,0,0,0,0,0,0,succinate,4,6,4,0,118,NA,NA,NA,NA,0.80532582149200715,NA,NA,6.0356399999999999,NA,96,NA,NA
76,1,1,1,7,1,180.16,111.01243339253998,6,12,6,0,0,0,0,0,0,0,0,0,0,0,0,1,2.5000000000000001E-2,LB,37,2,SBS880MGK (pHL413),"adhE, ldhA, fdhF","0,0,0",pyc,0,1,1,4,0,0,0,0,0,0,succinate,4,6,4,0,118,NA,NA,NA,NA,0.73445714920071048,NA,NA,4.41066,NA,96,NA,NA
76,1,1,1,8,1,180.16,111.01243339253998,6,12,6,0,0,0,0,0,0,0,0,0,0,0,0,1,2.5000000000000001E-2,LB,37,2,SBS110MG (pHL413),"adhE, ldhA","0,0",pyc,0,1,1,4,0,0,0,0,0,0,succinate,4,6,4,0,118,NA,NA,NA,NA,0.79888321492007108,NA,NA,15.669449999999999,NA,168,NA,NA
76,1,1,1,9,1,180.16,111.01243339253998,6,12,6,0,0,0,0,0,0,0,0,0,0,0,0,1,2.5000000000000001E-2,LB,37,2,SBS880MGK (pHL413),"adhE, ldhA, fdhF","0,0,0",pyc,0,1,1,4,0,0,0,0,0,0,succinate,4,6,4,0,118,NA,NA,NA,NA,0.60560501776198927,NA,NA,6.3838499999999998,NA,168,NA,NA
77,1,1,1,1,1,180.16,666.0746003552398,6,12,6,0,0,0,0,0,0,0,0,0,0,0,0,1,0.3,NBS,37,1,E coli XZ132,"alaD, pfl, ackA, adhE, ldhA, mgsA, dadX","1,0,0,0,0,0,0",NA,NA,NA,NA,NA,NA,NA,NA,NA,NA,NA,l-alanine,3,7,2,1,89.09,NA,NA,NA,NA,NA,NA,NA,114,NA,48,NA,NA
77,1,0,1,2,NA,NA,NA,NA,NA,NA,0,0,0,0,0,0,0,0,0,0,0,0,NA,NA,NA,NA,NA,E coli AL1 (pOBP1),"HAP-1, alaD","1,1",NA,NA,NA,NA,NA,NA,NA,NA,NA,NA,NA,l-alanine,3,7,2,1,89.09,NA,NA,NA,NA,NA,NA,NA,8,NA,40,NA,NA
77,1,0,1,3,NA,NA,NA,NA,NA,NA,0,0,0,0,0,0,0,0,0,0,0,0,NA,NA,NA,NA,NA,E coli ALS887 (pTrc99A-alaD),"ldhA, aceF","0,0",alaD,0,1,1,4,0,0,0,0,0,0,l-alanine,3,7,2,1,89.09,NA,NA,NA,NA,NA,NA,NA,32,NA,27,NA,NA
77,1,0,1,4,NA,NA,NA,NA,NA,NA,0,0,0,0,0,0,0,0,0,0,0,0,NA,NA,NA,NA,NA,E coli ALS929 (pTrc99A-alaD),"pfl, pps, poxB, ldhA, aceE, aceF","0,0,0,0,0,0",alaD,0,1,1,4,0,0,0,0,0,0,l-alanine,3,7,2,1,89.09,NA,NA,NA,NA,NA,NA,NA,34,NA,22,NA,NA
77,1,0,1,5,NA,NA,NA,NA,NA,NA,0,0,0,0,0,0,0,0,0,0,0,0,NA,NA,NA,NA,NA,E coli ALS929 (pTrc99A-alaD),"pfl, pps, poxB, ldhA, aceE, aceF","0,0,0,0,0,0",alaD,0,1,1,4,0,0,0,0,0,0,l-alanine,3,7,2,1,89.09,NA,NA,NA,NA,NA,NA,NA,88,NA,48,NA,NA
77,1,1,1,6,1,180.16,111.01243339253998,6,12,6,0,0,0,0,0,0,0,0,0,0,0,0,1,0.3,NBS,37,NA,XZ111,"pflB, frdB, frdC, adhE, ackA, ldhA, alaD","0,0,0,0,0,0,1",NA,NA,NA,NA,NA,NA,NA,NA,NA,NA,NA,l-alanine,3,7,2,1,89.09,NA,NA,NA,NA,80.108999999999995,83.075999999999993,NA,16.127099999999999,NA,96,NA,NA
77,1,1,1,7,1,180.16,444.0497335701599,6,12,6,0,0,0,0,0,0,0,0,0,0,0,0,1,0.3,NBS,37,NA,XZ111,"pflB, frdB, frdC, adhE, ackA, ldhA, alaD","0,0,0,0,0,0,1",NA,NA,NA,NA,NA,NA,NA,NA,NA,NA,NA,l-alanine,3,7,2,1,89.09,NA,NA,NA,NA,18.791,83.075999999999993,NA,14.7906,NA,96,NA,NA
77,1,1,1,8,1,180.16,666.07460035523991,6,12,6,0,0,0,0,0,0,0,0,0,0,0,0,1,0.3,AM1,37,NA,XZ111,"pflB, frdB, frdC, adhE, ackA, ldhA, alaD","0,0,0,0,0,0,1",NA,NA,NA,NA,NA,NA,NA,NA,NA,NA,NA,l-alanine,3,7,2,1,89.09,NA,NA,NA,NA,5.9340000000000002,84.064999999999998,NA,7.5735000000000001,NA,96,NA,NA
77,1,1,1,9,1,180.16,277.53108348134992,6,12,6,0,0,0,0,0,0,0,0,0,0,0,0,1,0.3,NBS,37,NA,XZ113,"pflB, frdB, frdC, adhE, ackA, ldhA, alaD","0,0,0,0,0,0,1",NA,NA,NA,NA,NA,NA,NA,NA,NA,1,NA,l-alanine,3,7,2,1,89.09,NA,NA,NA,NA,85.054000000000002,NA,NA,43.035299999999999,NA,48,NA,NA
77,1,1,1,10,1,180.16,444.0497335701599,6,12,6,0,0,0,0,0,0,0,0,0,0,0,0,1,0.3,NBS,37,NA,XZ115,"pflB, frdB, frdC, adhE, ackA, ldhA, alaD","0,0,0,0,0,0,1",NA,NA,NA,NA,NA,NA,NA,NA,NA,1,NA,l-alanine,3,7,2,1,89.09,NA,NA,NA,NA,91.977000000000004,NA,NA,74.4876,NA,60,NA,NA
77,1,1,1,11,1,180.16,444.0497335701599,6,12,6,0,0,0,0,0,0,0,0,0,0,0,0,1,0.3,NBS,37,NA,XZ123,"pflB, frdB, frdC, adhE, ackA, ldhA, alaD, mgsA","0,0,0,0,0,0,1,0",NA,NA,NA,NA,NA,NA,NA,NA,NA,1,NA,l-alanine,3,7,2,1,89.09,NA,NA,NA,NA,91.977000000000004,NA,NA,74.131199999999993,NA,48,NA,NA
77,1,1,1,12,1,180.16,444.0497335701599,6,12,6,0,0,0,0,0,0,0,0,0,0,0,0,1,0.3,NBS,37,NA,XZ129,"pflB, frdB, frdC, adhE, ackA, ldhA, alaD, mgsA","0,0,0,0,0,0,1,0",NA,NA,NA,NA,NA,NA,NA,NA,NA,1,NA,l-alanine,3,7,2,1,89.09,NA,NA,NA,NA,91.977000000000004,NA,NA,74.220299999999995,NA,42,NA,NA
77,1,1,1,13,1,180.16,444.0497335701599,6,12,6,0,0,0,0,0,0,0,0,0,0,0,0,1,0.3,AM1,37,NA,XZ130,"pflB, frdB, frdC, adhE, ackA, ldhA, alaD, mgsA","0,0,0,0,0,0,1,0",NA,NA,NA,NA,NA,NA,NA,NA,NA,1,NA,l-alanine,3,7,2,1,89.09,NA,NA,NA,NA,92.965999999999994,NA,NA,75.467699999999994,NA,42,NA,NA
77,1,1,1,14,1,180.16,555.06216696269985,6,12,6,0,0,0,0,0,0,0,0,0,0,0,0,1,0.3,AM1,37,NA,XZ131,"pflB, frdB, frdC, adhE, ackA, ldhA, alaD, mgsA","0,0,0,0,0,0,1,0",NA,NA,NA,NA,NA,NA,NA,NA,NA,1,NA,l-alanine,3,7,2,1,89.09,NA,NA,NA,NA,93.954999999999998,NA,NA,95.247900000000001,NA,42,NA,NA
77,1,1,1,15,1,180.16,666.07460035523991,6,12,6,0,0,0,0,0,0,0,0,0,0,0,0,1,0.3,AM1,37,NA,XZ132,"pflB, frdB, frdC, adhE, ackA, ldhA, alaD, mgsA","0,0,0,0,0,0,1,0",NA,NA,NA,NA,NA,NA,NA,NA,NA,1,NA,l-alanine,3,7,2,1,89.09,NA,NA,NA,NA,93.954999999999998,NA,NA,113.9589,NA,48,NA,NA
78,1,1,1,1,1,180.16,55.506216696269981,6,12,6,0,0,0,0,0,0,0,0,0,0,0,0,3,1,M9,37,3,MG1655 ldhA,"ilvG, rfb, rph, ldhA, lacI","0,0,0,0,1","sucC, sucD, sucD, 4hbd, sucA","0,0,0,0,0","1,1,1,1,1","0,0,1,1,1","1,1,1,1,1","0,0,0,0,0","0,0,0,0,0","0,0,0,0,0","0,0,0,0,0","0,0,0,0,0","0,0,0,0,0",BDO,4,10,2,0,90.12,NA,NA,NA,NA,NA,NA,NA,0.16221600000000003,NA,40,NA,NA
78,1,1,1,2,1,180.16,55.506216696269981,6,12,6,0,0,0,0,0,0,0,0,0,0,0,0,3,1,M9,37,3,AB3,"ilvG, rfb, rph, adhE, ldhA, pflB, lacI","0,0,0,0,0,0,1","sucC, sucD, sucD, 4hbd, sucA","0,0,0,0,0","1,1,1,1,1","0,0,1,1,1","1,1,1,1,1","0,0,0,0,0","0,0,0,0,0","0,0,0,0,0","0,0,0,0,0","0,0,0,0,0","0,0,0,0,0",BDO,4,10,2,0,90.12,NA,NA,NA,NA,NA,NA,NA,0.16221600000000003,NA,40,NA,NA
78,1,1,1,3,1,180.16,55.506216696269981,6,12,6,0,0,0,0,0,0,0,0,0,0,0,0,3,1,M9,37,3,ECKh-138,"ilvG, rfb, rph, adhE, ldhA, pflB, lacI, lpdA, KPlpd","0,0,0,0,0,0,1,0,1","sucC, sucD, sucD, 4hbd, sucA","0,0,0,0,0","1,1,1,1,1","0,0,1,1,1","1,1,1,1,1","0,0,0,0,0","0,0,0,0,0","0,0,0,0,0","0,0,0,0,0","0,0,0,0,0","0,0,0,0,0",BDO,4,10,2,0,90.12,NA,NA,NA,NA,NA,NA,NA,0.32443200000000005,NA,40,NA,NA
78,1,1,1,4,1,180.16,55.506216696269981,6,12,6,0,0,0,0,0,0,0,0,0,0,0,0,3,1,M9,37,3,ECKh-401,"ilvG, rfb, rph, adhE, ldhA, pflB, lacI, lpdA, KPlpd, mdh, arcA","0,0,0,0,0,0,1,0,1,0,0","sucC, sucD, sucD, 4hbd, sucA","0,0,0,0,0","1,1,1,1,1","0,0,1,1,1","1,1,1,1,1","0,0,0,0,0","0,0,0,0,0","0,0,0,0,0","0,0,0,0,0","0,0,0,0,0","0,0,0,0,0",BDO,4,10,2,0,90.12,NA,NA,NA,NA,NA,NA,NA,0.72096000000000005,NA,40,NA,NA
78,1,1,1,5,1,180.16,55.506216696269981,6,12,6,0,0,0,0,0,0,0,0,0,0,0,0,3,1,M9,37,3,ECKh-422,"ilvG, rfb, rph, adhE, ldhA, pflB, lacI, lpdA, KPlpd, mdh, arcA, gltA","0,0,0,0,0,0,1,0,1,0,0,1","sucC, sucD, sucD, 4hbd, sucA","0,0,0,0,0","1,1,1,1,1","0,0,1,1,1","1,1,1,1,1","0,0,0,0,0","0,0,0,0,0","0,0,0,0,0","0,0,0,0,0","0,0,0,0,0","0,0,0,0,0",BDO,4,10,2,0,90.12,NA,NA,NA,NA,NA,NA,NA,1.2616800000000001,NA,40,NA,NA
78,1,1,1,6,1,180.16,55.506216696269981,6,12,6,0,0,0,0,0,0,0,0,0,0,0,0,3,1,M9,37,3,ECKh-422 (002C),"ilvG, rfb, rph, adhE, ldhA, pflB, lacI, lpdA, KPlpd, mdh, arcA, gltA","0,0,0,0,0,0,1,0,1,0,0,1","cat2, adhE2","0,0","1,1","1,1","3,3","0,1","0,0","0,0","0,0","0,0","0,0",BDO,4,10,2,0,90.12,NA,NA,NA,NA,NA,NA,NA,1.2616800000000001,NA,40,NA,NA
78,1,1,1,7,1,180.16,55.506216696269981,6,12,6,0,0,0,0,0,0,0,0,0,0,0,0,3,1,M9,37,3,ECKh-422 (025B),"ilvG, rfb, rph, adhE, ldhA, pflB, lacI, lpdA, KPlpd, mdh, arcA, gltA","0,0,0,0,0,0,1,0,1,0,0,1","cat2, adhE2","0,0","1,1","1,1","3,3","0,1","0,0","0,0","0,0","0,0","0,0",BDO,4,10,2,0,90.12,NA,NA,NA,NA,NA,NA,NA,1.0814400000000002,NA,40,NA,NA
79,0,1,1,1,1,180.16,138.76554174067496,6,12,6,0,0,0,0,0,0,0,0,0,0,0,0,1,0.02,TB,37,2,JHL60,"atoD, atoA, adhE, ldhA, paaF, paaG, paaH, frdA, frdB, frdC, frdD, pta","0,0,0,0,0,0,0,0,0,0,0,0","crt, hbd, ter, adhE2","0,0,0,0","1,1,1,1","1,1,1,1","9,9,9,9","0,0,0,0","0,0,0,0","0,0,0,0","0,0,0,0","0,0,0,0","0,0,0,0",butanol,4,10,1,0,74.12,NA,NA,NA,NA,NA,NA,NA,2.9,NA,24,NA,NA
79,0,1,1,2,1,180.16,138.76554174067496,6,12,6,0,0,0,0,0,0,0,0,0,0,0,0,1,0.02,TB,37,2,JHL61,"atoD, atoA, adhE, ldhA, paaF, paaG, paaH, frdA, frdB, frdC, frdD, pta","0,0,0,0,0,0,0,0,0,0,0,0","crt, hbd, ter, adhE2","0,0,0,0","1,1,1,1","1,1,1,1","9,9,9,9","0,0,0,0","0,0,0,0","0,0,0,0","0,0,0,0","0,0,0,0","0,0,0,0",butanol,4,10,1,0,74.12,NA,NA,NA,NA,NA,NA,NA,3.5,NA,24,NA,NA
79,1,1,1,3,1,180.16,138.76554174067496,6,12,6,0,0,0,0,0,0,0,0,0,0,0,0,1,0.02,TB,37,2,JHL80,"atoD, atoA, adhE, ldhA, paaF, paaG, paaH, frdA, frdB, frdC, frdD, pta","0,0,0,0,0,0,0,0,0,0,0,0","crt, hbd, ter, adhE2","0,0,0,0","1,1,1,1","1,1,1,1","9,9,9,9","0,0,0,0","0,0,0,0","0,0,0,0","0,0,0,0","0,0,0,0","0,0,0,0",butanol,4,10,1,0,74.12,NA,NA,NA,NA,NA,NA,NA,3.6,NA,24,NA,NA
79,0,1,1,4,1,180.16,138.76554174067496,6,12,6,0,0,0,0,0,0,0,0,0,0,0,0,1,0.02,TB,37,2,JHL81,"atoD, atoA, adhE, ldhA, paaF, paaG, paaH, frdA, frdB, frdC, frdD, pta","0,0,0,0,0,0,0,0,0,0,0,0","crt, hbd, ter, adhE2, fdh1","0,0,0,0,0","1,1,1,1,1","1,1,1,1,1","9,9,9,9,10","0,0,0,0,0","0,0,0,0,0","0,0,0,0,0","0,0,0,0,0","0,0,0,0,0","0,0,0,0,0",butanol,4,10,1,0,74.12,NA,NA,NA,NA,NA,NA,NA,3.7,NA,24,NA,NA
79,0,1,1,5,1,180.16,138.76554174067496,6,12,6,0,0,0,0,0,0,0,0,0,0,0,0,1,0.02,TB,37,2,JHL82,"atoD, atoA, adhE, ldhA, paaF, paaG, paaH, frdA, frdB, frdC, frdD, pta","0,0,0,0,0,0,0,0,0,0,0,0","crt, hbd, ter, adhE2, fdh1","0,0,0,0,0","1,1,1,1,1","1,1,1,1,1","9,9,9,9,10","0,0,0,0,0","0,0,0,0,0","0,0,0,0,0","0,0,0,0,0","0,0,0,0,0","0,0,0,0,0",butanol,4,10,1,0,74.12,NA,NA,NA,NA,NA,NA,NA,3.7,NA,24,NA,NA
79,0,1,1,6,1,180.16,138.76554174067496,6,12,6,0,0,0,0,0,0,0,0,0,0,0,0,1,0.02,TB,37,2,JHL83,"atoD, atoA, adhE, ldhA, paaF, paaG, paaH, frdA, frdB, frdC, frdD, pta","0,0,0,0,0,0,0,0,0,0,0,0","crt, hbd, ter, adhE2, fdh1","0,0,0,0,0","1,1,1,1,1","1,1,1,1,1","9,9,9,9,10","0,0,0,0,0","0,0,0,0,0","0,0,0,0,0","0,0,0,0,0","0,0,0,0,0","0,0,0,0,0",butanol,4,10,1,0,74.12,NA,NA,NA,NA,NA,NA,NA,4.2,NA,24,NA,NA
79,0,1,1,7,1,180.16,138.76554174067496,6,12,6,0,0,0,0,0,0,0,0,0,0,0,0,1,0.02,TB,37,2,JHL84,"atoD, atoA, adhE, ldhA, paaF, paaG, paaH, frdA, frdB, frdC, frdD, pta","0,0,0,0,0,0,0,0,0,0,0,0","crt, hbd, ter, adhE2, fdh1","0,0,0,0,0","1,1,1,1,1","1,1,1,1,1","9,9,9,9,10","0,0,0,0,0","0,0,0,0,0","0,0,0,0,0","0,0,0,0,0","0,0,0,0,0","0,0,0,0,0",butanol,4,10,1,0,74.12,NA,NA,NA,NA,NA,NA,NA,4.4000000000000004,NA,24,NA,NA
79,0,1,1,8,1,180.16,138.76554174067496,6,12,6,0,0,0,0,0,0,0,0,0,0,0,0,1,0.02,TB,37,2,JHL85,"atoD, atoA, adhE, ldhA, paaF, paaG, paaH, frdA, frdB, frdC, frdD, pta","0,0,0,0,0,0,0,0,0,0,0,0","crt, hbd, ter, adhE2, fdh1","0,0,0,0,0","1,1,1,1,1","1,1,1,1,1","9,9,9,9,10","0,0,0,0,0","0,0,0,0,0","0,0,0,0,0","0,0,0,0,0","0,0,0,0,0","0,0,0,0,0",butanol,4,10,1,0,74.12,NA,NA,NA,NA,NA,NA,NA,5.4,NA,24,NA,NA
79,1,1,1,9,10,180.16,138.76554174067496,6,12,6,0,0,0,0,0,0,0,0,0,0,0,0,1,0.02,TB,37,2,JHL80,"atoD, atoA, adhE, ldhA, paaF, paaG, paaH, frdA, frdB, frdC, frdD, pta","0,0,0,0,0,0,0,0,0,0,0,0","crt, hbd, ter, adhE2","0,0,0,0","1,1,1,1","1,1,1,1","9,9,9,9","0,0,0,0","0,0,0,0","0,0,0,0","0,0,0,0","0,0,0,0","0,0,0,0",butanol,4,10,1,0,74.12,NA,NA,NA,NA,NA,NA,NA,4.0999999999999996,NA,60,NA,NA
79,0,1,1,10,10,180.16,138.76554174067496,6,12,6,0,0,0,0,0,0,0,0,0,0,0,0,1,0.02,TB,37,2,JHL81,"atoD, atoA, adhE, ldhA, paaF, paaG, paaH, frdA, frdB, frdC, frdD, pta","0,0,0,0,0,0,0,0,0,0,0,0","crt, hbd, ter, adhE2, fdh1","0,0,0,0,0","1,1,1,1,1","1,1,1,1,1","9,9,9,9,10","0,0,0,0,0","0,0,0,0,0","0,0,0,0,0","0,0,0,0,0","0,0,0,0,0","0,0,0,0,0",butanol,4,10,1,0,74.12,NA,NA,NA,NA,NA,NA,NA,4.4000000000000004,NA,60,NA,NA
79,0,1,1,11,10,180.16,138.76554174067496,6,12,6,0,0,0,0,0,0,0,0,0,0,0,0,1,0.02,TB,37,2,JHL82,"atoD, atoA, adhE, ldhA, paaF, paaG, paaH, frdA, frdB, frdC, frdD, pta","0,0,0,0,0,0,0,0,0,0,0,0","crt, hbd, ter, adhE2, fdh1","0,0,0,0,0","1,1,1,1,1","1,1,1,1,1","9,9,9,9,10","0,0,0,0,0","0,0,0,0,0","0,0,0,0,0","0,0,0,0,0","0,0,0,0,0","0,0,0,0,0",butanol,4,10,1,0,74.12,NA,NA,NA,NA,NA,NA,NA,4.0999999999999996,NA,60,NA,NA
79,0,1,1,12,10,180.16,138.76554174067496,6,12,6,0,0,0,0,0,0,0,0,0,0,0,0,1,0.02,TB,37,2,JHL83,"atoD, atoA, adhE, ldhA, paaF, paaG, paaH, frdA, frdB, frdC, frdD, pta","0,0,0,0,0,0,0,0,0,0,0,0","crt, hbd, ter, adhE2, fdh1","0,0,0,0,0","1,1,1,1,1","1,1,1,1,1","9,9,9,9,10","0,0,0,0,0","0,0,0,0,0","0,0,0,0,0","0,0,0,0,0","0,0,0,0,0","0,0,0,0,0",butanol,4,10,1,0,74.12,NA,NA,NA,NA,NA,NA,NA,3.5,NA,60,NA,NA
79,0,1,1,13,10,180.16,138.76554174067496,6,12,6,0,0,0,0,0,0,0,0,0,0,0,0,1,0.02,TB,37,2,JHL84,"atoD, atoA, adhE, ldhA, paaF, paaG, paaH, frdA, frdB, frdC, frdD, pta","0,0,0,0,0,0,0,0,0,0,0,0","crt, hbd, ter, adhE2, fdh1","0,0,0,0,0","1,1,1,1,1","1,1,1,1,1","9,9,9,9,10","0,0,0,0,0","0,0,0,0,0","0,0,0,0,0","0,0,0,0,0","0,0,0,0,0","0,0,0,0,0",butanol,4,10,1,0,74.12,NA,NA,NA,NA,NA,NA,NA,3.3,NA,60,NA,NA
79,0,1,1,14,10,180.16,138.76554174067496,6,12,6,0,0,0,0,0,0,0,0,0,0,0,0,1,0.02,TB,37,2,JHL85,"atoD, atoA, adhE, ldhA, paaF, paaG, paaH, frdA, frdB, frdC, frdD, pta","0,0,0,0,0,0,0,0,0,0,0,0","crt, hbd, ter, adhE2, fdh1","0,0,0,0,0","1,1,1,1,1","1,1,1,1,1","9,9,9,9,10","0,0,0,0,0","0,0,0,0,0","0,0,0,0,0","0,0,0,0,0","0,0,0,0,0","0,0,0,0,0",butanol,4,10,1,0,74.12,NA,NA,NA,NA,NA,NA,NA,3.1,NA,60,NA,NA
80,1,1,1,1,1,180.16,111.01243339253996,6,12,6,0,0,0,0,0,0,0,0,0,0,0,0,1,0.35,MOPS,37,2,E coli B,NA,NA,NA,NA,NA,NA,NA,NA,NA,NA,NA,NA,NA,ethanol,2,6,1,0,46.07,NA,NA,NA,NA,0.16621614120781528,NA,NA,NA,4.72,NA,NA,NA
80,0,1,1,2,1,180.16,111.01243339253996,6,12,6,0,0,0,0,0,0,0,0,0,0,0,0,1,0.35,MOPS,37,2,SSY05,NA,NA,NA,NA,NA,NA,NA,NA,NA,NA,NA,NA,NA,ethanol,2,6,1,0,46.07,NA,NA,NA,NA,0.21480239786856128,NA,NA,NA,6.19,NA,NA,NA
80,1,1,1,3,1,180.16,111.01243339253996,6,12,6,0,0,0,0,0,0,0,0,0,0,0,0,1,0.35,MOPS,37,2,SSY06,ldhA,0,NA,NA,NA,NA,NA,NA,NA,NA,NA,NA,NA,ethanol,2,6,1,0,46.07,NA,NA,NA,NA,0.24548845470692718,NA,NA,NA,6.91,NA,NA,NA
80,1,1,1,4,1,180.16,111.01243339253996,6,12,6,0,0,0,0,0,0,0,0,0,0,0,0,1,0.35,MOPS,37,2,SSY07,"ldhA, frdA","0,0",NA,NA,NA,NA,NA,NA,NA,NA,NA,NA,NA,ethanol,2,6,1,0,46.07,NA,NA,NA,NA,0.2761745115452931,NA,NA,NA,5.97,NA,NA,NA
80,1,1,1,5,1,180.16,111.01243339253996,6,12,6,0,0,0,0,0,0,0,0,0,0,0,0,1,0.35,MOPS,37,2,SSY09 (pZSack),"ldhA, frdA, ackA, pflB","0,0,0,0",ack,0,1,0,0,0,0,0,0,0,0,ethanol,2,6,1,0,46.07,NA,NA,NA,NA,0.4270476243339254,NA,NA,NA,1.62,NA,NA,NA
80,1,1,1,6,1,180.16,277.53108348134992,6,12,6,0,0,0,0,0,0,0,0,0,0,0,0,1,0.35,LB,37,2,E coli B,NA,NA,NA,NA,NA,NA,NA,NA,NA,NA,NA,NA,NA,ethanol,2,6,1,0,46.07,NA,NA,NA,NA,7.9272313499111902E-2,NA,NA,NA,3.06,NA,NA,NA
80,1,1,1,7,12,150.13,277.53108348134992,5,10,5,0,0,0,0,0,0,0,0,0,0,0,0,1,0.35,LB,37,2,SSY09 (pZSack),"ldhA, frdA, ackA, pflB","0,0,0,0",ack,0,1,0,0,0,0,0,0,0,0,ethanol,2,6,1,0,46.07,NA,NA,NA,NA,0.48330539520426286,NA,NA,NA,12.34,NA,NA,NA
80,1,1,1,8,12,150.13,133.21787783920601,5,10,5,0,0,0,0,0,0,0,0,0,0,0,0,1,0.35,MOPS,37,2,E coli B,NA,NA,NA,NA,NA,NA,NA,NA,NA,NA,NA,NA,NA,ethanol,2,6,1,0,46.07,NA,NA,NA,NA,0.18718910277759274,NA,NA,NA,1.54,NA,NA,NA
80,1,1,1,9,12,150.13,133.21787783920601,5,10,5,0,0,0,0,0,0,0,0,0,0,0,0,1,0.35,MOPS,37,2,SSY09 (pZSack),"ldhA, frdA, ackA, pflB","0,0,0,0",ack,0,1,0,0,0,0,0,0,0,0,ethanol,2,6,1,0,46.07,NA,NA,NA,NA,0.33448544594684609,NA,NA,NA,1.96,NA,NA,NA
80,1,1,1,10,12,150.13,333.04469459801504,5,10,5,0,0,0,0,0,0,0,0,0,0,0,0,1,0.35,LB,37,2,E coli B,NA,NA,NA,NA,NA,NA,NA,NA,NA,NA,NA,NA,NA,ethanol,2,6,1,0,46.07,NA,NA,NA,NA,0.24242523146606276,NA,NA,NA,1.9,NA,NA,NA
80,1,1,1,11,12,150.13,333.04469459801504,5,10,5,0,0,0,0,0,0,0,0,0,0,0,0,1,0.35,LB,37,2,SSY09 (pZSack),"ldhA, frdA, ackA, pflB","0,0,0,0",ack,0,1,0,0,0,0,0,0,0,0,ethanol,2,6,1,0,46.07,NA,NA,NA,NA,0.2792493172583761,NA,NA,NA,1.67,NA,NA,NA
80,1,1,1,12,12,150.13,333.04469459801504,5,10,5,0,0,0,0,0,0,0,0,0,0,0,0,1,0.35,LB,37,3,SSY09 (pZSack),"ldhA, frdA, ackA, pflB","0,0,0,0",ack,0,1,0,0,0,0,0,0,0,0,ethanol,2,6,1,0,46.07,NA,NA,NA,NA,0.50019383201225598,NA,NA,NA,6.84,NA,NA,NA
80,1,1,1,13,1,180.16,138.76554174067496,6,12,6,12,150.13,166.52234729900752,5,10,5,0,0,0,0,0,0,1,0.35,LB,37,3,SSY09 (pZSack),"ldhA, frdA, ackA, pflB","0,0,0,0",ack,0,1,0,0,0,0,0,0,0,0,ethanol,2,6,1,0,46.07,NA,NA,NA,NA,0.44913681915892101,NA,NA,NA,14.94,NA,NA,NA
81,1,1,1,1,1,180.16,277.53108348134992,6,12,6,0,0,0,0,0,0,0,0,0,0,0,0,1,8,M9,NA,2,SZ79 ldhL,"focA, pflB, frdB, frdC, adhE, ackA, ldhA, ldhL","0,0,0,0,0,0,0,1",NA,NA,NA,NA,NA,NA,NA,NA,NA,NA,NA,l-lactate,3,6,3,0,90,NA,NA,NA,NA,NA,NA,NA,42.57546,0.3589521,384,0.37,NA
81,1,1,1,2,1,180.16,277.53108348134992,6,12,6,0,0,0,0,0,0,0,0,0,0,0,0,1,8,M9,NA,2,SZ85 ldhL,"focA, pflB, frdB, frdC, adhE, ackA, ldhA, ldhL","0,0,0,0,0,0,0,1",NA,NA,NA,NA,NA,NA,NA,NA,NA,NA,NA,l-lactate,3,6,3,0,90,NA,NA,NA,NA,NA,NA,NA,44.980350000000001,0.63952259999999994,120,0.34699999999999998,NA
81,1,1,1,3,12,150.13,333.0446945980151,5,10,5,0,0,0,0,0,0,0,0,0,0,0,0,1,8,M9,NA,2,SZ85 ldhL,"focA, pflB, frdB, frdC, adhE, ackA, ldhA, ldhL","0,0,0,0,0,0,0,1",NA,NA,NA,NA,NA,NA,NA,NA,NA,NA,NA,l-lactate,3,6,3,0,90,NA,NA,NA,NA,NA,NA,NA,39.101729999999996,0.31530779999999997,300,0.47199999999999998,NA
82,1,1,1,1,1,180.16,555.06216696269985,6,12,6,0,0,0,0,0,0,0,0,0,0,0,0,1,0.35,LB,35,2,SZ63,"focA, pflB, frd, adhE, ackA","0,0,0,0,0",NA,NA,NA,NA,NA,NA,NA,NA,NA,NA,NA,d-lactate,3,5,3,0,89.07,NA,NA,NA,NA,NA,NA,NA,74.818799999999996,3.7854749999999999,120,NA,NA
82,1,1,1,2,1,180.16,555.06216696269985,6,12,6,0,0,0,0,0,0,0,0,0,0,0,0,1,0.35,LB,35,2,SZ110,"pflB, pdc, adhB, frd, frdA, casA, casB, lacY, celY","0,1,1,1,0,1,1,0,1",NA,NA,NA,NA,NA,NA,NA,NA,NA,NA,NA,d-lactate,3,5,3,0,89.07,NA,NA,NA,NA,NA,NA,NA,78.648809999999997,3.8567309999999995,120,NA,NA
82,1,1,1,3,1,180.16,555.06216696269985,6,12,6,0,0,0,0,0,0,0,0,0,0,0,0,1,0.35,LB,35,2,SZ132,"pflB, pdc, adhB, frd, frdA, casA, casB, lacY, celY","0,1,1,1,0,1,1,0,1",NA,NA,NA,NA,NA,NA,NA,NA,NA,1,NA,d-lactate,3,5,3,0,89.07,NA,NA,NA,NA,NA,NA,NA,89.15907,6.68025,48,NA,NA
82,1,1,1,4,2,342.3,292.14139643587498,12,22,11,0,0,0,0,0,0,0,0,0,0,0,0,1,0.35,LB,35,2,SZ110,"pflB, pdc, adhB, frd, frdA, casA, casB, lacY, celY","0,1,1,1,0,1,1,0,1",NA,NA,NA,NA,NA,NA,NA,NA,NA,NA,NA,d-lactate,3,5,3,0,89.07,NA,NA,NA,NA,NA,NA,NA,77.045549999999992,1.371678,168,NA,NA
82,1,1,1,5,2,342.3,292.14139643587498,12,22,11,0,0,0,0,0,0,0,0,0,0,0,0,1,0.35,LB,35,2,SZ132,"pflB, pdc, adhB, frd, frdA, casA, casB, lacY, celY","0,1,1,1,0,1,1,0,1",NA,NA,NA,NA,NA,NA,NA,NA,NA,1,NA,d-lactate,3,5,3,0,89.07,NA,NA,NA,NA,NA,NA,NA,95.393969999999996,2.5474019999999999,120,NA,NA
82,1,1,1,6,1,180.16,277.53108348134992,6,12,6,0,0,0,0,0,0,0,0,0,0,0,0,1,0.35,NBS,35,2,SZ63,"focA, pflB, frd, adhE, ackA","0,0,0,0,0",NA,NA,NA,NA,NA,NA,NA,NA,NA,NA,NA,d-lactate,3,5,3,0,89.07,NA,NA,NA,NA,NA,NA,NA,48.097799999999999,0.87288600000000005,168,NA,NA
82,1,1,1,7,1,180.16,277.53108348134992,6,12,6,0,0,0,0,0,0,0,0,0,0,0,0,1,0.35,NBS,35,2,SZ132,"pflB, pdc, adhB, frd, frdA, casA, casB, lacY, celY","0,1,1,1,0,1,1,0,1",NA,NA,NA,NA,NA,NA,NA,NA,NA,1,NA,d-lactate,3,5,3,0,89.07,NA,NA,NA,NA,NA,NA,NA,43.644300000000001,2.0040749999999998,36,NA,NA
82,1,1,1,8,2,342.3,146.07069821793749,12,22,11,0,0,0,0,0,0,0,0,0,0,0,0,1,0.35,NBS,35,2,SZ132,"pflB, pdc, adhB, frd, frdA, casA, casB, lacY, celY","0,1,1,1,0,1,1,0,1",NA,NA,NA,NA,NA,NA,NA,NA,NA,1,NA,d-lactate,3,5,3,0,89.07,NA,NA,NA,NA,NA,NA,NA,49.879199999999997,0.96195600000000003,72,NA,NA
82,1,1,1,9,1,180.16,555.06216696269985,6,12,6,0,0,0,0,0,0,0,0,0,0,0,0,1,0.35,NBS,35,2,SZ63,"focA, pflB, frd, adhE, ackA","0,0,0,0,0",NA,NA,NA,NA,NA,NA,NA,NA,NA,NA,NA,d-lactate,3,5,3,0,89.07,NA,NA,NA,NA,NA,NA,NA,37.409399999999998,0.41862899999999997,144,NA,NA
82,1,1,1,10,1,180.16,555.06216696269985,6,12,6,0,0,0,0,0,0,0,0,0,0,0,0,1,0.35,NBS,35,2,SZ132,"pflB, pdc, adhB, frd, frdA, casA, casB, lacY, celY","0,1,1,1,0,1,1,0,1",NA,NA,NA,NA,NA,NA,NA,NA,NA,1,NA,d-lactate,3,5,3,0,89.07,NA,NA,NA,NA,NA,NA,NA,62.348999999999997,0.99758399999999992,144,NA,NA
82,1,1,1,11,1,180.16,555.06216696269985,6,12,6,0,0,0,0,0,0,0,0,0,0,0,0,1,0.35,NBS,35,2,SZ186,"pflB, pdc, adhB, frd, frdA, lacY","0,1,1,1,0,0",NA,NA,NA,NA,NA,NA,NA,NA,NA,1,NA,d-lactate,3,5,3,0,89.07,NA,NA,NA,NA,NA,NA,NA,59.676899999999996,0.96195600000000003,144,NA,NA
82,1,1,1,12,2,342.3,292.14139643587498,12,22,11,0,0,0,0,0,0,0,0,0,0,0,0,1,0.35,NBS,35,2,SZ132,"pflB, pdc, adhB, frd, frdA, casA, casB, lacY, celY","0,1,1,1,0,1,1,0,1",NA,NA,NA,NA,NA,NA,NA,NA,NA,1,NA,d-lactate,3,5,3,0,89.07,NA,NA,NA,NA,NA,NA,NA,59.409689999999998,0.82835100000000006,144,NA,NA
82,1,1,1,13,2,342.3,292.14139643587498,12,22,11,0,0,0,0,0,0,0,0,0,0,0,0,1,0.35,NBS,35,2,SZ186,"pflB, pdc, adhB, frd, frdA, lacY","0,1,1,1,0,0",NA,NA,NA,NA,NA,NA,NA,NA,NA,1,NA,d-lactate,3,5,3,0,89.07,NA,NA,NA,NA,NA,NA,NA,56.648519999999998,0.92632800000000004,144,NA,NA
83,1,0,1,1,1,180.16,555.06216696269985,6,12,6,0,0,0,0,0,0,0,0,0,0,0,0,1,0.35,NBS,35,2,SZ132,"pflB, pdc, adhB, frd, frdA, casA, casB, lacY, celY","0,1,1,1,0,1,1,0,1",NA,NA,NA,NA,NA,NA,NA,NA,NA,1,NA,d-lactate,3,5,3,0,89.07,NA,NA,NA,NA,NA,0.85035746003552393,NA,82.835099999999997,NA,NA,NA,NA
83,1,0,1,2,1,180.16,555.06216696269985,6,12,6,0,0,0,0,0,0,0,0,0,0,0,0,1,0.35,NBS,35,2,SZ136,"pflB, pdc, adhB, frd, frdA, casA, casB, lacY, celY","0,1,1,1,0,1,1,0,1",NA,NA,NA,NA,NA,NA,NA,NA,NA,1,NA,d-lactate,3,5,3,0,89.07,NA,NA,NA,NA,NA,0.66248778863232671,NA,65.822729999999993,NA,NA,NA,NA
83,1,0,1,3,1,180.16,555.06216696269985,6,12,6,0,0,0,0,0,0,0,0,0,0,0,0,1,0.35,NBS,35,2,SZ162,"pflB, pdc, adhB, frd, frdA, casA, casB, lacY, celY, frdB, frdC, adhE","0,1,1,1,0,0,0,0,0",NA,NA,NA,NA,NA,NA,NA,NA,NA,1,NA,d-lactate,3,5,3,0,89.07,NA,NA,NA,NA,NA,0.94923623445825922,NA,58.786200000000001,NA,NA,NA,NA
83,1,0,1,4,1,180.16,555.06216696269985,6,12,6,0,0,0,0,0,0,0,0,0,0,0,0,1,0.35,NBS,35,2,SZ186,"pflB, pdc, adhB, frd, frdA, lacY, frdB, frdC, adhE","0,1,1,1,0,0",NA,NA,NA,NA,NA,NA,NA,NA,NA,1,NA,d-lactate,3,5,3,0,89.07,NA,NA,NA,NA,NA,0.97889986678507979,NA,59.676899999999996,NA,NA,NA,NA
83,1,0,1,5,1,180.16,555.06216696269985,6,12,6,0,0,0,0,0,0,0,0,0,0,0,0,1,0.35,NBS,35,2,SZ186,"pflB, pdc, adhB, frd, frdA, lacY, frdB, frdC, adhE","0,1,1,1,0,0",NA,NA,NA,NA,NA,NA,NA,NA,NA,1,NA,d-lactate,3,5,3,0,89.07,NA,NA,NA,NA,NA,0.9690119893428063,NA,66.268079999999998,NA,NA,NA,NA
83,1,0,1,6,1,180.16,555.06216696269985,6,12,6,0,0,0,0,0,0,0,0,0,0,0,0,1,0.35,NBS,35,2,SZ194,"pflB, pdc, adhB, frd, frdA, lacY","0,1,1,1,0,0",NA,NA,NA,NA,NA,NA,NA,NA,NA,1,NA,d-lactate,3,5,3,0,89.07,NA,NA,NA,NA,NA,0.94923623445825922,NA,73.393680000000003,NA,NA,NA,NA
83,1,0,1,7,1,180.16,555.06216696269985,6,12,6,0,0,0,0,0,0,0,0,0,0,0,0,1,0.35,LB,35,2,SZ194,"pflB, pdc, adhB, frd, frdA, lacY","0,1,1,1,0,0",NA,NA,NA,NA,NA,NA,NA,NA,NA,1,NA,d-lactate,3,5,3,0,89.07,NA,NA,NA,NA,NA,0.90968472468916506,NA,60.30039,NA,NA,NA,NA
83,1,0,1,8,1,180.16,555.06216696269985,6,12,6,0,0,0,0,0,0,0,0,0,0,0,0,1,0.35,LB,35,2,SZ194,"pflB, pdc, adhB, frd, frdA, lacY","0,1,1,1,0,0",NA,NA,NA,NA,NA,NA,NA,NA,NA,1,NA,d-lactate,3,5,3,0,89.07,NA,NA,NA,NA,NA,0.93934835701598574,NA,72.413910000000001,NA,NA,NA,NA
83,1,0,1,9,1,180.16,555.06216696269985,6,12,6,0,0,0,0,0,0,0,0,0,0,0,0,1,0.35,LB,35,2,SZ194,"pflB, pdc, adhB, frd, frdA, lacY","0,1,1,1,0,0",NA,NA,NA,NA,NA,NA,NA,NA,NA,1,NA,d-lactate,3,5,3,0,89.07,NA,NA,NA,NA,NA,0.95912411190053271,NA,95.304899999999989,NA,NA,NA,NA
83,1,0,1,10,1,180.16,555.06216696269985,6,12,6,0,0,0,0,0,0,0,0,0,0,0,0,1,0.35,LB,35,2,SZ194,"pflB, pdc, adhB, frd, frdA, lacY","0,1,1,1,0,0",NA,NA,NA,NA,NA,NA,NA,NA,NA,1,NA,d-lactate,3,5,3,0,89.07,NA,NA,NA,NA,NA,0.94923623445825922,NA,94.414199999999994,NA,NA,NA,NA
83,1,0,1,11,1,180.16,666.07460035523991,6,12,6,0,0,0,0,0,0,0,0,0,0,0,0,1,0.35,NBS,35,2,SZ194,"pflB, pdc, adhB, frd, frdA, lacY","0,1,1,1,0,0",NA,NA,NA,NA,NA,NA,NA,NA,NA,1,NA,d-lactate,3,5,3,0,89.07,NA,NA,NA,NA,NA,0.93934835701598574,NA,90.851399999999998,NA,NA,NA,NA
83,1,0,1,12,1,180.16,777.08703374777986,6,12,6,0,0,0,0,0,0,0,0,0,0,0,0,1,0.35,NBS,35,2,SZ194,"pflB, pdc, adhB, frd, frdA, lacY","0,1,1,1,0,0",NA,NA,NA,NA,NA,NA,NA,NA,NA,1,NA,d-lactate,3,5,3,0,89.07,NA,NA,NA,NA,NA,0.93934835701598574,NA,109.37796,NA,NA,NA,NA
83,1,0,1,13,1,180.16,777.08703374777986,6,12,6,0,0,0,0,0,0,0,0,0,0,0,0,1,0.35,NBS,35,2,SZ194,"pflB, pdc, adhB, frd, frdA, lacY","0,1,1,1,0,0",NA,NA,NA,NA,NA,NA,NA,NA,NA,1,NA,d-lactate,3,5,3,0,89.07,NA,NA,NA,NA,NA,0.93934835701598574,NA,108.39819,NA,NA,NA,NA
83,1,0,1,14,1,180.16,666.07460035523991,6,12,6,0,0,0,0,0,0,0,0,0,0,0,0,3,0.35,NBS,35,2,SZ194,"pflB, pdc, adhB, frd, frdA, lacY","0,1,1,1,0,0",NA,NA,NA,NA,NA,NA,NA,NA,NA,1,NA,d-lactate,3,5,3,0,89.07,NA,NA,NA,NA,NA,0.91957260213143865,NA,108.30911999999999,NA,NA,NA,NA
84,1,1,1,1,1,180.16,11.101243339253998,6,12,6,0,0,0,0,0,0,0,0,0,0,0,0,1,1.7999999999999999E-2,LB,35,2,E coli B,NA,NA,NA,NA,NA,NA,NA,NA,NA,NA,NA,NA,NA,ethanol,2,6,1,0,46.07,NA,NA,NA,NA,NA,NA,NA,0.32986120000000002,NA,48,0.56799999999999995,NA
84,1,1,1,2,1,180.16,11.101243339253998,6,12,6,0,0,0,0,0,0,0,0,0,0,0,0,1,1.7999999999999999E-2,LB,35,2,SZ298,"frdB, frdC","0,0",NA,NA,NA,NA,NA,NA,NA,NA,NA,NA,NA,ethanol,2,6,1,0,46.07,NA,NA,NA,NA,NA,NA,NA,0.294848,NA,48,0.54500000000000004,NA
84,1,1,1,3,1,180.16,11.101243339253998,6,12,6,0,0,0,0,0,0,0,0,0,0,0,0,1,1.7999999999999999E-2,LB,35,2,SZ300,"frdB, frdC, ldhA","0,0,0",NA,NA,NA,NA,NA,NA,NA,NA,NA,NA,NA,ethanol,2,6,1,0,46.07,NA,NA,NA,NA,NA,NA,NA,0.608124,NA,48,0.51800000000000002,NA
84,1,1,1,4,1,180.16,11.101243339253998,6,12,6,0,0,0,0,0,0,0,0,0,0,0,0,1,1.7999999999999999E-2,LB,35,2,SZ303,"frdB, frdC, ldhA, ackA","0,0,0,0",NA,NA,NA,NA,NA,NA,NA,NA,NA,NA,NA,ethanol,2,6,1,0,46.07,NA,NA,NA,NA,NA,NA,NA,0.70487100000000003,NA,48,0.54500000000000004,NA
84,1,1,1,5,1,180.16,11.101243339253998,6,12,6,0,0,0,0,0,0,0,0,0,0,0,0,1,1.7999999999999999E-2,LB,35,2,SZ420,"frdB, frdC, ldhA, ackA, focA, pflB, pdhR, pflB, aceE, aceF, lpd","0,0,0,0,0,0,0,1,1,1,1",NA,NA,NA,NA,NA,NA,NA,NA,NA,NA,NA,ethanol,2,6,1,0,46.07,NA,NA,NA,NA,NA,NA,NA,2.0501149999999999,NA,48,0.71299999999999997,NA
84,1,1,1,6,1,180.16,277.53108348134992,6,12,6,0,0,0,0,0,0,0,0,0,0,0,0,1,0.35,LB,35,2,E coli B,NA,NA,NA,NA,NA,NA,NA,NA,NA,NA,NA,NA,NA,ethanol,2,6,1,0,46.07,NA,NA,NA,NA,NA,NA,NA,310,NA,192,1.8,NA
84,1,1,1,7,1,180.16,277.53108348134992,6,12,6,0,0,0,0,0,0,0,0,0,0,0,0,1,0.35,LB,35,2,SZ420,"frdB, frdC, ldhA, ackA, focA, pflB, pdhR, pflB, aceE, aceF, lpd","0,0,0,0,0,0,0,1,1,1,1",NA,NA,NA,NA,NA,NA,NA,NA,NA,NA,NA,ethanol,2,6,1,0,46.07,NA,NA,NA,NA,NA,NA,NA,350,NA,192,NA,NA
84,1,1,1,8,1,180.16,333.04469459801504,6,12,6,0,0,0,0,0,0,0,0,0,0,0,0,1,0.35,LB,35,2,E coli B,NA,NA,NA,NA,NA,NA,NA,NA,NA,NA,NA,NA,NA,ethanol,2,6,1,0,46.07,NA,NA,NA,NA,NA,NA,NA,370,NA,192,1.4,NA
84,1,1,1,9,1,180.16,333.04469459801504,6,12,6,0,0,0,0,0,0,0,0,0,0,0,0,1,0.35,LB,35,2,SZ420,"frdB, frdC, ldhA, ackA, focA, pflB, pdhR, pflB, aceE, aceF, lpd","0,0,0,0,0,0,0,1,1,1,1",NA,NA,NA,NA,NA,NA,NA,NA,NA,NA,NA,ethanol,2,6,1,0,46.07,NA,NA,NA,NA,NA,NA,NA,290,NA,192,NA,NA
85,1,0,1,1,1,180.16,3885.4351687388989,6,12,6,6,60.05,1815.1540383014155,2,3,2,0,0,0,0,0,0,1,2.5,M9,37,1,YYC202,"aceE, aceF, pflB, poxB, pps","0,0,0,0,0",NA,NA,NA,NA,NA,NA,NA,NA,NA,NA,NA,pyruvate,3,4,3,0,88,NA,NA,NA,NA,0.16428174955595026,NA,NA,18.399999999999999,0.51249999999999996,35,NA,NA
85,1,0,1,2,1,180.16,3885.4351687388989,6,12,6,6,60.05,1815.1540383014155,2,3,2,0,0,0,0,0,0,1,2.5,M9,37,1,YYC202,"aceE, aceF, pflB, poxB, pps","0,0,0,0,0",NA,NA,NA,NA,NA,NA,NA,NA,NA,NA,NA,pyruvate,3,4,3,0,88,NA,NA,NA,NA,0.41553619005328596,NA,NA,45.8,1.9375,24,NA,NA
85,1,0,1,3,1,180.16,3885.4351687388989,6,12,6,6,60.05,1815.1540383014155,2,3,2,0,0,0,0,0,0,1,2.5,M9,37,1,YYC202,"aceE, aceF, pflB, poxB, pps","0,0,0,0,0",NA,NA,NA,NA,NA,NA,NA,NA,NA,NA,NA,pyruvate,3,4,3,0,88,NA,NA,NA,NA,0.38654529307282415,NA,NA,44,1.25,35,NA,NA
85,1,0,1,4,1,180.16,3885.4351687388989,6,12,6,6,60.05,1815.1540383014155,2,3,2,0,0,0,0,0,0,1,2.5,M9,37,1,YYC202 ldhA:kan,"aceE, aceF, pflB, poxB, pps, ldhA","0,0,0,0,0,0",NA,NA,NA,NA,NA,NA,NA,NA,NA,NA,NA,pyruvate,3,4,3,0,88,NA,NA,NA,NA,0.20293627886323268,NA,NA,21.3,0.61249999999999993,35,NA,NA
85,1,0,1,5,1,180.16,3885.4351687388989,6,12,6,6,60.05,1815.1540383014155,2,3,2,0,0,0,0,0,0,1,2.5,M9,37,1,YYC202 ldhA:kan,"aceE, aceF, pflB, poxB, pps, ldhA","0,0,0,0,0,0",NA,NA,NA,NA,NA,NA,NA,NA,NA,NA,NA,pyruvate,3,4,3,0,88,NA,NA,NA,NA,0.32856349911190053,NA,NA,35.700000000000003,1.0166666666666666,35,NA,NA
85,1,0,1,6,1,180.16,3885.4351687388989,6,12,6,6,60.05,1815.1540383014155,2,3,2,0,0,0,0,0,0,1,2.5,M9,37,1,YYC202 ldhA:kan,"aceE, aceF, pflB, poxB, pps, ldhA","0,0,0,0,0,0",NA,NA,NA,NA,NA,NA,NA,NA,NA,NA,NA,pyruvate,3,4,3,0,88,NA,NA,NA,NA,0.46385435168738898,NA,NA,55.7,1.5,35,NA,NA
85,1,0,1,7,1,180.16,3885.4351687388989,6,12,6,6,60.05,1815.1540383014155,2,3,2,0,0,0,0,0,0,1,2.5,M9,37,1,YYC202 ldhA:kan,"aceE, aceF, pflB, poxB, pps, ldhA","0,0,0,0,0,0",NA,NA,NA,NA,NA,NA,NA,NA,NA,NA,NA,pyruvate,3,4,3,0,88,NA,NA,NA,NA,0.53633159413854359,NA,NA,62,1.75,35,NA,NA
86,1,1,1,1,1,180.16,111.01243339253996,6,12,6,0,0,0,0,0,0,0,0,0,0,0,0,1,0.1,M9,37,3,BW25113,"lacIq, rrnBT14, lacZ, hsdR, araB, araA, araD, rhaB, rhaA, rhaD","1,1,0,1,0,0,0,0,0,0",NA,NA,NA,NA,NA,NA,NA,NA,NA,NA,NA,l-lactate,3,6,3,0,90,NA,NA,NA,NA,NA,NA,NA,1.76,NA,24,NA,NA
86,1,1,1,2,1,180.16,111.01243339253996,6,12,6,0,0,0,0,0,0,0,0,0,0,0,0,1,0.1,M9,37,3,Bwa,"lacIq, rrnBT14, lacZ, hsdR, araB, araA, araD, rhaB, rhaA, rhaD, ackA, pta","1,1,0,1,0,0,0,0,0,0,0,0",NA,NA,NA,NA,NA,NA,NA,NA,NA,NA,NA,l-lactate,3,6,3,0,90,NA,NA,NA,NA,NA,NA,NA,2.2999999999999998,NA,24,NA,NA
86,1,1,1,3,1,180.16,111.01243339253996,6,12,6,0,0,0,0,0,0,0,0,0,0,0,0,1,0.1,M9,37,3,Bwap,"lacIq, rrnBT14, lacZ, hsdR, araB, araA, araD, rhaB, rhaA, rhaD, ackA, pta, poxB","1,1,0,1,0,0,0,0,0,0,0,0,0",NA,NA,NA,NA,NA,NA,NA,NA,NA,NA,NA,l-lactate,3,6,3,0,90,NA,NA,NA,NA,NA,NA,NA,2.2000000000000002,NA,24,NA,NA
86,1,1,1,4,1,180.16,111.01243339253996,6,12,6,0,0,0,0,0,0,0,0,0,0,0,0,1,0.1,M9,37,3,Bwapl,"lacIq, rrnBT14, lacZ, hsdR, araB, araA, araD, rhaB, rhaA, rhaD, ackA, pta, poxB, ldhA","1,1,0,1,0,0,0,0,0,0,0,0,0,0",NA,NA,NA,NA,NA,NA,NA,NA,NA,NA,NA,l-lactate,3,6,3,0,90,NA,NA,NA,NA,NA,NA,NA,0,NA,24,NA,NA
86,1,1,1,5,1,180.16,111.01243339253996,6,12,6,0,0,0,0,0,0,0,0,0,0,0,0,1,0.1,M9,37,3,Bwapld,"lacIq, rrnBT14, lacZ, hsdR, araB, araA, araD, rhaB, rhaA, rhaD, ackA, pta, poxB, ldhA, adhE","1,1,0,1,0,0,0,0,0,0,0,0,0,0,0",NA,NA,NA,NA,NA,NA,NA,NA,NA,NA,NA,l-lactate,3,6,3,0,90,NA,NA,NA,NA,NA,NA,NA,0,NA,24,NA,NA
86,1,1,1,6,1,180.16,111.01243339253996,6,12,6,0,0,0,0,0,0,0,0,0,0,0,0,1,0.1,M9,37,3,Bwapldf,"lacIq, rrnBT14, lacZ, hsdR, araB, araA, araD, rhaB, rhaA, rhaD, ackA, pta, poxB, ldhA, adhE, pflB","1,1,0,1,0,0,0,0,0,0,0,0,0,0,0,0",NA,NA,NA,NA,NA,NA,NA,NA,NA,NA,NA,l-lactate,3,6,3,0,90,NA,NA,NA,NA,NA,NA,NA,0,NA,24,NA,NA
86,1,1,1,7,1,180.16,111.01243339253996,6,12,6,0,0,0,0,0,0,0,0,0,0,0,0,1,0.1,M9,37,3,BW25113 (pKCAB),"lacIq, rrnBT14, lacZ, hsdR, araB, araA, araD, rhaB, rhaA, rhaD","1,1,0,1,0,0,0,0,0,0","phbA, phbB, phbC","0,0,0","1,1,1","1,1,1","6,6,6","0,0,0","0,0,0","0,0,0","0,0,0","0,0,0","0,0,0",PHB,32,34,4,4,641.61,NA,NA,NA,NA,NA,NA,NA,0.13,NA,48,0.44,NA
86,1,1,1,8,1,180.16,111.01243339253996,6,12,6,0,0,0,0,0,0,0,0,0,0,0,0,1,0.1,M9,37,3,Bwa (pKCAB),"lacIq, rrnBT14, lacZ, hsdR, araB, araA, araD, rhaB, rhaA, rhaD, ackA, pta","1,1,0,1,0,0,0,0,0,0,0,0","phbA, phbB, phbC","0,0,0","1,1,1","1,1,1","6,6,6","0,0,0","0,0,0","0,0,0","0,0,0","0,0,0","0,0,0",PHB,32,34,4,4,641.61,NA,NA,NA,NA,NA,NA,NA,0.35,NA,48,0.55000000000000004,NA
86,1,1,1,9,1,180.16,111.01243339253996,6,12,6,0,0,0,0,0,0,0,0,0,0,0,0,1,0.1,M9,37,3,Bwap (pKCAB),"lacIq, rrnBT14, lacZ, hsdR, araB, araA, araD, rhaB, rhaA, rhaD, ackA, pta, poxB","1,1,0,1,0,0,0,0,0,0,0,0,0","phbA, phbB, phbC","0,0,0","1,1,1","1,1,1","6,6,6","0,0,0","0,0,0","0,0,0","0,0,0","0,0,0","0,0,0",PHB,32,34,4,4,641.61,NA,NA,NA,NA,NA,NA,NA,0.41,NA,48,0.64,NA
86,1,1,1,10,1,180.16,111.01243339253996,6,12,6,0,0,0,0,0,0,0,0,0,0,0,0,1,0.1,M9,37,3,Bwapl (pKCAB),"lacIq, rrnBT14, lacZ, hsdR, araB, araA, araD, rhaB, rhaA, rhaD, ackA, pta, poxB, ldhA","1,1,0,1,0,0,0,0,0,0,0,0,0,0","phbA, phbB, phbC","0,0,0","1,1,1","1,1,1","6,6,6","0,0,0","0,0,0","0,0,0","0,0,0","0,0,0","0,0,0",PHB,32,34,4,4,641.61,NA,NA,NA,NA,NA,NA,NA,0.42,NA,48,0.73,NA
86,1,1,1,11,1,180.16,111.01243339253996,6,12,6,0,0,0,0,0,0,0,0,0,0,0,0,1,0.1,M9,37,3,Bwapld (pKCAB),"lacIq, rrnBT14, lacZ, hsdR, araB, araA, araD, rhaB, rhaA, rhaD, ackA, pta, poxB, ldhA, adhE","1,1,0,1,0,0,0,0,0,0,0,0,0,0,0","phbA, phbB, phbC","0,0,0","1,1,1","1,1,1","6,6,6","0,0,0","0,0,0","0,0,0","0,0,0","0,0,0","0,0,0",PHB,32,34,4,4,641.61,NA,NA,NA,NA,NA,NA,NA,0.45,NA,48,0.95,NA
86,1,1,1,12,1,180.16,111.01243339253996,6,12,6,0,0,0,0,0,0,0,0,0,0,0,0,1,0.1,M9,37,3,Bwapldf (pKCAB),"lacIq, rrnBT14, lacZ, hsdR, araB, araA, araD, rhaB, rhaA, rhaD, ackA, pta, poxB, ldhA, adhE, pflB","1,1,0,1,0,0,0,0,0,0,0,0,0,0,0,0","phbA, phbB, phbC","0,0,0","1,1,1","1,1,1","6,6,6","0,0,0","0,0,0","0,0,0","0,0,0","0,0,0","0,0,0",PHB,32,34,4,4,641.61,NA,NA,NA,NA,NA,NA,NA,0.33,NA,48,0.88,NA
86,1,1,1,13,1,180.16,111.01243339253996,6,12,6,0,0,0,0,0,0,0,0,0,0,0,0,1,0.1,M9,37,2,BW25113 (pKCAB),"lacIq, rrnBT14, lacZ, hsdR, araB, araA, araD, rhaB, rhaA, rhaD","1,1,0,1,0,0,0,0,0,0","phbA, phbB, phbC","0,0,0","1,1,1","1,1,1","6,6,6","0,0,0","0,0,0","0,0,0","0,0,0","0,0,0","0,0,0",PHA,32,34,4,4,641.61,NA,NA,NA,NA,NA,NA,NA,0.11,NA,48,0.37,NA
86,1,1,1,14,1,180.16,111.01243339253996,6,12,6,0,0,0,0,0,0,0,0,0,0,0,0,1,0.1,M9,37,2,Bwa (pKCAB),"lacIq, rrnBT14, lacZ, hsdR, araB, araA, araD, rhaB, rhaA, rhaD, ackA, pta","1,1,0,1,0,0,0,0,0,0,0,0","phbA, phbB, phbC","0,0,0","1,1,1","1,1,1","6,6,6","0,0,0","0,0,0","0,0,0","0,0,0","0,0,0","0,0,0",PHA,32,34,4,4,641.61,NA,NA,NA,NA,NA,NA,NA,0.27,NA,48,0.59,NA
86,1,1,1,15,1,180.16,111.01243339253996,6,12,6,0,0,0,0,0,0,0,0,0,0,0,0,1,0.1,M9,37,2,Bwap (pKCAB),"lacIq, rrnBT14, lacZ, hsdR, araB, araA, araD, rhaB, rhaA, rhaD, ackA, pta, poxB","1,1,0,1,0,0,0,0,0,0,0,0,0","phbA, phbB, phbC","0,0,0","1,1,1","1,1,1","6,6,6","0,0,0","0,0,0","0,0,0","0,0,0","0,0,0","0,0,0",PHA,32,34,4,4,641.61,NA,NA,NA,NA,NA,NA,NA,0.18,NA,48,0.62,NA
86,1,1,1,16,1,180.16,111.01243339253996,6,12,6,0,0,0,0,0,0,0,0,0,0,0,0,1,0.1,M9,37,2,Bwapl (pKCAB),"lacIq, rrnBT14, lacZ, hsdR, araB, araA, araD, rhaB, rhaA, rhaD, ackA, pta, poxB, ldhA","1,1,0,1,0,0,0,0,0,0,0,0,0,0","phbA, phbB, phbC","0,0,0","1,1,1","1,1,1","6,6,6","0,0,0","0,0,0","0,0,0","0,0,0","0,0,0","0,0,0",PHA,32,34,4,4,641.61,NA,NA,NA,NA,NA,NA,NA,0.3,NA,48,0.71,NA
86,1,1,1,17,1,180.16,111.01243339253996,6,12,6,0,0,0,0,0,0,0,0,0,0,0,0,1,0.1,M9,37,2,Bwapld (pKCAB),"lacIq, rrnBT14, lacZ, hsdR, araB, araA, araD, rhaB, rhaA, rhaD, ackA, pta, poxB, ldhA, adhE","1,1,0,1,0,0,0,0,0,0,0,0,0,0,0","phbA, phbB, phbC","0,0,0","1,1,1","1,1,1","6,6,6","0,0,0","0,0,0","0,0,0","0,0,0","0,0,0","0,0,0",PHA,32,34,4,4,641.61,NA,NA,NA,NA,NA,NA,NA,0.04,NA,48,0.17,NA
86,1,1,1,18,1,180.16,111.01243339253996,6,12,6,0,0,0,0,0,0,0,0,0,0,0,0,1,0.1,M9,37,2,Bwapldf (pKCAB),"lacIq, rrnBT14, lacZ, hsdR, araB, araA, araD, rhaB, rhaA, rhaD, ackA, pta, poxB, ldhA, adhE, pflB","1,1,0,1,0,0,0,0,0,0,0,0,0,0,0,0","phbA, phbB, phbC","0,0,0","1,1,1","1,1,1","6,6,6","0,0,0","0,0,0","0,0,0","0,0,0","0,0,0","0,0,0",PHA,32,34,4,4,641.61,NA,NA,NA,NA,NA,NA,NA,0.03,NA,48,0.14000000000000001,NA
87,1,1,1,1,1,180.16,444.04973357015984,6,12,6,0,0,0,0,0,0,0,0,0,0,0,0,1,6,LB,37,2,TCS083/pLOI297,"zwf, ndh, sfcA, maeB, ldhA, frdA, poxB, pta","0,0,0,0,0,0,0,0","pdc, adhB","0,0","1,1","1,1","15,15","0,0","0,0","0,0","0,0","0,0","0,0",ethanol,2,6,1,0,46.07,NA,NA,NA,NA,NA,NA,NA,38.770000000000003,NA,NA,3.11,NA
87,1,1,1,2,12,150.13,532.87151135682404,5,10,5,0,0,0,0,0,0,0,0,0,0,0,0,1,6,LB,37,2,TCS083/pLOI297,"zwf, ndh, sfcA, maeB, ldhA, frdA, poxB, pta","0,0,0,0,0,0,0,0","pdc, adhB","0,0","1,1","1,1","15,15","0,0","0,0","0,0","0,0","0,0","0,0",ethanol,2,6,1,0,46.07,NA,NA,NA,NA,NA,NA,NA,39.07,NA,NA,3.25,NA
87,1,1,1,3,1,180.16,222.02486678507992,6,12,6,12,150.13,266.43575567841202,5,10,5,0,0,0,0,0,0,1,6,LB,37,2,TCS083/pLOI297,"zwf, ndh, sfcA, maeB, ldhA, frdA, poxB, pta","0,0,0,0,0,0,0,0","pdc, adhB","0,0","1,1","1,1","15,15","0,0","0,0","0,0","0,0","0,0","0,0",ethanol,2,6,1,0,46.07,NA,NA,NA,NA,NA,NA,NA,38.81,NA,NA,3.54,NA
87,1,1,1,4,1,180.16,222.02486678507992,6,12,6,12,150.13,266.43575567841202,5,10,5,0,0,0,0,0,0,1,6,LB,37,2,CT1101/pLOI297,"zwf, ndh, sfcA, maeB, ldhA, frdA, poxB, pta, ptsG, glk, manX","0,0,0,0,0,0,0,0,0,0,0","pdc, adhB","0,0","1,1","1,1","15,15","0,0","0,0","0,0","0,0","0,0","0,0",ethanol,2,6,1,0,46.07,NA,NA,NA,NA,NA,NA,NA,20.03,NA,NA,1.48,NA
88,1,1,1,1,1,180.16,55.506216696269981,6,12,6,0,0,0,0,0,0,0,0,0,0,0,0,1,0.1,LB,37,2,NZN111,"rpoS, rph, pflA, pflB, ldhA","0,0,0,0,0",NA,NA,NA,NA,NA,NA,NA,NA,NA,NA,NA,succinate,4,6,4,0,118,NA,NA,NA,NA,0.53,NA,NA,NA,NA,NA,NA,NA
88,1,1,1,2,1,180.16,55.506216696269981,6,12,6,0,0,0,0,0,0,0,0,0,0,0,0,1,0.1,LB,37,2,NZN111/pTrc99A-pyc,"rpoS, rph, pflA, pflB, ldhA","0,0,0,0,0",pyc,0,1,1,3,0,0,0,0,0,0,succinate,4,6,4,0,118,NA,NA,NA,NA,0.77,NA,NA,NA,NA,NA,NA,NA
88,1,1,1,3,1,180.16,55.506216696269981,6,12,6,0,0,0,0,0,0,0,0,0,0,0,0,1,0.1,LB,37,2,NZN111/pTrc99A-pyc,"rpoS, rph, pflA, pflB, ldhA","0,0,0,0,0",pyc,0,1,1,3,0,0,0,0,0,0,succinate,4,6,4,0,118,NA,NA,NA,NA,0.81,NA,NA,NA,NA,NA,NA,NA
88,1,1,1,4,1,180.16,55.506216696269981,6,12,6,0,0,0,0,0,0,0,0,0,0,0,0,1,0.1,LB,37,2,AFP111,"rpoS, rph, pflA, pflB, ldhA, ptsG","0,0,0,0,0,0",NA,NA,NA,NA,NA,NA,NA,NA,NA,NA,NA,succinate,4,6,4,0,118,NA,NA,NA,NA,0.88,NA,NA,NA,NA,NA,NA,NA
88,1,1,1,5,1,180.16,55.506216696269981,6,12,6,0,0,0,0,0,0,0,0,0,0,0,0,1,0.1,LB,37,2,AFP111/pTrc99A-pyc,"rpoS, rph, pflA, pflB, ldhA, ptsG","0,0,0,0,0,0",pyc,0,1,1,3,0,0,0,0,0,0,succinate,4,6,4,0,118,NA,NA,NA,NA,0.96,NA,NA,NA,NA,NA,NA,NA
88,1,1,1,6,1,180.16,55.506216696269981,6,12,6,0,0,0,0,0,0,0,0,0,0,0,0,1,0.1,LB,37,2,AFP111/pTrc99A-pyc,"rpoS, rph, pflA, pflB, ldhA, ptsG","0,0,0,0,0,0",pyc,0,1,1,3,0,0,0,0,0,0,succinate,4,6,4,0,118,NA,NA,NA,NA,0.35,NA,NA,NA,NA,NA,NA,NA
88,1,1,1,7,1,180.16,55.506216696269981,6,12,6,0,0,0,0,0,0,0,0,0,0,0,0,1,0.1,LB,37,2,AFP111/pTrc99A-pyc,"rpoS, rph, pflA, pflB, ldhA, ptsG","0,0,0,0,0,0",pyc,0,1,1,3,0,0,0,0,0,0,succinate,4,6,4,0,118,NA,NA,NA,NA,0.91,NA,NA,NA,NA,NA,NA,NA
88,1,0,1,8,1,180.16,55.506216696269981,6,12,6,0,0,0,0,0,0,0,0,0,0,0,0,1,0.1,LB,37,2,NZN111,"rpoS, rph, pflA, pflB, ldhA","0,0,0,0,0",NA,NA,NA,NA,NA,NA,NA,NA,NA,NA,NA,succinate,4,6,4,0,118,NA,NA,NA,NA,0.56000000000000005,NA,NA,NA,NA,NA,NA,NA
88,1,0,1,9,1,180.16,55.506216696269981,6,12,6,0,0,0,0,0,0,0,0,0,0,0,0,1,0.1,LB,37,2,NZN111/pTrc99A-pyc,"rpoS, rph, pflA, pflB, ldhA","0,0,0,0,0",pyc,0,1,1,3,0,0,0,0,0,0,succinate,4,6,4,0,118,NA,NA,NA,NA,0.81,NA,NA,NA,NA,NA,NA,NA
88,1,0,1,10,1,180.16,55.506216696269981,6,12,6,0,0,0,0,0,0,0,0,0,0,0,0,1,0.1,LB,37,2,NZN111/pTrc99A-pyc,"rpoS, rph, pflA, pflB, ldhA","0,0,0,0,0",pyc,0,1,1,3,0,0,0,0,0,0,succinate,4,6,4,0,118,NA,NA,NA,NA,0.93,NA,NA,NA,NA,NA,NA,NA
88,1,0,1,11,1,180.16,55.506216696269981,6,12,6,0,0,0,0,0,0,0,0,0,0,0,0,1,0.1,LB,37,2,AFP111,"rpoS, rph, pflA, pflB, ldhA, ptsG","0,0,0,0,0,0",NA,NA,NA,NA,NA,NA,NA,NA,NA,NA,NA,succinate,4,6,4,0,118,NA,NA,NA,NA,0.85,NA,NA,NA,NA,NA,NA,NA
88,1,0,1,12,1,180.16,55.506216696269981,6,12,6,0,0,0,0,0,0,0,0,0,0,0,0,1,0.1,LB,37,2,AFP111/pTrc99A-pyc,"rpoS, rph, pflA, pflB, ldhA, ptsG","0,0,0,0,0,0",pyc,0,1,1,3,0,0,0,0,0,0,succinate,4,6,4,0,118,NA,NA,NA,NA,0.9,NA,NA,NA,NA,NA,NA,NA
88,1,0,1,13,1,180.16,55.506216696269981,6,12,6,0,0,0,0,0,0,0,0,0,0,0,0,1,0.1,LB,37,2,AFP111/pTrc99A-pyc,"rpoS, rph, pflA, pflB, ldhA, ptsG","0,0,0,0,0,0",pyc,0,1,1,3,0,0,0,0,0,0,succinate,4,6,4,0,118,NA,NA,NA,NA,0.96,NA,NA,NA,NA,NA,NA,NA
88,1,0,1,14,1,180.16,55.506216696269981,6,12,6,0,0,0,0,0,0,0,0,0,0,0,0,1,0.1,LB,37,2,AFP111 deltappc,"rpoS, rph, pflA, pflB, ldhA, ptsG, ppc","0,0,0,0,0,0,0",NA,NA,NA,NA,NA,NA,NA,NA,NA,NA,NA,succinate,4,6,4,0,118,NA,NA,NA,NA,0.54,NA,NA,NA,NA,NA,NA,NA
89,1,1,1,1,1,180.16,55.506216696269981,6,12,6,0,0,0,0,0,0,0,0,0,0,0,0,1,0.02,TB,37,2,JHL26,"atoD, atoA, adhE, ldhA, paaF, paaG, paaH, frdA, frdB, frdC, frdD, pta","0,0,0,0,0,0,0,0,0,0,0,0","crt, hbd, ter, tesB","0,0,0,0","1,1,1,1","1,1,1,0","1,1,1,1","0,0,0,0","0,0,0,0","0,0,0,0","0,0,0,0","0,0,0,0","0,0,0,0",butyrate,4,8,2,0,88,NA,NA,NA,NA,NA,NA,NA,3.8,NA,24,NA,NA
89,1,1,1,2,1,180.16,55.506216696269981,6,12,6,0,0,0,0,0,0,0,0,0,0,0,0,1,0.02,TB,37,2,JHL30,"atoD, atoA, adhE, ldhA, paaF, paaG, paaH, frdA, frdB, frdC, frdD","0,0,0,0,0,0,0,0,0,0,0","crt, hbd, ter, tesB","0,0,0,0","1,1,1,1","1,1,1,0","1,1,1,1","0,0,0,0","0,0,0,0","0,0,0,0","0,0,0,0","0,0,0,0","0,0,0,0",butyrate,4,8,2,0,88,NA,NA,NA,NA,NA,NA,NA,0.8,NA,24,NA,NA
89,1,1,1,3,1,180.16,55.506216696269981,6,12,6,0,0,0,0,0,0,0,0,0,0,0,0,1,0.02,TB,37,2,JHL29,"atoD, atoA, adhE, ldhA, paaF, paaG, paaH, frdA, frdB, frdC, frdD","0,0,0,0,0,0,0,0,0,0,0","crt, hbd, ter","0,0,0","1,1,1","1,1,1","1,1,1","0,0,0","0,0,0","0,0,0","0,0,0","0,0,0","0,0,0",butyrate,4,8,2,0,88,NA,NA,NA,NA,NA,NA,NA,0.5,NA,24,NA,NA
90,1,1,1,1,1,180.16,1998.2238010657195,6,12,6,0,0,0,0,0,0,0,0,0,0,0,0,1,0.01,M9,30,3,CRS-SYN7,"lacZ, hsdR, araB, araA, araD, rhaB, rhaA, rhaD, proA, proB, lacIq, metA, tdh, ilvB, ilvI, adhE, leuA, leuB, leuC, leuD","0,0,0,0,0,0,0,0,0,0,1,0,0,0,0,0,0,0,0,0","kivd, yqhD, ilvA, thrA, thrB, thrC","0,0,0,0,0,0","1,1,1,1,1,1","1,0,1,0,0,0","3,3,3,0,0,0","0,0,0,0,0,0","0,0,0,0,0,0","0,0,0,0,0,0","0,0,0,0,0,0","0,0,0,0,0,0","0,0,0,0,0,0",1-propanol,3,8,0,0,60.094999999999999,NA,NA,NA,NA,0.03,NA,NA,0.8,0.01,46,NA,NA
90,1,1,1,2,1,180.16,1998.2238010657195,6,12,6,0,0,0,0,0,0,0,0,0,0,0,0,1,0.01,M9,30,3,CRS-SYN6,"lacZ, hsdR, araB, araA, araD, rhaB, rhaA, rhaD, proA, proB, lacIq, metA, tdh, ilvB, ilvI, adhE, leuA, leuB, leuC, leuD","0,0,0,0,0,0,0,0,0,0,1,0,0,0,0,0,0,0,0,0","kivd, adh2, ilvA, thrA, thrB, thrC","0,0,0,0,0,0","1,1,1,1,1,1","1,1,1,0,0,0","3,3,3,0,0,0","0,0,0,0,0,0","0,0,0,0,0,0","0,0,0,0,0,0","0,0,0,0,0,0","0,0,0,0,0,0","0,0,0,0,0,0",1-propanol,3,8,0,0,60.094999999999999,NA,NA,NA,NA,0.1,NA,NA,1.8,0.04,46,NA,NA
90,1,1,1,3,1,180.16,1998.2238010657195,6,12,6,0,0,0,0,0,0,0,0,0,0,0,0,1,0.01,M9,30,3,CRS-SYN2,"lacZ, hsdR, araB, araA, araD, rhaB, rhaA, rhaD, proA, proB, lacIq, ilvB, ilvI, leuA, thrB","0,0,0,0,0,0,0,0,0,0,1,0,0,0,0","kivd, yqhD, cimA2, leuB, leuC, leuD","0,0,0,0,0,0","1,1,1,1,1,1","1,0,1,0,0,0","3,3,1,1,1,1","0,0,0,0,0,0","0,0,0,0,0,0","0,0,0,0,0,0","0,0,0,0,0,0","0,0,0,0,0,0","0,0,0,0,0,0",1-propanol,3,8,0,0,60.094999999999999,NA,NA,NA,NA,0.11,NA,NA,1.9,0.03,46,NA,NA
90,1,1,1,4,1,180.16,1998.2238010657195,6,12,6,0,0,0,0,0,0,0,0,0,0,0,0,1,0.01,M9,30,3,CRS-SYN3,"lacZ, hsdR, araB, araA, araD, rhaB, rhaA, rhaD, proA, proB, lacIq, ilvB, ilvI, leuA","0,0,0,0,0,0,0,0,0,0,1,0,0,0","kivd, yqhD, cimA2, leuB, leuC, leuD","0,0,0,0,0,0","1,1,1,1,1,1","1,0,1,0,0,0","3,3,1,1,1,1","0,0,0,0,0,0","0,0,0,0,0,0","0,0,0,0,0,0","0,0,0,0,0,0","0,0,0,0,0,0","0,0,0,0,0,0",1-propanol,3,8,0,0,60.094999999999999,NA,NA,NA,NA,0.16,NA,NA,4.5,0.08,46,NA,NA
90,1,1,1,5,1,180.16,1998.2238010657195,6,12,6,0,0,0,0,0,0,0,0,0,0,0,0,1,0.01,M9,30,3,CRS-SYN12,"lacZ, hsdR, araB, araA, araD, rhaB, rhaA, rhaD, proA, proB, lacIq, ilvB, ilvI, leuA","0,0,0,0,0,0,0,0,0,0,1,0,0,0","kivd, yqhD, ilvA, thrA, thrB, thrC, cimA2, leuB, leuC, leuD","0,0,0,0,0,0,0,0,0,0","1,1,1,1,1,1,1,1,1,1","1,0,1,0,0,0,1,0,0,0","3,3,3,0,0,0,1,1,1,1","0,0,0,0,0,0,0,0,0,0","0,0,0,0,0,0,0,0,0,0","0,0,0,0,0,0,0,0,0,0","0,0,0,0,0,0,0,0,0,0","0,0,0,0,0,0,0,0,0,0","0,0,0,0,0,0,0,0,0,0",1-propanol,3,8,0,0,60.094999999999999,NA,NA,NA,NA,0.16,NA,NA,4.5,0.08,46,NA,NA
91,1,1,1,1,1,180.16,111.01243339253998,6,12,6,0,0,0,0,0,0,0,0,0,0,0,0,1,NA,YE,35,2,FBR9,"thr, thi, lacY, tonA22, rpsL, pfl, ldhA","0,0,0,0,0,0,0",ldh,0,1,1,1,0,0,0,0,0,0,l-lactate,3,6,3,0,90,NA,NA,NA,NA,0.63,0.84,NA,53,NA,NA,NA,NA
91,1,1,1,2,1,180.16,111.01243339253998,6,12,6,0,0,0,0,0,0,0,0,0,0,0,0,1,NA,YE,35,2,FBR10,"pfl, ldhA","0,0",ldh,0,1,1,1,0,0,0,0,0,0,l-lactate,3,6,3,0,90,NA,NA,NA,NA,0.61,0.84,NA,51.7,NA,NA,NA,NA
91,1,1,1,3,1,180.16,111.01243339253998,6,12,6,0,0,0,0,0,0,0,0,0,0,0,0,1,NA,YE,35,2,FBR11,"pfl, ldhA, lon, dcm, malB","0,0,0,0,0",ldh,0,1,1,1,0,0,0,0,0,0,l-lactate,3,6,3,0,90,NA,NA,NA,NA,0.93,0.93,NA,73.2,NA,NA,NA,NA
91,1,1,1,4,12,150.13,133.21787783920604,5,10,5,0,0,0,0,0,0,0,0,0,0,0,0,1,NA,YE,35,2,FBR9,"thr, thi, lacY, tonA22, rpsL, pfl, ldhA","0,0,0,0,0,0,0",ldh,0,1,1,1,0,0,0,0,0,0,l-lactate,3,6,3,0,90,NA,NA,NA,NA,0.67,0.84,NA,56,NA,NA,NA,NA
91,1,1,1,5,12,150.13,133.21787783920604,5,10,5,0,0,0,0,0,0,0,0,0,0,0,0,1,NA,YE,35,2,FBR11,"pfl, ldhA, lon, dcm, malB","0,0,0,0,0",ldh,0,1,1,1,0,0,0,0,0,0,l-lactate,3,6,3,0,90,NA,NA,NA,NA,0.78,0.89,NA,63.3,NA,NA,NA,NA
92,1,0,1,1,1,180.16,566.17598081662572,6,12,6,0,0,0,0,0,0,0,0,0,0,0,0,1,0.02,YE,30,2,llvC/YqhD,"ldhA, fnr, adhE, frd, pflB, lacIq, ilvC, kivd, ilvD, pta, alsS","0,0,0,0,0,1,0,1,1,0,1","ilvC, YqhD","0,0","1,1","0,0","3,3","0,0","0,0","0,0","0,0","0,0","0,0",Isobutanol,4,10,1,0,74,NA,NA,NA,NA,NA,NA,NA,1.8,NA,24,NA,NA
92,1,0,1,2,1,180.16,566.17598081662572,6,12,6,0,0,0,0,0,0,0,0,0,0,0,0,1,0.02,YE,30,2,llvC/YqhD+PntAB,"ldhA, fnr, adhE, frd, pflB, lacIq, ilvC, kivd, ilvD, pta, alsS, sthA, pntA, pntB","0,0,0,0,0,1,0,1,1,0,1,0,1,1","ilvC, YqhD","0,0","1,1","0,0","3,3","0,0","0,0","0,0","0,0","0,0","0,0",Isobutanol,4,10,1,0,74,NA,NA,NA,NA,NA,NA,NA,8.5,NA,24,NA,NA
92,1,0,1,3,1,180.16,566.17598081662572,6,12,6,0,0,0,0,0,0,0,0,0,0,0,0,1,0.02,YE,30,2,llvC/adhA,"ldhA, fnr, adhE, frd, pflB, lacIq, ilvC, kivd, ilvD, pta, alsS","0,0,0,0,0,1,0,1,1,0,1","ilvC, adhA","0,0","1,1","0,1","3,3","0,0","0,0","0,0","0,0","0,0","0,0",Isobutanol,4,10,1,0,74,NA,NA,NA,NA,NA,NA,NA,2.2000000000000002,NA,24,NA,NA
92,1,0,1,4,1,180.16,566.17598081662572,6,12,6,0,0,0,0,0,0,0,0,0,0,0,0,1,0.02,YE,30,2,ilvC/RE1,"ldhA, fnr, adhE, frd, pflB, lacIq, ilvC, kivd, ilvD, pta, alsS","0,0,0,0,0,1,0,1,1,0,1","ilvC, adhA","0,0","1,1","0,1","3,3","0,0","0,0","0,1","0,0","0,0","0,0",Isobutanol,4,10,1,0,74,NA,NA,NA,NA,NA,NA,NA,2.2000000000000002,NA,24,NA,NA
92,1,0,1,5,1,180.16,566.17598081662572,6,12,6,0,0,0,0,0,0,0,0,0,0,0,0,1,0.02,YE,30,2,6E6/YqhD,"ldhA, fnr, adhE, frd, pflB, lacIq, ilvC, kivd, ilvD, pta, alsS","0,0,0,0,0,1,0,1,1,0,1","ilvC, YqhD","0,0","1,1","0,0","3,3","0,0","0,0","1,0","0,0","0,0","0,0",Isobutanol,4,10,1,0,74,NA,NA,NA,NA,NA,NA,NA,3.5,NA,24,NA,NA
92,1,0,1,6,1,180.16,566.17598081662572,6,12,6,0,0,0,0,0,0,0,0,0,0,0,0,1,0.02,YE,30,2,6E6/AdhA,"ldhA, fnr, adhE, frd, pflB, lacIq, ilvC, kivd, ilvD, pta, alsS","0,0,0,0,0,1,0,1,1,0,1","ilvC, AdhA","0,0","1,1","0,1","3,3","0,0","0,0","1,0","0,0","0,0","0,0",Isobutanol,4,10,1,0,74,NA,NA,NA,NA,NA,NA,NA,8.5,NA,24,NA,NA
92,1,0,1,7,1,180.16,566.17598081662572,6,12,6,0,0,0,0,0,0,0,0,0,0,0,0,1,0.02,YE,30,2,6E6/RE1,"ldhA, fnr, adhE, frd, pflB, lacIq, ilvC, kivd, ilvD, pta, alsS","0,0,0,0,0,1,0,1,1,0,1","ilvC, AdhA","0,0","1,1","0,1","3,3","0,0","0,0","1,1","0,0","0,0","0,0",Isobutanol,4,10,1,0,74,NA,NA,NA,NA,NA,NA,NA,13.5,NA,24,NA,NA
93,1,1,1,1,9,92.09,217.1788467803236,3,8,3,0,0,0,0,0,0,0,0,0,0,0,0,1,0.15,TB,30,1,RKE09,"lptB, adhE, adhE, pta, ldhA, frdA, frdB, frdC, frdD","0,0,0,0,0,0,0,0,0","hbd, crt, ter, atoB, adhE2, lptB","0,0,0,0,0,0","1,1,1,1,1,1","1,1,1,0,1,0","15,15,15,15,15,15","0,0,0,0,0,0","0,0,0,0,0,0","0,0,0,0,0,0","0,0,0,0,0,0","0,0,0,0,0,0","0,0,0,0,0,0",butanol,4,10,1,0,74,NA,NA,NA,NA,0.23,NA,NA,4.7,4.7E-2,NA,NA,NA
93,1,1,1,2,9,92.09,217.1788467803236,3,8,3,0,0,0,0,0,0,0,0,0,0,0,0,1,0.05,TB,30,2,RKE09,"lptB, adhE, adhE, pta, ldhA, frdA, frdB, frdC, frdD","0,0,0,0,0,0,0,0,0","hbd, crt, ter, atoB, adhE2, lptB","0,0,0,0,0,0","1,1,1,1,1,1","1,1,1,0,1,0","15,15,15,15,15,15","0,0,0,0,0,0","0,0,0,0,0,0","0,0,0,0,0,0","0,0,0,0,0,0","0,0,0,0,0,0","0,0,0,0,0,0",butanol,4,10,1,0,74,NA,NA,NA,NA,1.02,NA,NA,1.1000000000000001,3.5000000000000001E-3,NA,NA,NA
93,1,1,1,3,9,92.09,217.1788467803236,3,8,3,0,0,0,0,0,0,0,0,0,0,0,0,1,0.05,TB,30,3,RKE09,"lptB, adhE, adhE, pta, ldhA, frdA, frdB, frdC, frdD","0,0,0,0,0,0,0,0,0","hbd, crt, ter, atoB, adhE2, lptB","0,0,0,0,0,0","1,1,1,1,1,1","1,1,1,0,1,0","15,15,15,15,15,15","0,0,0,0,0,0","0,0,0,0,0,0","0,0,0,0,0,0","0,0,0,0,0,0","0,0,0,0,0,0","0,0,0,0,0,0",butanol,4,10,1,0,74,NA,NA,NA,NA,0.3,NA,NA,1.4,1.4999999999999999E-2,NA,NA,NA
93,1,0,1,4,9,92.09,217.1788467803236,3,8,3,0,0,0,0,0,0,0,0,0,0,0,0,1,2.5000000000000001E-2,TB,30,3,RKE09,"lptB, adhE, adhE, pta, ldhA, frdA, frdB, frdC, frdD","0,0,0,0,0,0,0,0,0","hbd, crt, ter, atoB, adhE2, lptB","0,0,0,0,0,0","1,1,1,1,1,1","1,1,1,0,1,0","15,15,15,15,15,15","0,0,0,0,0,0","0,0,0,0,0,0","0,0,0,0,0,0","0,0,0,0,0,0","0,0,0,0,0,0","0,0,0,0,0,0",butanol,4,10,1,0,74,NA,NA,NA,NA,4.2000000000000003E-2,NA,NA,1.6,6.0000000000000001E-3,NA,NA,NA
93,1,1,1,5,1,180.16,111.01243339253998,6,12,6,0,0,0,0,0,0,0,0,0,0,0,0,1,0.15,TB,30,1,RKE09,"lptB, adhE, adhE, pta, ldhA, frdA, frdB, frdC, frdD","0,0,0,0,0,0,0,0,0","hbd, crt, ter, atoB, adhE2, lptB","0,0,0,0,0,0","1,1,1,1,1,1","1,1,1,0,1,0","15,15,15,15,15,15","0,0,0,0,0,0","0,0,0,0,0,0","0,0,0,0,0,0","0,0,0,0,0,0","0,0,0,0,0,0","0,0,0,0,0,0",butanol,4,10,1,0,74,NA,NA,NA,NA,NA,NA,NA,NA,NA,NA,NA,NA
93,1,1,1,6,1,180.16,111.01243339253998,6,12,6,0,0,0,0,0,0,0,0,0,0,0,0,1,0.05,TB,30,2,RKE09,"lptB, adhE, adhE, pta, ldhA, frdA, frdB, frdC, frdD","0,0,0,0,0,0,0,0,0","hbd, crt, ter, atoB, adhE2, lptB","0,0,0,0,0,0","1,1,1,1,1,1","1,1,1,0,1,0","15,15,15,15,15,15","0,0,0,0,0,0","0,0,0,0,0,0","0,0,0,0,0,0","0,0,0,0,0,0","0,0,0,0,0,0","0,0,0,0,0,0",butanol,4,10,1,0,74,NA,NA,NA,NA,0.14000000000000001,NA,NA,2.6,2.8000000000000001E-2,NA,NA,NA
93,1,1,1,7,1,180.16,111.01243339253998,6,12,6,0,0,0,0,0,0,0,0,0,0,0,0,1,0.05,TB,30,3,RKE09,"lptB, adhE, adhE, pta, ldhA, frdA, frdB, frdC, frdD","0,0,0,0,0,0,0,0,0","hbd, crt, ter, atoB, adhE2, lptB","0,0,0,0,0,0","1,1,1,1,1,1","1,1,1,0,1,0","15,15,15,15,15,15","0,0,0,0,0,0","0,0,0,0,0,0","0,0,0,0,0,0","0,0,0,0,0,0","0,0,0,0,0,0","0,0,0,0,0,0",butanol,4,10,1,0,74,NA,NA,NA,NA,0.28000000000000003,NA,NA,2.2000000000000002,2.8000000000000001E-2,NA,NA,NA
93,1,0,1,8,1,180.16,111.01243339253998,6,12,6,0,0,0,0,0,0,0,0,0,0,0,0,1,2.5000000000000001E-2,TB,30,3,RKE09,"lptB, adhE, adhE, pta, ldhA, frdA, frdB, frdC, frdD","0,0,0,0,0,0,0,0,0","hbd, crt, ter, atoB, adhE2, lptB","0,0,0,0,0,0","1,1,1,1,1,1","1,1,1,0,1,0","15,15,15,15,15,15","0,0,0,0,0,0","0,0,0,0,0,0","0,0,0,0,0,0","0,0,0,0,0,0","0,0,0,0,0,0","0,0,0,0,0,0",butanol,4,10,1,0,74,NA,NA,NA,NA,0.38,NA,NA,2.1,8.8000000000000005E-3,NA,NA,NA
93,1,1,1,9,1,180.16,277.53108348134992,6,12,6,0,0,0,0,0,0,0,0,0,0,0,0,1,0.15,TB,30,1,RKE09,"lptB, adhE, adhE, pta, ldhA, frdA, frdB, frdC, frdD","0,0,0,0,0,0,0,0,0","hbd, crt, ter, atoB, adhE2, lptB","0,0,0,0,0,0","1,1,1,1,1,1","1,1,1,0,1,0","15,15,15,15,15,15","0,0,0,0,0,0","0,0,0,0,0,0","0,0,0,0,0,0","0,0,0,0,0,0","0,0,0,0,0,0","0,0,0,0,0,0",butanol,4,10,1,0,74,NA,NA,NA,NA,8.4000000000000005E-2,NA,NA,3.3,3.5999999999999997E-2,NA,NA,NA
93,1,1,1,10,1,180.16,277.53108348134992,6,12,6,0,0,0,0,0,0,0,0,0,0,0,0,1,0.05,TB,30,2,RKE09,"lptB, adhE, adhE, pta, ldhA, frdA, frdB, frdC, frdD","0,0,0,0,0,0,0,0,0","hbd, crt, ter, atoB, adhE2, lptB","0,0,0,0,0,0","1,1,1,1,1,1","1,1,1,0,1,0","15,15,15,15,15,15","0,0,0,0,0,0","0,0,0,0,0,0","0,0,0,0,0,0","0,0,0,0,0,0","0,0,0,0,0,0","0,0,0,0,0,0",butanol,4,10,1,0,74,NA,NA,NA,NA,0.15,NA,NA,4.0999999999999996,4.3999999999999997E-2,NA,NA,NA
93,1,1,1,11,1,180.16,277.53108348134992,6,12,6,0,0,0,0,0,0,0,0,0,0,0,0,1,0.05,TB,30,3,RKE09,"lptB, adhE, adhE, pta, ldhA, frdA, frdB, frdC, frdD","0,0,0,0,0,0,0,0,0","hbd, crt, ter, atoB, adhE2, lptB","0,0,0,0,0,0","1,1,1,1,1,1","1,1,1,0,1,0","15,15,15,15,15,15","0,0,0,0,0,0","0,0,0,0,0,0","0,0,0,0,0,0","0,0,0,0,0,0","0,0,0,0,0,0","0,0,0,0,0,0",butanol,4,10,1,0,74,NA,NA,NA,NA,0.26,NA,NA,3.6,3.7999999999999999E-2,NA,NA,NA
93,1,0,1,12,1,180.16,277.53108348134992,6,12,6,0,0,0,0,0,0,0,0,0,0,0,0,1,2.5000000000000001E-2,TB,30,3,RKE09,"lptB, adhE, adhE, pta, ldhA, frdA, frdB, frdC, frdD","0,0,0,0,0,0,0,0,0","hbd, crt, ter, atoB, adhE2, lptB","0,0,0,0,0,0","1,1,1,1,1,1","1,1,1,0,1,0","15,15,15,15,15,15","0,0,0,0,0,0","0,0,0,0,0,0","0,0,0,0,0,0","0,0,0,0,0,0","0,0,0,0,0,0","0,0,0,0,0,0",butanol,4,10,1,0,74,NA,NA,NA,NA,0.2,NA,NA,3.4,2.9000000000000001E-2,NA,NA,NA
93,1,0,1,13,1,180.16,277.53108348134992,6,12,6,0,0,0,0,0,0,0,0,0,0,0,0,1,0.15,TB,30,1,RKE09,"lptB, adhE, adhE, pta, ldhA, frdA, frdB, frdC, frdD","0,0,0,0,0,0,0,0,0","hbd, crt, ter, atoB, adhE2, lptB","0,0,0,0,0,0","1,1,1,1,1,1","1,1,1,0,1,0","15,15,15,15,15,15","0,0,0,0,0,0","0,0,0,0,0,0","0,0,0,0,0,0","0,0,0,0,0,0","0,0,0,0,0,0","0,0,0,0,0,0",butanol,4,10,1,0,74,NA,NA,NA,NA,8.4000000000000005E-2,NA,NA,3.3,3.5999999999999997E-2,NA,NA,NA
93,1,1,1,14,1,180.16,277.53108348134992,6,12,6,0,0,0,0,0,0,0,0,0,0,0,0,1,0.15,TB,30,1,RKE09,"lptB, adhE, adhE, pta, ldhA, frdA, frdB, frdC, frdD","0,0,0,0,0,0,0,0,0","hbd, crt, ter, atoB, adhE2, lptB","0,0,0,0,0,0","1,1,1,1,1,1","1,1,1,0,1,0","15,15,15,15,15,15","0,0,0,0,0,0","0,0,0,0,0,0","0,0,0,0,0,0","0,0,0,0,0,0","0,0,0,0,0,0","0,0,0,0,0,0",butanol,4,10,1,0,74,NA,NA,NA,NA,8.4000000000000005E-2,NA,NA,3.1,3.3000000000000002E-2,NA,NA,NA
93,1,0,1,15,1,180.16,277.53108348134992,6,12,6,0,0,0,0,0,0,0,0,0,0,0,0,1,0.05,TB,30,2,RKE09,"lptB, adhE, adhE, pta, ldhA, frdA, frdB, frdC, frdD","0,0,0,0,0,0,0,0,0","hbd, crt, ter, atoB, adhE2, lptB","0,0,0,0,0,0","1,1,1,1,1,1","1,1,1,0,1,0","15,15,15,15,15,15","0,0,0,0,0,0","0,0,0,0,0,0","0,0,0,0,0,0","0,0,0,0,0,0","0,0,0,0,0,0","0,0,0,0,0,0",butanol,4,10,1,0,74,NA,NA,NA,NA,0.15,NA,NA,4.0999999999999996,4.3999999999999997E-2,NA,NA,NA
93,1,1,1,16,1,180.16,277.53108348134992,6,12,6,0,0,0,0,0,0,0,0,0,0,0,0,1,0.05,TB,30,2,RKE09,"lptB, adhE, adhE, pta, ldhA, frdA, frdB, frdC, frdD","0,0,0,0,0,0,0,0,0","hbd, crt, ter, atoB, adhE2, lptB","0,0,0,0,0,0","1,1,1,1,1,1","1,1,1,0,1,0","15,15,15,15,15,15","0,0,0,0,0,0","0,0,0,0,0,0","0,0,0,0,0,0","0,0,0,0,0,0","0,0,0,0,0,0","0,0,0,0,0,0",butanol,4,10,1,0,74,NA,NA,NA,NA,0.14000000000000001,NA,NA,4.4000000000000004,3.9E-2,NA,NA,NA
93,1,0,1,17,1,180.16,277.53108348134992,6,12,6,0,0,0,0,0,0,0,0,0,0,0,0,1,0.05,TB,30,3,RKE09,"lptB, adhE, adhE, pta, ldhA, frdA, frdB, frdC, frdD","0,0,0,0,0,0,0,0,0","hbd, crt, ter, atoB, adhE2, lptB","0,0,0,0,0,0","1,1,1,1,1,1","1,1,1,0,1,0","15,15,15,15,15,15","0,0,0,0,0,0","0,0,0,0,0,0","0,0,0,0,0,0","0,0,0,0,0,0","0,0,0,0,0,0","0,0,0,0,0,0",butanol,4,10,1,0,74,NA,NA,NA,NA,0.26,NA,NA,3.6,3.7999999999999999E-2,NA,NA,NA
93,1,1,1,18,1,180.16,277.53108348134992,6,12,6,0,0,0,0,0,0,0,0,0,0,0,0,1,0.05,TB,30,3,RKE09,"lptB, adhE, adhE, pta, ldhA, frdA, frdB, frdC, frdD","0,0,0,0,0,0,0,0,0","hbd, crt, ter, atoB, adhE2, lptB","0,0,0,0,0,0","1,1,1,1,1,1","1,1,1,0,1,0","15,15,15,15,15,15","0,0,0,0,0,0","0,0,0,0,0,0","0,0,0,0,0,0","0,0,0,0,0,0","0,0,0,0,0,0","0,0,0,0,0,0",butanol,4,10,1,0,74,NA,NA,NA,NA,0.26,NA,NA,4.4000000000000004,0.02,NA,NA,NA
93,1,0,1,19,1,180.16,277.53108348134992,6,12,6,0,0,0,0,0,0,0,0,0,0,0,0,1,2.5000000000000001E-2,TB,30,3,RKE09,"lptB, adhE, adhE, pta, ldhA, frdA, frdB, frdC, frdD","0,0,0,0,0,0,0,0,0","hbd, crt, ter, atoB, adhE2, lptB","0,0,0,0,0,0","1,1,1,1,1,1","1,1,1,0,1,0","15,15,15,15,15,15","0,0,0,0,0,0","0,0,0,0,0,0","0,0,0,0,0,0","0,0,0,0,0,0","0,0,0,0,0,0","0,0,0,0,0,0",butanol,4,10,1,0,74,NA,NA,NA,NA,0.2,NA,NA,3.4,2.9000000000000001E-2,NA,NA,NA
93,1,0,1,20,1,180.16,277.53108348134992,6,12,6,0,0,0,0,0,0,0,0,0,0,0,0,1,2.5000000000000001E-2,TB,30,3,RKE09,"lptB, adhE, adhE, pta, ldhA, frdA, frdB, frdC, frdD","0,0,0,0,0,0,0,0,0","hbd, crt, ter, atoB, adhE2, lptB","0,0,0,0,0,0","1,1,1,1,1,1","1,1,1,0,1,0","15,15,15,15,15,15","0,0,0,0,0,0","0,0,0,0,0,0","0,0,0,0,0,0","0,0,0,0,0,0","0,0,0,0,0,0","0,0,0,0,0,0",butanol,4,10,1,0,74,NA,NA,NA,NA,0.23,NA,NA,4.3,4.4999999999999998E-2,NA,NA,NA
94,1,1,1,1,1,180.16,111.01243339253996,6,12,6,0,0,0,0,0,0,0,0,0,0,0,0,1,0.03,MOPS,37,3,pTH-shmks2-shmks1,NA,NA,"shmks2, shmks1","0,0","1,1","1,1","4,4","1,1","0,0","0,0","0,0","0,0","0,0",methylketone,4,8,0,0,72.11,NA,NA,NA,NA,NA,NA,NA,3.0000000000000001E-3,NA,22,NA,NA
94,1,1,1,2,1,180.16,111.01243339253996,6,12,6,0,0,0,0,0,0,0,0,0,0,0,0,1,0.03,MOPS,37,3,pTH-shmks2-shmks1  -adhE,adhE,0,"shmks2, shmks1","0,0","1,1","1,1","4,4","1,1","0,0","0,0","0,0","0,0","0,0",methylketone,4,8,0,0,72.11,NA,NA,NA,NA,NA,NA,NA,6.0999999999999995E-3,NA,22,NA,NA
94,1,1,1,3,1,180.16,111.01243339253996,6,12,6,0,0,0,0,0,0,0,0,0,0,0,0,1,0.03,MOPS,37,3,pTH-shmks2-shmks1  -ldhA,ldhA,0,"shmks2, shmks1","0,0","1,1","1,1","4,4","1,1","0,0","0,0","0,0","0,0","0,0",methylketone,4,8,0,0,72.11,NA,NA,NA,NA,NA,NA,NA,4.9000000000000007E-3,NA,22,NA,NA
94,1,1,1,4,1,180.16,111.01243339253996,6,12,6,0,0,0,0,0,0,0,0,0,0,0,0,1,0.03,MOPS,37,3,pTH-shmks2-shmks1  -poxB,poxB,0,"shmks2, shmks1","0,0","1,1","1,1","4,4","1,1","0,0","0,0","0,0","0,0","0,0",methylketone,4,8,0,0,72.11,NA,NA,NA,NA,NA,NA,NA,3.8E-3,NA,22,NA,NA
94,1,1,1,5,1,180.16,111.01243339253996,6,12,6,0,0,0,0,0,0,0,0,0,0,0,0,1,0.03,MOPS,37,3,pTH-shmks2-shmks1  -pta,pta,0,"shmks2, shmks1","0,0","1,1","1,1","4,4","1,1","0,0","0,0","0,0","0,0","0,0",methylketone,4,8,0,0,72.11,NA,NA,NA,NA,NA,NA,NA,4.0999999999999995E-3,NA,22,NA,NA
94,1,1,1,6,1,180.16,111.01243339253996,6,12,6,0,0,0,0,0,0,0,0,0,0,0,0,1,0.03,MOPS,37,3,pTH-shmks2-shmks1  -adhE  -pta,"adhE, pta","0,0","shmks2, shmks1","0,0","1,1","1,1","4,4","1,1","0,0","0,0","0,0","0,0","0,0",methylketone,4,8,0,0,72.11,NA,NA,NA,NA,NA,NA,NA,5.7999999999999996E-3,NA,22,NA,NA
94,1,1,1,7,1,180.16,111.01243339253996,6,12,6,0,0,0,0,0,0,0,0,0,0,0,0,1,0.03,MOPS,37,3,pTH-shmks2-shmks1  -ldhA  -poxB,"ldhA, poxB","0,0","shmks2, shmks1","0,0","1,1","1,1","4,4","1,1","0,0","0,0","0,0","0,0","0,0",methylketone,4,8,0,0,72.11,NA,NA,NA,NA,NA,NA,NA,1.8000000000000002E-3,NA,22,NA,NA
94,1,1,1,8,1,180.16,111.01243339253996,6,12,6,0,0,0,0,0,0,0,0,0,0,0,0,1,0.03,MOPS,37,3,pTH-shmks2-shmks1  -ldhA  -poxB  -pta,"ldhA, poxB, pta","0,0,0","shmks2, shmks1","0,0","1,1","1,1","4,4","1,1","0,0","0,0","0,0","0,0","0,0",methylketone,4,8,0,0,72.11,NA,NA,NA,NA,NA,NA,NA,1.2199999999999999E-2,NA,22,NA,NA
94,1,1,1,9,1,180.16,111.01243339253996,6,12,6,0,0,0,0,0,0,0,0,0,0,0,0,1,0.03,MOPS,37,3,pTH-shmks2-shmks1  -adhE  -ldhA  -poxB  -pta,"adhE, ldhA, poxB, pta","0,0,0,0","shmks2, shmks1","0,0","1,1","1,1","4,4","1,1","0,0","0,0","0,0","0,0","0,0",methylketone,4,8,0,0,72.11,NA,NA,NA,NA,NA,NA,NA,1.4E-2,NA,22,NA,NA
95,1,1,1,1,9,92.09,108.5894233901618,3,8,3,0,0,0,0,0,0,0,0,0,0,0,0,1,NA,M9,37,2,BW25113,NA,NA,NA,NA,NA,NA,NA,NA,NA,NA,NA,NA,NA,hydrogen,0,2,0,0,2,NA,NA,NA,NA,1.9111738516668475E-2,NA,NA,NA,6.7999999999999996E-3,120,NA,NA
95,1,1,1,2,9,92.09,108.5894233901618,3,8,3,0,0,0,0,0,0,0,0,0,0,0,0,1,NA,M9,37,2,BW25113 frdC ldhA fdnG ppc narG mgsA hycA,"frdC, ldhA, fdnG, ppc, narG, mgsA, hycA","0,0,0,0,0,0,0",NA,NA,NA,NA,NA,NA,NA,NA,NA,NA,NA,hydrogen,0,2,0,0,2,NA,NA,NA,NA,2.4975567379737211E-2,NA,NA,NA,1.14E-2,120,NA,NA
96,1,1,1,1,15,182.17,109.78756106933085,6,14,6,0,0,0,0,0,0,0,0,0,0,0,0,1,0.06,MOPS,37,NA,WT,"ilvG, rfb, rph","0,0,0",NA,NA,NA,NA,NA,NA,NA,NA,NA,NA,NA,l-lactate,3,6,3,0,90,NA,NA,NA,NA,NA,NA,NA,7,NA,48,2,NA
96,1,1,1,2,15,182.17,109.78756106933085,6,14,6,0,0,0,0,0,0,0,0,0,0,0,0,1,0.06,MOPS,37,NA,DSM01,"ilvG, rfb, rph, pflB, frdA, ldhA","0,0,0,0,0,0",NA,NA,NA,NA,NA,NA,NA,NA,NA,NA,NA,l-lactate,3,6,3,0,90,NA,NA,NA,NA,NA,NA,NA,0,NA,48,1,NA
96,1,1,1,3,15,182.17,109.78756106933085,6,14,6,0,0,0,0,0,0,0,0,0,0,0,0,1,0.06,MOPS,37,NA,DSM02,"ilvG, rfb, rph, pta, adhE, frdA, ldhA","0,0,0,0,0,0,0",NA,NA,NA,NA,NA,NA,NA,NA,NA,NA,NA,l-lactate,3,6,3,0,90,NA,NA,NA,NA,NA,NA,NA,0,NA,48,1.1000000000000001,NA
96,1,1,1,4,15,182.17,109.78756106933085,6,14,6,0,0,0,0,0,0,0,0,0,0,0,0,1,0.06,MOPS,37,NA,DSM03-L,"ilvG, rfb, rph, pflB, frdA, ldhA, mgsA","0,0,0,0,0,0,0",NA,NA,NA,NA,NA,NA,NA,NA,NA,NA,NA,l-lactate,3,6,3,0,90,NA,NA,NA,NA,NA,NA,NA,7,NA,48,1.8,NA
96,1,1,1,5,15,182.17,109.78756106933085,6,14,6,0,0,0,0,0,0,0,0,0,0,0,0,1,0.06,MOPS,37,NA,DSM04-L,"ilvG, rfb, rph, pta, adhE, frdA, ldhA, mgsA","0,0,0,0,0,0,0,0",NA,NA,NA,NA,NA,NA,NA,NA,NA,NA,NA,l-lactate,3,6,3,0,90,NA,NA,NA,NA,NA,NA,NA,9,NA,48,2,NA
96,1,1,1,6,15,182.17,109.78756106933085,6,14,6,0,0,0,0,0,0,0,0,0,0,0,0,1,0.06,MOPS,37,NA,DSM04-L,"ilvG, rfb, rph, pta, adhE, frdA, ldhA, mgsA","0,0,0,0,0,0,0,0",NA,NA,NA,NA,NA,NA,NA,NA,NA,NA,NA,l-lactate,3,6,3,0,90,NA,NA,NA,NA,NA,NA,NA,7,NA,72,1.8,NA
96,1,1,1,7,15,182.17,109.78756106933085,6,14,6,0,0,0,0,0,0,0,0,0,0,0,0,1,0.06,MOPS,37,NA,DSM05 (pZAldh),"ilvG, rfb, rph, pta, adhE, frdA, ldhA, mgsA, lldD","0,0,0,0,0,0,0,0,0",ldh,0,1,1,1,0,0,0,0,0,0,l-lactate,3,6,3,0,90,NA,NA,NA,NA,NA,NA,NA,13,NA,72,0.55000000000000004,NA
96,1,1,1,8,15,182.17,109.78756106933085,6,14,6,0,0,0,0,0,0,0,0,0,0,0,0,1,0.06,MOPS,37,NA,DSM05 (pZAldh),"ilvG, rfb, rph, pta, adhE, frdA, ldhA, mgsA, lldD","0,0,0,0,0,0,0,0,0",ldh,0,1,1,1,0,0,0,0,0,0,l-lactate,3,6,3,0,90,NA,NA,NA,NA,NA,NA,NA,38,NA,72,1.9,NA
97,1,0,1,1,9,92.09,0,3,8,3,0,0,0,0,0,0,0,0,0,0,0,0,3,3,M9,NA,3,CICIM B0013,NA,NA,NA,NA,NA,NA,NA,NA,NA,NA,NA,NA,NA,d-lactate,3,5,3,0,89.07,NA,NA,NA,NA,0,NA,NA,9.3000000000000007,NA,36,NA,NA
97,1,0,1,2,9,92.09,0,3,8,3,0,0,0,0,0,0,0,0,0,0,0,0,3,3,M9,NA,3,CICIM B0013-070 a,"ack, pta, pps, pflB, dld, poxB, adhE, frdA","0,0,0,0,0,0,0,0",NA,NA,NA,NA,NA,NA,NA,NA,NA,NA,NA,d-lactate,3,5,3,0,89.07,NA,NA,NA,NA,0.64,NA,NA,98.5,NA,36,NA,NA
97,1,0,1,3,9,92.09,0,3,8,3,0,0,0,0,0,0,0,0,0,0,0,0,3,3,M9,NA,3,CICIM B0013-070 b,"ack, pta, pps, pflB, dld, poxB, adhE, frdA","0,0,0,0,0,0,0,0",NA,NA,NA,NA,NA,NA,NA,NA,NA,NA,NA,d-lactate,3,5,3,0,89.07,NA,NA,NA,NA,0.63,NA,NA,32.1,NA,36,NA,NA
97,1,0,1,4,9,92.09,0,3,8,3,0,0,0,0,0,0,0,0,0,0,0,0,3,3,M9,NA,3,CICIM B0013-070 (pTH-ldhA) a,"ack, pta, pps, pflB, dld, poxB, adhE, frdA","0,0,0,0,0,0,0,0",ldhA,0,1,0,0,0,0,0,0,0,0,d-lactate,3,5,3,0,89.07,NA,NA,NA,NA,0.78,NA,NA,103.1,NA,36,NA,NA
97,1,0,1,5,9,92.09,0,3,8,3,0,0,0,0,0,0,0,0,0,0,0,0,3,3,M9,NA,3,CICIM B0013-070 (pUC-ldhA) a,"ack, pta, pps, pflB, dld, poxB, adhE, frdA","0,0,0,0,0,0,0,0",ldhA,0,1,0,15,0,0,0,0,0,0,d-lactate,3,5,3,0,89.07,NA,NA,NA,NA,0.78,NA,NA,111.5,NA,56,NA,NA
97,1,0,1,6,9,92.09,0,3,8,3,0,0,0,0,0,0,0,0,0,0,0,0,3,3,M9,NA,3,B0013 a,NA,NA,NA,NA,NA,NA,NA,NA,NA,NA,NA,NA,NA,d-lactate,3,5,3,0,89.07,NA,NA,NA,NA,NA,NA,NA,0,0,NA,NA,NA
97,1,0,1,7,9,92.09,0,3,8,3,0,0,0,0,0,0,0,0,0,0,0,0,3,3,M9,NA,3,B0013-070 a,"ack, pta, pps, pflB, dld, poxB, adhE, frdA","0,0,0,0,0,0,0,0",NA,NA,NA,NA,NA,NA,NA,NA,NA,NA,NA,d-lactate,3,5,3,0,89.07,NA,NA,NA,NA,NA,NA,NA,98.5,0.71,NA,NA,NA
97,1,0,1,8,9,92.09,0,3,8,3,0,0,0,0,0,0,0,0,0,0,0,0,3,3,M9,NA,3,B0013-070 b,"ack, pta, pps, pflB, dld, poxB, adhE, frdA","0,0,0,0,0,0,0,0",NA,NA,NA,NA,NA,NA,NA,NA,NA,NA,NA,d-lactate,3,5,3,0,89.07,NA,NA,NA,NA,NA,NA,NA,32.1,0.4,NA,NA,NA
97,1,0,1,9,9,92.09,0,3,8,3,0,0,0,0,0,0,0,0,0,0,0,0,3,3,M9,NA,3,B0013-070 (pTH-ldhA) a,"ack, pta, pps, pflB, dld, poxB, adhE, frdA","0,0,0,0,0,0,0,0",ldhA,0,1,0,0,0,0,0,0,0,0,d-lactate,3,5,3,0,89.07,NA,NA,NA,NA,NA,NA,NA,103.1,0.78,NA,NA,NA
97,1,0,1,10,9,92.09,0,3,8,3,0,0,0,0,0,0,0,0,0,0,0,0,3,3,M9,NA,3,B0013-070 (pUC-ldhA) a,"ack, pta, pps, pflB, dld, poxB, adhE, frdA","0,0,0,0,0,0,0,0",ldhA,0,1,0,15,0,0,0,0,0,0,d-lactate,3,5,3,0,89.07,NA,NA,NA,NA,NA,NA,NA,111.5,0.57999999999999996,NA,NA,NA
98,1,0,1,1,9,92.09,108.5894233901618,3,8,3,0,0,0,0,0,0,0,0,0,0,0,0,1,0.5,M9,37,2,SY03,"frdA, pta","0,0",NA,NA,NA,NA,NA,NA,NA,NA,NA,NA,NA,ethanol,2,6,1,0,46.07,NA,NA,NA,NA,0.50527418829406012,NA,NA,NA,0.35320349999999995,NA,NA,NA
98,1,0,1,2,9,92.09,108.5894233901618,3,8,3,0,0,0,0,0,0,0,0,0,0,0,0,1,0.5,M9,37,2,SY04,"fdhF, frdA, pta","0,0,0",NA,NA,NA,NA,NA,NA,NA,NA,NA,NA,NA,ethanol,2,6,1,0,46.07,NA,NA,NA,NA,0.46024975567379733,NA,NA,NA,0.35596649999999996,NA,NA,NA
98,1,0,1,3,9,92.09,108.5894233901618,3,8,3,0,0,0,0,0,0,0,0,0,0,0,0,1,0.5,M9,37,2,MG1655 (pZSBlank),"ilvG, rfb, rph","0,0,0",NA,NA,NA,NA,NA,NA,NA,NA,NA,NA,NA,ethanol,2,6,1,0,46.07,NA,NA,NA,NA,0.50027147355847534,NA,NA,NA,0.36103199999999996,NA,NA,NA
98,1,0,1,4,9,92.09,108.5894233901618,3,8,3,0,0,0,0,0,0,0,0,0,0,0,0,1,0.5,M9,37,2,MG1655 (pZSKLMgldA),"ilvG, rfb, rph","0,0,0","dhaK, dhaL, dhaM, gldA","0,0,0,0","1,1,1,1","0,0,0,0","0,0,0,0","0,0,0,0","0,0,0,0","0,0,0,0","0,0,0,0","0,0,0,0","0,0,0,0",ethanol,2,6,1,0,46.07,NA,NA,NA,NA,0.45524704093821255,NA,NA,NA,0.40063499999999991,NA,NA,NA
98,1,0,1,5,9,92.09,108.5894233901618,3,8,3,0,0,0,0,0,0,0,0,0,0,0,0,1,0.5,M9,37,2,SY04 (pZSKLMgldA),"fdhF, frdA, pta","0,0,0","dhaK, dhaL, dhaM, gldA","0,0,0,0","1,1,1,1","0,0,0,0","0,0,0,0","0,0,0,0","0,0,0,0","0,0,0,0","0,0,0,0","0,0,0,0","0,0,0,0",ethanol,2,6,1,0,46.07,NA,NA,NA,NA,0.52028233250081435,NA,NA,NA,0.73772099999999985,NA,NA,NA
98,1,0,1,6,9,92.09,108.5894233901618,3,8,3,0,0,0,0,0,0,0,0,0,0,0,0,1,0.5,M9,37,2,SY03 (pZSKLMgldA),"frdA, pta","0,0","dhaK, dhaL, dhaM, gldA","0,0,0,0","1,1,1,1","0,0,0,0","0,0,0,0","0,0,0,0","0,0,0,0","0,0,0,0","0,0,0,0","0,0,0,0","0,0,0,0",ethanol,2,6,1,0,46.07,NA,NA,NA,NA,0.5102769030296449,NA,NA,NA,0.37576799999999994,NA,NA,NA
98,1,0,1,7,9,92.09,108.5894233901618,3,8,3,0,0,0,0,0,0,0,0,0,0,0,0,1,0.5,M9,37,2,MG1655 (pZSKLMgldA),"ilvG, rfb, rph","0,0,0","dhaK, dhaL, dhaM, gldA","0,0,0,0","1,1,1,1","0,0,0,0","0,0,0,0","0,0,0,0","0,0,0,0","0,0,0,0","0,0,0,0","0,0,0,0","0,0,0,0",ethanol,2,6,1,0,46.07,NA,NA,NA,NA,0.45024432620262783,NA,NA,NA,0.51299699999999993,NA,NA,NA
98,1,0,1,8,9,92.09,108.5894233901618,3,8,3,0,0,0,0,0,0,0,0,0,0,0,0,1,0.5,M9,37,3,MG1655,"ilvG, rfb, rph","0,0,0",NA,NA,NA,NA,NA,NA,NA,NA,NA,NA,NA,ethanol,2,6,1,0,46.07,NA,NA,NA,NA,0.37520360516885654,NA,NA,NA,0.31728449999999997,NA,NA,NA
98,1,0,1,9,9,92.09,108.5894233901618,3,8,3,0,0,0,0,0,0,0,0,0,0,0,0,1,0.5,M9,37,3,SY03,"frdA, pta","0,0",NA,NA,NA,NA,NA,NA,NA,NA,NA,NA,NA,ethanol,2,6,1,0,46.07,NA,NA,NA,NA,0.41022260831794977,NA,NA,NA,0.25926149999999998,NA,NA,NA
98,1,0,1,10,9,92.09,108.5894233901618,3,8,3,0,0,0,0,0,0,0,0,0,0,0,0,1,0.5,M9,37,3,SY03 (pZSKLMgldA),"frdA, pta","0,0","dhaK, dhaL, dhaM, gldA","0,0,0,0","1,1,1,1","0,0,0,0","0,0,0,0","0,0,0,0","0,0,0,0","0,0,0,0","0,0,0,0","0,0,0,0","0,0,0,0",ethanol,2,6,1,0,46.07,NA,NA,NA,NA,0.48026061461613634,NA,NA,NA,0.40616099999999994,NA,NA,NA
98,1,0,1,11,9,92.09,108.5894233901618,3,8,3,0,0,0,0,0,0,0,0,0,0,0,0,1,0.5,M9,37,2,SY04 (pZSKLMgldA),"fdhF, frdA, pta","0,0,0","dhaK, dhaL, dhaM, gldA","0,0,0,0","1,1,1,1","0,0,0,0","0,0,0,0","0,0,0,0","0,0,0,0","0,0,0,0","0,0,0,0","0,0,0,0","0,0,0,0",ethanol,2,6,1,0,46.07,NA,NA,NA,NA,0.48526332935172106,NA,NA,NA,0.72897149999999988,NA,NA,NA
98,1,0,1,12,9,92.09,217.1788467803236,3,8,3,0,0,0,0,0,0,0,0,0,0,0,0,1,0.5,M9,37,2,SY04 (pZSKLMgldA),"fdhF, frdA, pta","0,0,0","dhaK, dhaL, dhaM, gldA","0,0,0,0","1,1,1,1","0,0,0,0","0,0,0,0","0,0,0,0","0,0,0,0","0,0,0,0","0,0,0,0","0,0,0,0","0,0,0,0",ethanol,2,6,1,0,46.07,NA,NA,NA,NA,0.5102769030296449,NA,NA,NA,1.2516389999999997,NA,NA,NA
99,1,1,1,1,1,180.16,0,6,12,6,0,0,0,0,0,0,0,0,0,0,0,0,1,NA,M9,37,3,pflA- mutant,pflA,0,NA,NA,NA,NA,NA,NA,NA,NA,NA,NA,NA,d-lactate,3,5,3,0,89.07,NA,NA,NA,NA,0.72499999999999998,NA,NA,NA,NA,NA,NA,NA
99,1,1,1,2,16,196.16,0,6,12,7,0,0,0,0,0,0,0,0,0,0,0,0,1,NA,M9,37,3,pflA- mutant,pflA,0,NA,NA,NA,NA,NA,NA,NA,NA,NA,NA,NA,d-lactate,3,5,3,0,89.07,NA,NA,NA,NA,0.57399999999999995,NA,NA,NA,NA,NA,NA,NA
99,1,1,1,3,5,87.05,0,3,3,3,0,0,0,0,0,0,0,0,0,0,0,0,1,NA,M9,37,3,pflA- mutant,pflA,0,NA,NA,NA,NA,NA,NA,NA,NA,NA,NA,NA,d-lactate,3,5,3,0,89.07,NA,NA,NA,NA,0.26500000000000001,NA,NA,NA,NA,NA,NA,NA
99,1,1,1,4,3,180.16,0,6,12,6,0,0,0,0,0,0,0,0,0,0,0,0,1,NA,M9,37,3,pflA- mutant,pflA,0,NA,NA,NA,NA,NA,NA,NA,NA,NA,NA,NA,d-lactate,3,5,3,0,89.07,NA,NA,NA,NA,0.69,NA,NA,NA,NA,NA,NA,NA
99,1,1,1,5,9,92.09,0,3,8,3,0,0,0,0,0,0,0,0,0,0,0,0,1,NA,M9,37,3,pflA- mutant,pflA,0,NA,NA,NA,NA,NA,NA,NA,NA,NA,NA,NA,d-lactate,3,5,3,0,89.07,NA,NA,NA,NA,0.61099999999999999,NA,NA,NA,NA,NA,NA,NA
99,1,1,1,6,1,180.16,0,6,12,6,0,0,0,0,0,0,0,0,0,0,0,0,1,0.1,M9,37,2,pflA- mutant,pflA,0,NA,NA,NA,NA,NA,NA,NA,NA,NA,NA,NA,d-lactate,3,5,3,0,89.07,NA,NA,NA,NA,0.48199999999999998,NA,NA,NA,NA,NA,NA,NA
100,1,1,1,1,1,180.16,11.101243339253998,6,12,6,0,0,0,0,0,0,0,0,0,0,0,0,2,0.1,M9,37,NA,Unevolved WT,NA,NA,NA,NA,NA,NA,NA,NA,NA,NA,NA,NA,NA,l-lactate,3,6,3,0,90,NA,NA,NA,NA,NA,NA,NA,0,NA,1440,NA,NA
100,1,1,1,2,1,180.16,11.101243339253998,6,12,6,0,0,0,0,0,0,0,0,0,0,0,0,2,0.1,M9,37,NA,pta-adhE1,"pta, adhE","0,0",NA,NA,NA,NA,NA,NA,NA,NA,NA,1,NA,l-lactate,3,6,3,0,90,NA,NA,NA,NA,NA,NA,NA,1.66,NA,1440,NA,NA
100,1,1,1,3,1,180.16,11.101243339253998,6,12,6,0,0,0,0,0,0,0,0,0,0,0,0,2,0.1,M9,37,NA,pta-adhE2,"pta, adhE","0,0",NA,NA,NA,NA,NA,NA,NA,NA,NA,1,NA,l-lactate,3,6,3,0,90,NA,NA,NA,NA,NA,NA,NA,1.75,NA,1440,NA,NA
100,1,1,1,4,1,180.16,11.101243339253998,6,12,6,0,0,0,0,0,0,0,0,0,0,0,0,2,0.1,M9,37,NA,pta-adhE3,"pta, adhE","0,0",NA,NA,NA,NA,NA,NA,NA,NA,NA,1,NA,l-lactate,3,6,3,0,90,NA,NA,NA,NA,NA,NA,NA,1.67,NA,1440,NA,NA
100,1,1,1,5,1,180.16,11.101243339253998,6,12,6,0,0,0,0,0,0,0,0,0,0,0,0,2,0.1,M9,37,NA,pta-adhE4,"pta, adhE","0,0",NA,NA,NA,NA,NA,NA,NA,NA,NA,1,NA,l-lactate,3,6,3,0,90,NA,NA,NA,NA,NA,NA,NA,1.69,NA,1440,NA,NA
100,1,1,1,6,1,180.16,11.101243339253998,6,12,6,0,0,0,0,0,0,0,0,0,0,0,0,2,0.1,M9,37,NA,pta-adhE5,"pta, adhE","0,0",NA,NA,NA,NA,NA,NA,NA,NA,NA,1,NA,l-lactate,3,6,3,0,90,NA,NA,NA,NA,NA,NA,NA,1.66,NA,1440,NA,NA
100,1,1,1,7,1,180.16,11.101243339253998,6,12,6,0,0,0,0,0,0,0,0,0,0,0,0,2,0.1,M9,37,NA,pta-pfk1,"pta, pfk","0,0",NA,NA,NA,NA,NA,NA,NA,NA,NA,1,NA,l-lactate,3,6,3,0,90,NA,NA,NA,NA,NA,NA,NA,1.32,NA,1440,NA,NA
100,1,1,1,8,1,180.16,11.101243339253998,6,12,6,0,0,0,0,0,0,0,0,0,0,0,0,2,0.1,M9,37,NA,pta-pfk2,"pta, pfk","0,0",NA,NA,NA,NA,NA,NA,NA,NA,NA,1,NA,l-lactate,3,6,3,0,90,NA,NA,NA,NA,NA,NA,NA,1.32,NA,1440,NA,NA
100,1,1,1,9,1,180.16,11.101243339253998,6,12,6,0,0,0,0,0,0,0,0,0,0,0,0,2,0.1,M9,37,NA,pta-pfk3,"pta, pfk","0,0",NA,NA,NA,NA,NA,NA,NA,NA,NA,1,NA,l-lactate,3,6,3,0,90,NA,NA,NA,NA,NA,NA,NA,1.32,NA,1440,NA,NA
100,1,1,1,10,1,180.16,11.101243339253998,6,12,6,0,0,0,0,0,0,0,0,0,0,0,0,2,0.1,M9,37,NA,pta-adhE-pfk-glk1,"pta, adhE, pfk, glk","0,0,0,0",NA,NA,NA,NA,NA,NA,NA,NA,NA,1,NA,l-lactate,3,6,3,0,90,NA,NA,NA,NA,NA,NA,NA,1.32,NA,1440,NA,NA
100,1,1,1,11,1,180.16,11.101243339253998,6,12,6,0,0,0,0,0,0,0,0,0,0,0,0,2,0.1,M9,37,NA,pta-adhE-pfk-glk2,"pta, adhE, pfk, glk","0,0,0,0",NA,NA,NA,NA,NA,NA,NA,NA,NA,1,NA,l-lactate,3,6,3,0,90,NA,NA,NA,NA,NA,NA,NA,1.32,NA,1440,NA,NA
100,1,1,1,12,1,180.16,11.101243339253998,6,12,6,0,0,0,0,0,0,0,0,0,0,0,0,2,0.1,M9,37,NA,pta-adhE-pfk-glk3,"pta, adhE, pfk, glk","0,0,0,0",NA,NA,NA,NA,NA,NA,NA,NA,NA,1,NA,l-lactate,3,6,3,0,90,NA,NA,NA,NA,NA,NA,NA,1.32,NA,1440,NA,NA
101,0,1,1,1,1,180.16,22.202486678507995,6,12,6,0,0,0,0,0,0,0,0,0,0,0,0,1,0.08,M9,37,2,KBM10111/pRR48+ppsA,"adhE, ackA, pta","0,0,0",ppsA,0,1,0,3,0,0,0,0,0,0,l-lactate,3,6,3,0,90,NA,NA,NA,NA,NA,NA,NA,0.79600000000000004,NA,10,NA,NA
101,1,1,1,2,1,180.16,22.202486678507995,6,12,6,0,0,0,0,0,0,0,0,0,0,0,0,1,0.08,M9,37,2,KBM10111/pRR48+ppsA,"adhE, ackA, pta","0,0,0",ppsA,0,1,0,3,0,0,0,0,0,0,l-lactate,3,6,3,0,90,NA,NA,NA,NA,NA,NA,NA,0.86299999999999999,NA,10,NA,NA
102,1,1,1,1,1,180.16,277.53108348134992,6,12,6,0,0,0,0,0,0,0,0,0,0,0,0,1,0.35,NBS,37,2,E coli wild type,NA,NA,NA,NA,NA,NA,NA,NA,NA,NA,NA,NA,NA,succinate,4,6,4,0,118,NA,NA,NA,NA,0.12,NA,NA,49,0.12,NA,2,NA
102,1,1,1,2,1,180.16,277.53108348134992,6,12,6,0,0,0,0,0,0,0,0,0,0,0,0,1,0.35,NBS,37,2,KJ012,"ldhA, adhE, ackA","0,0,0",NA,NA,NA,NA,NA,NA,NA,NA,NA,NA,NA,succinate,4,6,4,0,118,NA,NA,NA,NA,0.13,NA,NA,6,0.04,NA,0.3,NA
102,1,1,1,3,1,180.16,277.53108348134992,6,12,6,0,0,0,0,0,0,0,0,0,0,0,0,1,0.35,MOPS,37,2,KJ012,"ldhA, adhE, ackA","0,0,0",NA,NA,NA,NA,NA,NA,NA,NA,NA,NA,NA,succinate,4,6,4,0,118,NA,NA,NA,NA,0.06,NA,NA,10,0.02,NA,1.5,NA
102,1,1,1,4,1,180.16,277.53108348134992,6,12,6,0,0,0,0,0,0,0,0,0,0,0,0,1,0.35,LB,37,2,KJ012,"ldhA, adhE, ackA","0,0,0",NA,NA,NA,NA,NA,NA,NA,NA,NA,NA,NA,succinate,4,6,4,0,118,NA,NA,NA,NA,0.5,NA,NA,108,0.09,NA,1.5,NA
102,1,1,1,5,1,180.16,277.53108348134992,6,12,6,0,0,0,0,0,0,0,0,0,0,0,0,1,0.35,NBS,37,2,KJ012,"ldhA, adhE, ackA","0,0,0",NA,NA,NA,NA,NA,NA,NA,NA,NA,NA,NA,succinate,4,6,4,0,118,NA,NA,NA,NA,0.09,NA,NA,6,7.1999999999999995E-2,NA,0.3,NA
102,1,1,1,6,1,180.16,277.53108348134992,6,12,6,0,0,0,0,0,0,0,0,0,0,0,0,1,0.35,NBS,37,2,KJ012,"ldhA, adhE, ackA","0,0,0",NA,NA,NA,NA,NA,NA,NA,NA,NA,NA,NA,succinate,4,6,4,0,118,NA,NA,NA,NA,0.18,NA,NA,26,0.128,NA,0.7,NA
102,1,1,1,7,1,180.16,277.53108348134992,6,12,6,0,0,0,0,0,0,0,0,0,0,0,0,1,0.35,NBS,37,2,KJ012,"ldhA, adhE, ackA","0,0,0",NA,NA,NA,NA,NA,NA,NA,NA,NA,NA,NA,succinate,4,6,4,0,118,NA,NA,NA,NA,0.48,NA,NA,204,0.251,NA,2.2999999999999998,NA
102,1,1,1,8,1,180.16,555.06216696269985,6,12,6,0,0,0,0,0,0,0,0,0,0,0,0,1,0.35,NBS,37,2,KJ012,"ldhA, adhE, ackA","0,0,0",NA,NA,NA,NA,NA,NA,NA,NA,NA,NA,NA,succinate,4,6,4,0,118,NA,NA,NA,NA,0.49,NA,NA,288,0.35399999999999998,NA,1.7,NA
102,1,1,1,9,1,180.16,277.53108348134992,6,12,6,0,0,0,0,0,0,0,0,0,0,0,0,1,0.35,NBS,37,2,KJ032,"ldhA, adhE, ackA, focA, pflB","0,0,0,0,0",NA,NA,NA,NA,NA,NA,NA,NA,NA,NA,NA,succinate,4,6,4,0,118,NA,NA,NA,NA,0.97,NA,NA,212,0.26,NA,1,NA
102,1,1,1,10,1,180.16,555.06216696269985,6,12,6,0,0,0,0,0,0,0,0,0,0,0,0,1,0.35,NBS,37,2,KJ032,"ldhA, adhE, ackA, focA, pflB","0,0,0,0,0",NA,NA,NA,NA,NA,NA,NA,NA,NA,NA,NA,succinate,4,6,4,0,118,NA,NA,NA,NA,0.71,NA,NA,596,0.73599999999999999,NA,1.4,NA
102,1,1,1,11,1,180.16,555.06216696269985,6,12,6,0,0,0,0,0,0,0,0,0,0,0,0,1,0.35,NBS,37,2,KJ032,"ldhA, adhE, ackA, focA, pflB","0,0,0,0,0",NA,NA,NA,NA,NA,NA,NA,NA,NA,NA,NA,succinate,4,6,4,0,118,NA,NA,NA,NA,0.69,NA,NA,579,0.71099999999999997,NA,1.4,NA
102,1,1,1,12,1,180.16,277.53108348134992,6,12,6,0,0,0,0,0,0,0,0,0,0,0,0,1,0.35,NBS,37,2,KJ070,"ldhA, adhE, ackA, focA, pflB, mgsA","0,0,0,0,0,0",NA,NA,NA,NA,NA,NA,NA,NA,NA,1,NA,succinate,4,6,4,0,118,NA,NA,NA,NA,0.7,NA,NA,294,0.36099999999999999,NA,1,NA
102,1,1,1,13,1,180.16,555.06216696269985,6,12,6,0,0,0,0,0,0,0,0,0,0,0,0,1,0.35,NBS,37,2,KJ070,"ldhA, adhE, ackA, focA, pflB, mgsA","0,0,0,0,0,0",NA,NA,NA,NA,NA,NA,NA,NA,NA,1,NA,succinate,4,6,4,0,118,NA,NA,NA,NA,0.47,NA,NA,341,0.41899999999999998,NA,1.1000000000000001,NA
102,1,1,1,14,1,180.16,555.06216696269985,6,12,6,0,0,0,0,0,0,0,0,0,0,0,0,1,0.35,NBS,37,2,KJ072,"ldhA, adhE, ackA, focA, pflB, mgsA, poxB","0,0,0,0,0,0,0",NA,NA,NA,NA,NA,NA,NA,NA,NA,1,NA,succinate,4,6,4,0,118,NA,NA,NA,NA,0.64,NA,NA,539,0.66300000000000003,NA,1.3,NA
102,1,1,1,15,1,180.16,555.06216696269985,6,12,6,0,0,0,0,0,0,0,0,0,0,0,0,1,0.35,AM1,37,2,KJ072,"ldhA, adhE, ackA, focA, pflB, mgsA, poxB","0,0,0,0,0,0,0",NA,NA,NA,NA,NA,NA,NA,NA,NA,1,NA,succinate,4,6,4,0,118,NA,NA,NA,NA,0.88,NA,NA,596,0.73299999999999998,NA,1.2,NA
102,1,1,1,16,1,180.16,555.06216696269985,6,12,6,0,0,0,0,0,0,0,0,0,0,0,0,1,0.35,AM1,37,2,KJ072,"ldhA, adhE, ackA, focA, pflB, mgsA, poxB","0,0,0,0,0,0,0",NA,NA,NA,NA,NA,NA,NA,NA,NA,1,NA,succinate,4,6,4,0,118,NA,NA,NA,NA,0.83,NA,NA,699,0.85799999999999998,NA,1.5,NA
102,1,1,1,17,1,180.16,555.06216696269985,6,12,6,0,0,0,0,0,0,0,0,0,0,0,0,1,0.35,AM1,37,2,KJ073,"ldhA, adhE, ackA, focA, pflB, mgsA, poxB","0,0,0,0,0,0,0",NA,NA,NA,NA,NA,NA,NA,NA,NA,1,NA,succinate,4,6,4,0,118,NA,NA,NA,NA,0.77,NA,NA,668,0.82,NA,2.2999999999999998,NA
102,1,1,1,18,1,180.16,555.06216696269985,6,12,6,0,0,0,0,0,0,0,0,0,0,0,0,1,0.35,AM1,37,2,KJ060,"ldhA, adhE, ackA, focA, pflB","0,0,0,0,0",NA,NA,NA,NA,NA,NA,NA,NA,NA,1,NA,succinate,4,6,4,0,118,NA,NA,NA,NA,0.92,NA,NA,733,0.9,NA,2.2000000000000002,NA
102,1,1,1,19,1,180.16,555.06216696269985,6,12,6,0,0,0,0,0,0,0,0,0,0,0,0,1,0.35,AM1,37,2,KJ060,"ldhA, adhE, ackA, focA, pflB","0,0,0,0,0",NA,NA,NA,NA,NA,NA,NA,NA,NA,1,NA,succinate,4,6,4,0,118,NA,NA,NA,NA,1.05,NA,NA,622,0.77,NA,2.2000000000000002,NA
102,1,1,1,20,1,180.16,555.06216696269985,6,12,6,0,0,0,0,0,0,0,0,0,0,0,0,1,0.35,NBS,37,2,KJ071,"ldhA, adhE, ackA, focA, pflB, mgsA","0,0,0,0,0,0",NA,NA,NA,NA,NA,NA,NA,NA,NA,1,NA,succinate,4,6,4,0,118,NA,NA,NA,NA,0.53,NA,NA,280,0.33,NA,1.5,NA
103,1,1,1,1,1,180.16,111.01243339253996,6,12,6,0,0,0,0,0,0,0,0,0,0,0,0,1,3,RICH,37,1,WGS-3 (p104ManPck),"mcrA, mcrB, rrnD, rrnE, ldhA, pta, adhE","1,1,0,0,0,0,0",pckA,0,1,1,4,0,0,0,0,0,0,l-malate,4,4,5,0,132.071,NA,NA,NA,NA,0.61,NA,NA,9.6199999999999992,0.69,NA,NA,NA
103,1,1,1,2,1,180.16,111.01243339253996,6,12,6,0,0,0,0,0,0,0,0,0,0,0,0,1,3,RICH,37,1,WGS-10 (p104Colipck),"mcrA, mcrB, rrnD, rrnE, ldhA, adhE","1,1,0,0,0,0",pckA,0,1,0,4,0,0,0,0,0,0,l-malate,4,4,5,0,132.071,NA,NA,NA,NA,0.11,NA,NA,1.42,0.09,NA,NA,NA
103,1,1,1,3,1,180.16,111.01243339253996,6,12,6,0,0,0,0,0,0,0,0,0,0,0,0,1,3,RICH,37,1,WGS-10 (p104ManPck),"mcrA, mcrB, rrnD, rrnE, ldhA, adhE","1,1,0,0,0,0",pckA,0,1,1,4,0,0,0,0,0,0,l-malate,4,4,5,0,132.071,NA,NA,NA,NA,0.56000000000000005,NA,NA,9.25,0.74,NA,NA,NA
104,1,0,1,1,1,180.16,555.06216696269985,6,12,6,0,0,0,0,0,0,0,0,0,0,0,0,1,NA,AM1,NA,NA,KJ073,"ldhA, adhE, ackA, focA, pflB, mgsA, poxB","0,0,0,0,0,0,0",NA,NA,NA,NA,NA,NA,NA,NA,NA,1,NA,succinate,4,6,4,0,118,NA,NA,NA,NA,0.77,NA,NA,77.534759999999991,0.82,96,2.2999999999999998,NA
104,1,0,1,2,1,180.16,555.06216696269985,6,12,6,0,0,0,0,0,0,0,0,0,0,0,0,1,NA,AM1,NA,NA,KJ091,"ldhA, adhE, ackA, focA, pflB, mgsA, poxB, ackA, adhE, ldhA, focA, pflB","0,0,0,0,0,0,0,0,0,0,0,0",NA,NA,NA,NA,NA,NA,NA,NA,NA,1,NA,succinate,4,6,4,0,118,NA,NA,NA,NA,0.78,NA,NA,79.740089999999995,0.84,96,2.2000000000000002,NA
104,1,0,1,3,1,180.16,555.06216696269985,6,12,6,0,0,0,0,0,0,0,0,0,0,0,0,1,NA,AM1,NA,NA,KJ098,"ldhA, adhE, ackA, focA, pflB, mgsA, poxB, ackA, adhE, ldhA, focA, pflB, tdcD, tdcE","0,0,0,0,0,0,0,0,0,0,0,0,0,0",NA,NA,NA,NA,NA,NA,NA,NA,NA,1,NA,succinate,4,6,4,0,118,NA,NA,NA,NA,0.85,NA,NA,74.749079999999992,0.79,96,2.2999999999999998,NA
104,1,0,1,4,1,180.16,555.06216696269985,6,12,6,0,0,0,0,0,0,0,0,0,0,0,0,1,NA,AM1,NA,NA,KJ104,"ldhA, adhE, ackA, focA, pflB, mgsA, poxB, ackA, adhE, ldhA, focA, pflB, tdcD, tdcE, citF","0,0,0,0,0,0,0,0,0,0,0,0,0,0,0",NA,NA,NA,NA,NA,NA,NA,NA,NA,1,NA,succinate,4,6,4,0,118,NA,NA,NA,NA,0.86,NA,NA,73.124099999999999,0.78,96,1.8,NA
104,1,0,1,5,1,180.16,555.06216696269985,6,12,6,0,0,0,0,0,0,0,0,0,0,0,0,1,NA,AM1,NA,NA,KJ104,"ldhA, adhE, ackA, focA, pflB, mgsA, poxB, ackA, adhE, ldhA, focA, pflB, tdcD, tdcE, citF","0,0,0,0,0,0,0,0,0,0,0,0,0,0,0",NA,NA,NA,NA,NA,NA,NA,NA,NA,1,NA,succinate,4,6,4,0,118,NA,NA,NA,NA,0.85,NA,NA,71.963399999999993,0.77,96,1.9,NA
104,1,0,1,6,1,180.16,555.06216696269985,6,12,6,0,0,0,0,0,0,0,0,0,0,0,0,1,NA,AM1,NA,NA,KJ110,"ldhA, adhE, ackA, focA, pflB, mgsA, poxB, ackA, adhE, ldhA, focA, pflB, tdcD, tdcE, citF, aspC","0,0,0,0,0,0,0,0,0,0,0,0,0,0,0,0",NA,NA,NA,NA,NA,NA,NA,NA,NA,1,NA,succinate,4,6,4,0,118,NA,NA,NA,NA,0.84,NA,NA,74.28479999999999,0.79,96,2,NA
104,1,0,1,7,1,180.16,555.06216696269985,6,12,6,0,0,0,0,0,0,0,0,0,0,0,0,1,NA,AM1,NA,NA,KJ119,"ldhA, adhE, ackA, focA, pflB, mgsA, poxB, ackA, adhE, ldhA, focA, pflB, tdcD, tdcE, citF, sfcA","0,0,0,0,0,0,0,0,0,0,0,0,0,0,0,0",NA,NA,NA,NA,NA,NA,NA,NA,NA,1,NA,succinate,4,6,4,0,118,NA,NA,NA,NA,0.85,NA,NA,76.025849999999991,0.81,96,2,NA
104,1,0,1,8,1,180.16,555.06216696269985,6,12,6,0,0,0,0,0,0,0,0,0,0,0,0,1,NA,AM1,NA,NA,KJ122,"ldhA, adhE, ackA, focA, pflB, mgsA, poxB, ackA, adhE, ldhA, focA, pflB, tdcD, tdcE, citF, aspC, sfcA","0,0,0,0,0,0,0,0,0,0,0,0,0,0,0,0,0",NA,NA,NA,NA,NA,NA,NA,NA,NA,1,NA,succinate,4,6,4,0,118,NA,NA,NA,NA,0.89,NA,NA,78.927599999999998,0.83,96,2.2999999999999998,NA
104,1,0,1,9,1,180.16,555.06216696269985,6,12,6,0,0,0,0,0,0,0,0,0,0,0,0,1,NA,AM1,NA,NA,KJ122,"ldhA, adhE, ackA, focA, pflB, mgsA, poxB, ackA, adhE, ldhA, focA, pflB, tdcD, tdcE, citF, aspC, sfcA","0,0,0,0,0,0,0,0,0,0,0,0,0,0,0,0,0",NA,NA,NA,NA,NA,NA,NA,NA,NA,1,NA,succinate,4,6,4,0,118,NA,NA,NA,NA,0.92,NA,NA,81.248999999999995,0.88,96,2,NA
104,1,0,1,10,1,180.16,555.06216696269985,6,12,6,0,0,0,0,0,0,0,0,0,0,0,0,1,NA,AM1,NA,NA,KJ122,"ldhA, adhE, ackA, focA, pflB, mgsA, poxB, ackA, adhE, ldhA, focA, pflB, tdcD, tdcE, citF, aspC, sfcA","0,0,0,0,0,0,0,0,0,0,0,0,0,0,0,0,0",NA,NA,NA,NA,NA,NA,NA,NA,NA,1,NA,succinate,4,6,4,0,118,NA,NA,NA,NA,0.96,NA,NA,79.507949999999994,0.84,96,2.1,NA
104,1,0,1,11,1,180.16,555.06216696269985,6,12,6,0,0,0,0,0,0,0,0,0,0,0,0,1,NA,AM1,NA,NA,KJ134,"ldhA, adhE, ackA, focA, pflB, mgsA, poxB, ackA, adhE, ldhA, focA, pflB, tdcD, tdcE, citF, aspC, sfcA, pta, ackA","0,0,0,0,0,0,0,0,0,0,0,0,0,0,0,0,0,0,0",NA,NA,NA,NA,NA,NA,NA,NA,NA,1,NA,succinate,4,6,4,0,118,NA,NA,NA,NA,1,NA,NA,70.338419999999999,0.75,96,2.2999999999999998,NA
105,1,1,1,1,9,92.09,542.947116950809,3,8,3,0,0,0,0,0,0,0,0,0,0,0,0,1,0.3,NBS,37,2,ATCC 8739,NA,NA,NA,NA,NA,NA,NA,NA,NA,NA,NA,NA,NA,succinate,4,6,4,0,118,NA,NA,NA,NA,NA,0.31509935932240196,NA,4.41066,NA,144,0.55000000000000004,NA
105,1,1,1,2,9,92.09,542.947116950809,3,8,3,0,0,0,0,0,0,0,0,0,0,0,0,1,0.3,NBS,37,2,XZ17,pflB,0,NA,NA,NA,NA,NA,NA,NA,NA,NA,NA,NA,succinate,4,6,4,0,118,NA,NA,NA,NA,NA,0.13864371810185686,NA,0.58034999999999992,NA,144,0.3,NA
105,1,1,1,3,9,92.09,542.947116950809,3,8,3,0,0,0,0,0,0,0,0,0,0,0,0,1,0.3,NBS,37,2,XZ632,pck,1,NA,NA,NA,NA,NA,NA,NA,NA,NA,NA,NA,succinate,4,6,4,0,118,NA,NA,NA,NA,NA,0.55457487240742742,NA,7.4284799999999995,NA,144,0.7,NA
105,1,1,1,4,9,92.09,542.947116950809,3,8,3,0,0,0,0,0,0,0,0,0,0,0,0,1,0.3,NBS,37,2,XZ647,"pck, ptsI","1,0",NA,NA,NA,NA,NA,NA,NA,NA,NA,NA,NA,succinate,4,6,4,0,118,NA,NA,NA,NA,NA,0.89488218047562151,NA,7.3124099999999999,NA,144,0.4,NA
105,1,1,1,5,9,92.09,542.947116950809,3,8,3,0,0,0,0,0,0,0,0,0,0,0,0,1,0.3,NBS,37,2,XZ721,"pck, pflB, ptsI","1,0,0",NA,NA,NA,NA,NA,NA,NA,NA,NA,NA,NA,succinate,4,6,4,0,118,NA,NA,NA,NA,NA,1.0083179498316863,NA,11.839139999999999,NA,144,0.5,NA
105,1,1,1,6,9,92.09,542.947116950809,3,8,3,0,0,0,0,0,0,0,0,0,0,0,0,1,0.3,NBS,37,2,XZ632,pck,1,NA,NA,NA,NA,NA,NA,NA,NA,NA,NA,NA,succinate,4,6,4,0,118,NA,NA,NA,NA,NA,0.55457487240742742,NA,7.4284799999999995,NA,144,0.7,NA
105,1,1,1,7,9,92.09,542.947116950809,3,8,3,0,0,0,0,0,0,0,0,0,0,0,0,1,0.3,NBS,37,2,XZ467,"pck, ptsA","1,0",NA,NA,NA,NA,NA,NA,NA,NA,NA,NA,NA,succinate,4,6,4,0,118,NA,NA,NA,NA,NA,0.54197089803453136,NA,8.3570399999999996,NA,144,0.79,NA
105,1,1,1,8,9,92.09,542.947116950809,3,8,3,0,0,0,0,0,0,0,0,0,0,0,0,1,0.3,NBS,37,2,XZ462,"pck, glpA","1,0",NA,NA,NA,NA,NA,NA,NA,NA,NA,NA,NA,succinate,4,6,4,0,118,NA,NA,NA,NA,NA,0.45374307742425879,NA,3.2499599999999997,NA,144,0.5,NA
105,1,1,1,9,9,92.09,542.947116950809,3,8,3,0,0,0,0,0,0,0,0,0,0,0,0,1,0.3,NBS,37,2,XZ464,"pck, gldA","1,0",NA,NA,NA,NA,NA,NA,NA,NA,NA,NA,NA,succinate,4,6,4,0,118,NA,NA,NA,NA,NA,0.94529807796720589,NA,12.999839999999999,NA,144,0.47,NA
105,1,1,1,10,9,92.09,542.947116950809,3,8,3,0,0,0,0,0,0,0,0,0,0,0,0,1,0.3,NBS,37,2,XZ465,"pck, dhaK, dhaL","1,0,0",NA,NA,NA,NA,NA,NA,NA,NA,NA,NA,NA,succinate,4,6,4,0,118,NA,NA,NA,NA,NA,0.97050602671299802,NA,11.02665,NA,144,0.43,NA
105,1,1,1,11,9,92.09,542.947116950809,3,8,3,0,0,0,0,0,0,0,0,0,0,0,0,1,0.3,NBS,37,2,XZ466,"pck, dhaM","1,0",NA,NA,NA,NA,NA,NA,NA,NA,NA,NA,NA,succinate,4,6,4,0,118,NA,NA,NA,NA,NA,0.89488218047562151,NA,12.535559999999998,NA,144,0.5,NA
105,1,1,1,12,9,92.09,542.947116950809,3,8,3,0,0,0,0,0,0,0,0,0,0,0,0,1,0.3,NBS,37,2,XZ468,"pck, ptsH","1,0",NA,NA,NA,NA,NA,NA,NA,NA,NA,NA,NA,succinate,4,6,4,0,118,NA,NA,NA,NA,NA,0.85707025735693343,NA,9.8659499999999998,NA,144,0.5,NA
106,1,1,1,1,1,180.16,277.53108348134992,6,12,6,0,0,0,0,0,0,0,0,0,0,0,0,1,0.1,NBS,37,NA,KJ073,"ldhA, adhE, ackA, focA, pflB, mgsA, poxB","0,0,0,0,0,0,0",NA,NA,NA,NA,NA,NA,NA,NA,NA,1,NA,succinate,4,6,4,0,118,NA,NA,NA,NA,NA,0.77955539520426287,NA,42.249479999999998,NA,NA,NA,NA
106,1,1,1,2,1,180.16,277.53108348134992,6,12,6,0,0,0,0,0,0,0,0,0,0,0,0,1,0.1,NBS,37,NA,XZ320,"ldhA, adhE, ackA, focA, pflB, mgsA, poxB, ppc","0,0,0,0,0,0,0,0",NA,NA,NA,NA,NA,NA,NA,NA,NA,1,NA,succinate,4,6,4,0,118,NA,NA,NA,NA,NA,0.80532582149200715,NA,40.392359999999996,NA,NA,NA,NA
106,1,1,1,3,1,180.16,277.53108348134992,6,12,6,0,0,0,0,0,0,0,0,0,0,0,0,1,0.1,NBS,37,NA,XZ341,"ldhA, adhE, ackA, focA, pflB, mgsA, poxB, maeA","0,0,0,0,0,0,0,0",NA,NA,NA,NA,NA,NA,NA,NA,NA,1,NA,succinate,4,6,4,0,118,NA,NA,NA,NA,NA,0.78599800177619894,NA,39.347729999999999,NA,NA,NA,NA
106,1,1,1,4,1,180.16,277.53108348134992,6,12,6,0,0,0,0,0,0,0,0,0,0,0,0,1,0.1,NBS,37,NA,XZ396,"ldhA, adhE, ackA, focA, pflB, mgsA, poxB, maeB","0,0,0,0,0,0,0,0",NA,NA,NA,NA,NA,NA,NA,NA,NA,1,NA,succinate,4,6,4,0,118,NA,NA,NA,NA,NA,0.78599800177619894,NA,39.115589999999997,NA,NA,NA,NA
106,1,1,1,5,1,180.16,277.53108348134992,6,12,6,0,0,0,0,0,0,0,0,0,0,0,0,1,0.1,NBS,37,NA,XZ332,"ldhA, adhE, ackA, focA, pflB, mgsA, poxB, pck","0,0,0,0,0,0,0,0",NA,NA,NA,NA,NA,NA,NA,NA,NA,1,NA,succinate,4,6,4,0,118,NA,NA,NA,NA,NA,0.29635990230905862,NA,4.8749399999999996,NA,NA,NA,NA
106,1,1,1,6,1,180.16,277.53108348134992,6,12,6,0,0,0,0,0,0,0,0,0,0,0,0,1,0.1,NBS,37,NA,XZ332 (pLOI4677),"ldhA, adhE, ackA, focA, pflB, mgsA, poxB, pck","0,0,0,0,0,0,0,0",pck,0,1,0,3,0,0,0,0,1,0,succinate,4,6,4,0,118,NA,NA,NA,NA,NA,0.61204762433392534,NA,30.178199999999997,NA,NA,NA,NA
107,1,0,1,1,1,180.16,111.01243339253996,6,12,6,0,0,0,0,0,0,0,0,0,0,0,0,3,3,NA,NA,2,AFP111,"rpoS, rph, pflA, pflB, ldhA, ptsG","0,0,0,0,0,1",NA,NA,NA,NA,NA,NA,NA,NA,NA,NA,NA,succinate,4,6,4,0,118,NA,NA,NA,NA,0.43,NA,NA,35,0.98,NA,NA,NA
107,1,0,1,2,1,180.16,111.01243339253996,6,12,6,0,0,0,0,0,0,0,0,0,0,0,0,3,3,NA,NA,2,AFP111,"rpoS, rph, pflA, pflB, ldhA, ptsG","0,0,0,0,0,1",NA,NA,NA,NA,NA,NA,NA,NA,NA,NA,NA,succinate,4,6,4,0,118,NA,NA,NA,NA,1.03,NA,NA,74.3,1.32,NA,NA,NA
107,1,0,1,3,1,180.16,111.01243339253996,6,12,6,0,0,0,0,0,0,0,0,0,0,0,0,3,3,NA,NA,2,AFP111,"rpoS, rph, pflA, pflB, ldhA, ptsG","0,0,0,0,0,1",NA,NA,NA,NA,NA,NA,NA,NA,NA,NA,NA,succinate,4,6,4,0,118,NA,NA,NA,NA,1.07,NA,NA,101.2,1.89,NA,NA,NA
108,1,1,1,1,1,180.16,111.01243339253996,6,12,6,0,0,0,0,0,0,0,0,0,0,0,0,1,NA,YE,NA,2,SD110,"pflB, ldhA, ptsG","0,0,0",NA,NA,NA,NA,NA,NA,NA,NA,NA,NA,NA,succinate,4,6,4,0,118,NA,NA,NA,NA,0.63200000000000001,NA,NA,NA,0.39500000000000002,48,1.38,NA
108,1,1,1,2,1,180.16,111.01243339253996,6,12,6,0,0,0,0,0,0,0,0,0,0,0,0,1,NA,YE,NA,2,SD111,"pflB, ldhA, ptsG","0,0,0",ppc,0,1,0,4,0,0,0,0,0,0,succinate,4,6,4,0,118,NA,NA,NA,NA,0.85699999999999998,NA,NA,NA,0.47599999999999998,48,1.46,NA
108,1,1,1,3,1,180.16,111.01243339253996,6,12,6,0,0,0,0,0,0,0,0,0,0,0,0,1,NA,YE,NA,2,SD120,"pflB, ldhA, ptsG","0,0,0",NA,NA,NA,NA,NA,NA,NA,NA,NA,NA,NA,succinate,4,6,4,0,118,NA,NA,NA,NA,0.625,NA,NA,NA,0.379,48,1.33,NA
108,1,1,1,4,1,180.16,111.01243339253996,6,12,6,0,0,0,0,0,0,0,0,0,0,0,0,1,NA,YE,NA,2,SD121,"pflB, ldhA, ptsG","0,0,0",ppc,0,1,1,4,0,0,0,0,0,0,succinate,4,6,4,0,118,NA,NA,NA,NA,0.91,NA,NA,NA,0.50600000000000001,48,1.52,NA
108,1,1,1,5,12,150.13,133.21787783920601,5,10,5,0,0,0,0,0,0,0,0,0,0,0,0,1,NA,YE,NA,2,SD110,"pflB, ldhA, ptsG","0,0,0",NA,NA,NA,NA,NA,NA,NA,NA,NA,NA,NA,succinate,4,6,4,0,118,NA,NA,NA,NA,0.48199999999999998,NA,NA,NA,0.247,48,1.1599999999999999,NA
108,1,1,1,6,12,150.13,133.21787783920601,5,10,5,0,0,0,0,0,0,0,0,0,0,0,0,1,NA,YE,NA,2,SD111,"pflB, ldhA, ptsG","0,0,0",ppc,0,1,0,4,0,0,0,0,0,0,succinate,4,6,4,0,118,NA,NA,NA,NA,0.52600000000000002,NA,NA,NA,0.25,48,1.26,NA
108,1,1,1,7,12,150.13,133.21787783920601,5,10,5,0,0,0,0,0,0,0,0,0,0,0,0,1,NA,YE,NA,2,SD120,"pflB, ldhA, ptsG","0,0,0",NA,NA,NA,NA,NA,NA,NA,NA,NA,NA,NA,succinate,4,6,4,0,118,NA,NA,NA,NA,0.42899999999999999,NA,NA,NA,0.22600000000000001,48,1.1200000000000001,NA
108,1,1,1,8,12,150.13,133.21787783920601,5,10,5,0,0,0,0,0,0,0,0,0,0,0,0,1,NA,YE,NA,2,SD121,"pflB, ldhA, ptsG","0,0,0",ppc,0,1,1,4,0,0,0,0,0,0,succinate,4,6,4,0,118,NA,NA,NA,NA,0.55800000000000005,NA,NA,NA,0.26600000000000001,48,1.33,NA
108,1,1,1,9,17,150.13,133.21787783920601,5,10,5,0,0,0,0,0,0,0,0,0,0,0,0,1,NA,YE,NA,2,SD110,"pflB, ldhA, ptsG","0,0,0",NA,NA,NA,NA,NA,NA,NA,NA,NA,NA,NA,succinate,4,6,4,0,118,NA,NA,NA,NA,0.58799999999999997,NA,NA,NA,0.32700000000000001,48,1.21,NA
108,1,1,1,10,17,150.13,133.21787783920601,5,10,5,0,0,0,0,0,0,0,0,0,0,0,0,1,NA,YE,NA,2,SD111,"pflB, ldhA, ptsG","0,0,0",ppc,0,1,0,4,0,0,0,0,0,0,succinate,4,6,4,0,118,NA,NA,NA,NA,0.66300000000000003,NA,NA,NA,0.33200000000000002,48,1.28,NA
108,1,1,1,11,17,150.13,133.21787783920601,5,10,5,0,0,0,0,0,0,0,0,0,0,0,0,1,NA,YE,NA,2,SD120,"pflB, ldhA, ptsG","0,0,0",NA,NA,NA,NA,NA,NA,NA,NA,NA,NA,NA,succinate,4,6,4,0,118,NA,NA,NA,NA,0.57499999999999996,NA,NA,NA,0.311,48,1.23,NA
108,1,1,1,12,17,150.13,133.21787783920601,5,10,5,0,0,0,0,0,0,0,0,0,0,0,0,1,NA,YE,NA,2,SD121,"pflB, ldhA, ptsG","0,0,0",ppc,0,1,1,4,0,0,0,0,0,0,succinate,4,6,4,0,118,NA,NA,NA,NA,0.72199999999999998,NA,NA,NA,0.37,48,1.39,NA
108,1,1,1,13,1,180.16,55.506216696269981,6,12,6,12,150.13,66.608938919603006,5,10,5,0,0,0,0,0,0,1,NA,YE,NA,2,SD121,"pflB, ldhA, ptsG","0,0,0",ppc,0,1,1,4,0,0,0,0,0,0,succinate,4,6,4,0,118,NA,NA,NA,NA,0.69299999999999995,NA,NA,14.25,0.59399999999999997,NA,1.46,NA
108,1,1,1,14,1,180.16,111.01243339253996,6,12,6,12,150.13,133.21787783920601,5,10,5,0,0,0,0,0,0,1,NA,YE,NA,2,SD121,"pflB, ldhA, ptsG","0,0,0",ppc,0,1,1,4,0,0,0,0,0,0,succinate,4,6,4,0,118,NA,NA,NA,NA,0.72699999999999998,NA,NA,29.08,0.64600000000000002,NA,1.55,NA
108,1,1,1,15,1,180.16,166.51865008880995,6,12,6,12,150.13,199.82681675880903,5,10,5,0,0,0,0,0,0,1,NA,YE,NA,2,SD121,"pflB, ldhA, ptsG","0,0,0",ppc,0,1,1,4,0,0,0,0,0,0,succinate,4,6,4,0,118,NA,NA,NA,NA,0.68,NA,NA,40.81,0.61799999999999999,NA,1.32,NA
108,1,1,1,16,1,180.16,222.02486678507992,6,12,6,12,150.13,266.43575567841202,5,10,5,0,0,0,0,0,0,1,NA,YE,NA,2,SD121,"pflB, ldhA, ptsG","0,0,0",ppc,0,1,1,4,0,0,0,0,0,0,succinate,4,6,4,0,118,NA,NA,NA,NA,0.621,NA,NA,49.64,0.54,NA,1.25,NA
108,1,1,1,17,1,180.16,277.53108348134992,6,12,6,12,150.13,333.04469459801504,5,10,5,0,0,0,0,0,0,1,NA,YE,NA,2,SD121,"pflB, ldhA, ptsG","0,0,0",ppc,0,1,1,4,0,0,0,0,0,0,succinate,4,6,4,0,118,NA,NA,NA,NA,0.58599999999999997,NA,NA,58.6,0.505,NA,1.2,NA
109,1,1,1,1,1,180.16,111.01243339253998,6,12,6,0,0,0,0,0,0,0,0,0,0,0,0,1,NA,M9,30,NA,RB02 (yqeF+fucO+),"ilvG, rfb, rph, fadR, atoC, arcA, crp, adhE, pta, frdA","0,0,0,2,2,0,2,0,0,0","yqeF, fucO","0,0","1,1","0,0","15,0","0,0","0,0","0,0","0,0","0,0","0,0",butanol,4,10,1,0,74.12,NA,NA,NA,NA,0.182,NA,NA,1.85,NA,24,0.72,NA
109,1,1,1,2,1,180.16,111.01243339253998,6,12,6,0,0,0,0,0,0,0,0,0,0,0,0,1,NA,M9,30,NA,RB02 delta yqeF (fucO+),"ilvG, rfb, rph, fadR, atoC, arcA, crp, adhE, pta, frdA, yqeF","0,0,0,2,2,0,2,0,0,0,0",fucO,0,1,0,0,0,0,0,0,0,0,butanol,4,10,1,0,74.12,NA,NA,NA,NA,1.9E-2,NA,NA,0.1,NA,24,0.32,NA
109,1,1,1,3,1,180.16,111.01243339253998,6,12,6,0,0,0,0,0,0,0,0,0,0,0,0,1,NA,M9,30,NA,RB02 (fucO+),"ilvG, rfb, rph, fadR, atoC, arcA, crp, adhE, pta, frdA","0,0,0,2,2,0,2,0,0,0",fucO,0,1,0,0,0,0,0,0,0,0,butanol,4,10,1,0,74.12,NA,NA,NA,NA,6.3E-2,NA,NA,0.23,NA,24,0.41,NA
109,1,1,1,4,1,180.16,111.01243339253998,6,12,6,0,0,0,0,0,0,0,0,0,0,0,0,1,NA,M9,30,NA,RB02 delta yqeF (fucO+ yqeF+),"ilvG, rfb, rph, fadR, atoC, arcA, crp, adhE, pta, frdA, yqeF","0,0,0,2,2,0,2,0,0,0,0","yqeF, fucO","0,0","1,1","0,0","15,0","0,0","0,0","0,0","0,0","0,0","0,0",butanol,4,10,1,0,74.12,NA,NA,NA,NA,0.159,NA,NA,1.1100000000000001,NA,24,0.43,NA
109,1,1,1,5,1,180.16,111.01243339253998,6,12,6,0,0,0,0,0,0,0,0,0,0,0,0,1,NA,M9,30,NA,RB02 delta fadB (yqeF+ fucO+),"ilvG, rfb, rph, fadR, atoC, arcA, crp, adhE, pta, frdA, fadB","0,0,0,2,2,0,2,0,0,0,0","yqeF, fucO","0,0","1,1","0,0","15,0","0,0","0,0","0,0","0,0","0,0","0,0",butanol,4,10,1,0,74.12,NA,NA,NA,NA,NA,NA,NA,NA,NA,24,0.19,NA
109,1,1,1,6,1,180.16,111.01243339253998,6,12,6,0,0,0,0,0,0,0,0,0,0,0,0,1,NA,M9,30,NA,RB02 delta fadB (yqeF+ fadB+),"ilvG, rfb, rph, fadR, atoC, arcA, crp, adhE, pta, frdA, fadB","0,0,0,2,2,0,2,0,0,0,0","yqeF, fadB","0,0","1,1","0,0","15,0","0,0","0,0","0,0","0,0","0,0","0,0",butanol,4,10,1,0,74.12,NA,NA,NA,NA,0.157,NA,NA,0.92,NA,24,0.52,NA
109,1,1,1,7,1,180.16,111.01243339253998,6,12,6,0,0,0,0,0,0,0,0,0,0,0,0,1,NA,M9,30,NA,RB02 delta fadB (yqeF+),"ilvG, rfb, rph, fadR, atoC, arcA, crp, adhE, pta, frdA, fadB","0,0,0,2,2,0,2,0,0,0,0",yqeF,0,1,0,15,0,0,0,0,0,0,butanol,4,10,1,0,74.12,NA,NA,NA,NA,NA,NA,NA,NA,NA,24,0.11,NA
109,1,1,1,8,1,180.16,111.01243339253998,6,12,6,0,0,0,0,0,0,0,0,0,0,0,0,1,NA,M9,30,NA,RB02 deltaydiO (yqeF+ fucO+),"ilvG, rfb, rph, fadR, atoC, arcA, crp, adhE, pta, frdA, ydiO","0,0,0,2,2,0,2,0,0,0,0","yqeF, fucO","0,0","1,1","0,0","15,0","0,0","0,0","0,0","0,0","0,0","0,0",butanol,4,10,1,0,74.12,NA,NA,NA,NA,3.7999999999999999E-2,NA,NA,0.12,NA,24,0.18,NA
109,1,1,1,9,1,180.16,111.01243339253998,6,12,6,0,0,0,0,0,0,0,0,0,0,0,0,1,NA,M9,30,NA,RB02 delta ydiO (yqeF+ ydiO+),"ilvG, rfb, rph, fadR, atoC, arcA, crp, adhE, pta, frdA, ydiO","0,0,0,2,2,0,2,0,0,0,0","yqeF, ydiO","0,0","1,1","0,0","15,0","0,0","0,0","0,0","0,0","0,0","0,0",butanol,4,10,1,0,74.12,NA,NA,NA,NA,0.16300000000000001,NA,NA,0.97,NA,24,0.56999999999999995,NA
109,1,1,1,10,1,180.16,111.01243339253998,6,12,6,0,0,0,0,0,0,0,0,0,0,0,0,1,NA,M9,30,NA,RB02 delta ydiO (yqeF+),"ilvG, rfb, rph, fadR, atoC, arcA, crp, adhE, pta, frdA, ydiO","0,0,0,2,2,0,2,0,0,0,0",yqeF,0,1,0,15,0,0,0,0,0,0,butanol,4,10,1,0,74.12,NA,NA,NA,NA,1.7999999999999999E-2,NA,NA,0.1,NA,24,0.13,NA
109,1,1,1,11,1,180.16,111.01243339253998,6,12,6,0,0,0,0,0,0,0,0,0,0,0,0,1,NA,M9,30,NA,RB02 delta fucO (yqeF+),"ilvG, rfb, rph, fadR, atoC, arcA, crp, adhE, pta, frdA, fucO","0,0,0,2,2,0,2,0,0,0,0",yqeF,0,1,0,15,0,0,0,0,0,0,butanol,4,10,1,0,74.12,NA,NA,NA,NA,1.4999999999999999E-2,NA,NA,0.04,NA,24,0.38,NA
109,1,1,1,12,1,180.16,111.01243339253998,6,12,6,0,0,0,0,0,0,0,0,0,0,0,0,1,NA,M9,30,NA,RB02 delta fucO (yqeF+ fucO+),"ilvG, rfb, rph, fadR, atoC, arcA, crp, adhE, pta, frdA, fucO","0,0,0,2,2,0,2,0,0,0,0","yqeF, fucO","0,0","1,1","0,0","15,0","0,0","0,0","0,0","0,0","0,0","0,0",butanol,4,10,1,0,74.12,NA,NA,NA,NA,0.151,NA,NA,0.85,NA,24,0.51,NA
109,1,1,1,13,1,180.16,111.01243339253998,6,12,6,0,0,0,0,0,0,0,0,0,0,0,0,1,NA,M9,30,NA,RB02 (yqeF+),"ilvG, rfb, rph, fadR, atoC, arcA, crp, adhE, pta, frdA","0,0,0,2,2,0,2,0,0,0",yqeF,0,1,0,15,0,0,0,0,0,0,butanol,4,10,1,0,74.12,NA,NA,NA,NA,8.7999999999999995E-2,NA,NA,0.35,NA,24,0.68,NA
109,1,1,1,14,1,180.16,111.01243339253998,6,12,6,0,0,0,0,0,0,0,0,0,0,0,0,1,NA,M9,30,NA,RB02 delta mhpF (yqeF+ fucO+),"ilvG, rfb, rph, fadR, atoC, arcA, crp, adhE, pta, frdA, mhpF","0,0,0,2,2,0,2,0,0,0,0","yqeF, fucO","0,0","1,1","0,0","15,0","0,0","0,0","0,0","0,0","0,0","0,0",butanol,4,10,1,0,74.12,NA,NA,NA,NA,NA,NA,NA,NA,NA,24,7.0000000000000007E-2,NA
